-6.388850975781679153e-03,-1.737451367080211639e-02,8.131690621376037598e-01,-1.060475036501884460e-01,3.821098059415817261e-02,7.719103693962097168e-01,6.256582736968994141e-01,-7.038502097129821777e-01,2.306341081857681274e-01,1.207058429718017578e-01,3.261718153953552246e-01,3.534287214279174805e-02,-7.594266533851623535e-02,-4.417099356651306152e-01,-1.056249812245368958e-02,-9.602686762809753418e-02,5.461509227752685547e-01,-2.605306804180145264e-01,-2.782678045332431793e-02,1.648613512516021729e-01,1.547172851860523224e-02,5.199999809265136719e-01,-6.066086888313293457e-01,6.210991144180297852e-01,-1.794840209186077118e-02,1.807072460651397705e-01,-1.248477026820182800e-01,-1.695787906646728516e-01,5.576515197753906250e-01,-3.889082074165344238e-01,-4.888761043548583984e-01,4.292429983615875244e-01,8.475165367126464844e-01,2.052977383136749268e-01,-3.959595412015914917e-02,-1.400509476661682129e-01
-1.408594008535146713e-02,-2.588371746242046356e-02,8.090981245040893555e-01,-1.237700432538986206e-01,7.305994629859924316e-02,7.967863678932189941e-01,5.869196653366088867e-01,-7.660368680953979492e-01,1.497947573661804199e-01,8.587060868740081787e-02,4.265311360359191895e-01,-1.460299082100391388e-02,-6.341622769832611084e-02,-5.735017657279968262e-01,-6.551049649715423584e-02,-5.561117082834243774e-02,5.830300450325012207e-01,-2.442591935396194458e-01,-1.938081550179049373e-04,5.666341260075569153e-02,-1.763566210865974426e-02,5.199999809265136719e-01,-7.572069764137268066e-01,5.760365128517150879e-01,-9.371851384639739990e-02,3.922801017761230469e-01,-1.592447161674499512e-01,-2.356318384408950806e-01,5.735039710998535156e-01,-5.646368861198425293e-01,-4.421127736568450928e-01,4.738266468048095703e-01,1.023622632026672363e+00,2.694443762302398682e-01,-1.412930637598037720e-01,-1.205993443727493286e-01
-2.399280481040477753e-02,-3.345851600170135498e-02,8.019108176231384277e-01,-1.202358305454254150e-01,8.684921264648437500e-02,8.166198730468750000e-01,5.577926039695739746e-01,-7.417110204696655273e-01,1.047406718134880066e-01,8.387771248817443848e-02,5.382819175720214844e-01,-1.204927787184715271e-01,-3.915583342313766479e-02,-6.603100299835205078e-01,-1.073039770126342773e-01,-1.110014505684375763e-02,6.147410869598388672e-01,-2.274026572704315186e-01,1.845791563391685486e-02,-3.287643194198608398e-02,-1.485590357333421707e-02,5.199999809265136719e-01,-7.717620134353637695e-01,4.519633650779724121e-01,-1.617926508188247681e-01,5.314202904701232910e-01,-1.830841451883316040e-01,-2.214756011962890625e-01,5.429823398590087891e-01,-6.186782717704772949e-01,-4.161483645439147949e-01,4.843386709690093994e-01,1.058524608612060547e+00,2.714840769767761230e-01,-1.421172618865966797e-01,-1.267369836568832397e-01
-3.599942475557327271e-02,-3.703026100993156433e-02,7.864575982093811035e-01,-1.169335618615150452e-01,9.368118643760681152e-02,8.339154720306396484e-01,5.311641693115234375e-01,-7.165535688400268555e-01,8.147723972797393799e-02,9.539949148893356323e-02,6.434424519538879395e-01,-2.525770962238311768e-01,9.563355706632137299e-03,-7.545852065086364746e-01,-1.419005393981933594e-01,3.688890114426612854e-02,6.880066990852355957e-01,-2.494573742151260376e-01,3.291764482855796814e-02,-1.300774067640304565e-01,7.598999887704849243e-03,5.199999809265136719e-01,-7.763217091560363770e-01,2.841776013374328613e-01,-2.825147509574890137e-01,8.369128108024597168e-01,-2.054257541894912720e-01,-1.621750593185424805e-01,4.528263807296752930e-01,-6.773620843887329102e-01,-3.915750384330749512e-01,4.994741976261138916e-01,1.083953619003295898e+00,2.634678483009338379e-01,-1.237900480628013611e-01,-1.377311050891876221e-01
-4.794653877615928650e-02,-3.772367909550666809e-02,7.670853137969970703e-01,-1.193361505866050720e-01,8.968576043844223022e-02,8.424189090728759766e-01,5.177313089370727539e-01,-7.006151676177978516e-01,6.125907599925994873e-02,5.867392197251319885e-02,7.503489255905151367e-01,-4.265534281730651855e-01,5.921535193920135498e-02,-8.639609217643737793e-01,-1.444002240896224976e-01,1.033329442143440247e-01,8.434768319129943848e-01,-3.136630952358245850e-01,2.729146368801593781e-02,-2.128183394670486450e-01,4.196508228778839111e-02,5.199999809265136719e-01,-8.300513625144958496e-01,1.011883616447448730e-01,-4.244473874568939209e-01,1.125318884849548340e+00,-1.633485257625579834e-01,-1.028483808040618896e-01,3.223645091056823730e-01,-7.370506525039672852e-01,-4.036755561828613281e-01,5.058901309967041016e-01,1.128444075584411621e+00,2.995216548442840576e-01,-1.101194173097610474e-01,-1.015623956918716431e-01
-5.741507187485694885e-02,-3.629373013973236084e-02,7.489014863967895508e-01,-1.216295063495635986e-01,8.520594984292984009e-02,8.506941199302673340e-01,5.042476058006286621e-01,-7.051405310630798340e-01,5.675857886672019958e-02,3.720883652567863464e-02,8.282350897789001465e-01,-5.275871753692626953e-01,8.234348148107528687e-02,-9.432326555252075195e-01,-1.614912897348403931e-01,1.344056874513626099e-01,9.307196736335754395e-01,-3.311200439929962158e-01,2.963765338063240051e-02,-2.441243976354598999e-01,7.274133712053298950e-02,5.199999809265136719e-01,-8.448935151100158691e-01,1.237435359507799149e-02,-4.967520236968994141e-01,1.189564228057861328e+00,-1.270025521516799927e-01,-8.681588619947433472e-02,2.698318958282470703e-01,-7.420683503150939941e-01,-4.374332427978515625e-01,4.719763398170471191e-01,1.178106069564819336e+00,3.602270781993865967e-01,-9.960947185754776001e-02,-9.865783900022506714e-02
-6.255847960710525513e-02,-3.158547356724739075e-02,7.385068535804748535e-01,-1.227451935410499573e-01,8.042404800653457642e-02,8.598157763481140137e-01,4.890628457069396973e-01,-7.334676980972290039e-01,5.638126656413078308e-02,1.933510601520538330e-02,9.135259985923767090e-01,-5.902198553085327148e-01,8.467774838209152222e-02,-1.010026335716247559e+00,-1.859543621540069580e-01,1.611618697643280029e-01,9.589422345161437988e-01,-3.367458581924438477e-01,3.567818179726600647e-02,-2.363068014383316040e-01,1.215337291359901428e-01,5.199999809265136719e-01,-8.417964577674865723e-01,-6.040587276220321655e-02,-5.430690646171569824e-01,1.109099149703979492e+00,-7.954128831624984741e-02,-1.010605767369270325e-01,2.637115120887756348e-01,-6.885346174240112305e-01,-5.337663888931274414e-01,3.708437383174896240e-01,1.235347270965576172e+00,4.262289404869079590e-01,-9.966357052326202393e-02,-1.087989732623100281e-01
-6.325011700391769409e-02,-2.398507483303546906e-02,7.289333343505859375e-01,-1.281460970640182495e-01,8.091689646244049072e-02,8.634874224662780762e-01,4.810618460178375244e-01,-7.640327215194702148e-01,6.012380123138427734e-02,-2.755016088485717773e-03,9.753470420837402344e-01,-6.266708374023437500e-01,8.002921938896179199e-02,-1.061842918395996094e+00,-1.891689449548721313e-01,1.769599467515945435e-01,9.809969663619995117e-01,-3.196007907390594482e-01,4.681801050901412964e-02,-2.143085151910781860e-01,1.506857126951217651e-01,5.199999809265136719e-01,-8.196984529495239258e-01,-6.850393116474151611e-02,-5.608047246932983398e-01,9.801650643348693848e-01,-5.675335973501205444e-02,-1.180985867977142334e-01,2.841073572635650635e-01,-6.220648884773254395e-01,-6.216236352920532227e-01,2.654109299182891846e-01,1.255005359649658203e+00,4.964417815208435059e-01,-1.088375821709632874e-01,-1.280263364315032959e-01
-6.158542260527610779e-02,-1.519935391843318939e-02,7.179516553878784180e-01,-1.270038932561874390e-01,7.926141470670700073e-02,8.659709095954895020e-01,4.771603941917419434e-01,-7.902472019195556641e-01,7.498878240585327148e-02,-1.727033406496047974e-02,1.029743909835815430e+00,-6.075080037117004395e-01,6.160765886306762695e-02,-1.117413163185119629e+00,-2.034771442413330078e-01,1.567181795835494995e-01,1.002281427383422852e+00,-2.961737513542175293e-01,5.524993315339088440e-02,-1.810626536607742310e-01,1.722456067800521851e-01,5.199999809265136719e-01,-7.568466663360595703e-01,-1.122032664716243744e-02,-5.157492756843566895e-01,7.064225077629089355e-01,-5.292045697569847107e-02,-1.615197509527206421e-01,3.530857861042022705e-01,-4.882001578807830811e-01,-7.352159023284912109e-01,8.476956188678741455e-02,1.224529385566711426e+00,6.150155663490295410e-01,-1.268238276243209839e-01,-1.567950993776321411e-01
-5.927953869104385376e-02,-3.913340158760547638e-03,7.094448804855346680e-01,-1.334587037563323975e-01,8.445549011230468750e-02,8.640007376670837402e-01,4.780781865119934082e-01,-8.118346929550170898e-01,7.912799715995788574e-02,-3.551585599780082703e-02,1.063598036766052246e+00,-5.956225395202636719e-01,5.834418535232543945e-02,-1.172537326812744141e+00,-1.962331086397171021e-01,1.350373476743698120e-01,1.033644676208496094e+00,-2.681151628494262695e-01,5.499372631311416626e-02,-1.599363088607788086e-01,1.775953918695449829e-01,5.199999809265136719e-01,-6.698704361915588379e-01,6.796532124280929565e-02,-4.307941496372222900e-01,4.599624872207641602e-01,-6.676312536001205444e-02,-1.915892809629440308e-01,4.302605986595153809e-01,-3.348403573036193848e-01,-8.374326825141906738e-01,-9.047344326972961426e-02,1.104108452796936035e+00,7.104923129081726074e-01,-1.763793826103210449e-01,-2.169413417577743530e-01
-5.832559615373611450e-02,1.156688854098320007e-02,7.082464694976806641e-01,-1.350612491369247437e-01,9.454882889986038208e-02,8.583055734634399414e-01,4.859326183795928955e-01,-8.103460073471069336e-01,9.906972944736480713e-02,-1.296406053006649017e-02,1.083412408828735352e+00,-5.739334821701049805e-01,8.688426017761230469e-02,-1.219272494316101074e+00,-1.904907673597335815e-01,7.807877659797668457e-02,1.055257439613342285e+00,-2.453774362802505493e-01,5.196774378418922424e-02,-1.584087908267974854e-01,1.745625138282775879e-01,5.199999809265136719e-01,-5.631808638572692871e-01,1.734815686941146851e-01,-3.424021005630493164e-01,2.449509352445602417e-01,-7.889615744352340698e-02,-2.089074701070785522e-01,4.822227656841278076e-01,-1.635152548551559448e-01,-9.201133847236633301e-01,-2.807385623455047607e-01,8.754213452339172363e-01,7.476865649223327637e-01,-2.457431405782699585e-01,-2.850907146930694580e-01
-5.887953937053680420e-02,3.022262267768383026e-02,7.105200290679931641e-01,-1.314280182123184204e-01,1.047327145934104919e-01,8.489526510238647461e-01,5.010360479354858398e-01,-7.853022217750549316e-01,1.239599287509918213e-01,1.803149469196796417e-02,1.102251052856445312e+00,-5.310294032096862793e-01,1.052600741386413574e-01,-1.230724334716796875e+00,-1.832351088523864746e-01,3.222597390413284302e-02,1.051184892654418945e+00,-2.256122827529907227e-01,5.295018479228019714e-02,-1.890002042055130005e-01,1.618700474500656128e-01,5.199999809265136719e-01,-4.475340545177459717e-01,2.714183330535888672e-01,-2.415661662817001343e-01,1.159018278121948242e-01,-1.038066744804382324e-01,-2.247081845998764038e-01,5.063033699989318848e-01,-4.685818031430244446e-02,-9.640275835990905762e-01,-4.163878858089447021e-01,5.890297293663024902e-01,7.082599997520446777e-01,-2.987141013145446777e-01,-3.139424920082092285e-01
-6.071613729000091553e-02,4.934457316994667053e-02,7.148917913436889648e-01,-1.239774152636528015e-01,1.102803871035575867e-01,8.399348855018615723e-01,5.166983604431152344e-01,-7.503171563148498535e-01,1.410022825002670288e-01,3.263083472847938538e-02,1.132838726043701172e+00,-4.685287475585937500e-01,8.492974936962127686e-02,-1.215600490570068359e+00,-1.738309413194656372e-01,1.917159371078014374e-02,1.024422883987426758e+00,-2.220792919397354126e-01,5.619983002543449402e-02,-2.277382463216781616e-01,1.510126590728759766e-01,5.199999809265136719e-01,-3.697049915790557861e-01,3.331393003463745117e-01,-1.832797974348068237e-01,9.900387376546859741e-02,-1.084045693278312683e-01,-2.166357189416885376e-01,5.140515565872192383e-01,-9.890476241707801819e-03,-9.765776991844177246e-01,-5.002661347389221191e-01,3.733049631118774414e-01,6.653636097908020020e-01,-3.230705261230468750e-01,-3.316679298877716064e-01
-6.291125714778900146e-02,6.364135444164276123e-02,7.130776643753051758e-01,-1.274299770593643188e-01,1.160347461700439453e-01,8.332628607749938965e-01,5.253290534019470215e-01,-4.623743891716003418e-01,1.860307902097702026e-01,-2.965679625049233437e-03,1.018708586692810059e+00,-4.703195691108703613e-01,-1.644118316471576691e-02,-1.174193143844604492e+00,-2.119840383529663086e-01,-2.220590040087699890e-02,9.445840120315551758e-01,-2.178053706884384155e-01,7.686148583889007568e-02,-3.900282979011535645e-01,1.617584824562072754e-01,5.199999809265136719e-01,-2.250882089138031006e-01,4.231782853603363037e-01,-8.119831979274749756e-02,1.826952546834945679e-01,-1.017830818891525269e-01,-2.011406570672988892e-01,4.931326210498809814e-01,-4.057826846837997437e-02,-9.999073147773742676e-01,-5.838795304298400879e-01,-6.717888265848159790e-02,4.984708726406097412e-01,-3.233724534511566162e-01,-3.252415060997009277e-01
-6.889297068119049072e-02,8.161644637584686279e-02,6.978792548179626465e-01,-1.317589282989501953e-01,1.165196001529693604e-01,8.212442398071289062e-01,5.427896976470947266e-01,-3.338587284088134766e-01,2.044733017683029175e-01,2.480011805891990662e-02,1.015592694282531738e+00,-4.623245596885681152e-01,-3.413723781704902649e-02,-1.192486166954040527e+00,-1.787074059247970581e-01,-2.156590111553668976e-02,1.003276705741882324e+00,-2.580735981464385986e-01,5.924843624234199524e-02,-4.809952080249786377e-01,1.884318590164184570e-01,5.199999809265136719e-01,-1.465287208557128906e-01,4.865198135375976562e-01,-9.400828927755355835e-02,3.642451167106628418e-01,-1.184444129467010498e-01,-1.746391206979751587e-01,4.188501536846160889e-01,-1.690635383129119873e-01,-1.035887837409973145e+00,-5.511113405227661133e-01,-3.596970438957214355e-01,3.454546630382537842e-01,-3.046859204769134521e-01,-3.546541333198547363e-01
-7.487189024686813354e-02,9.417399019002914429e-02,6.888654232025146484e-01,-1.403143405914306641e-01,1.141818538308143616e-01,8.099437355995178223e-01,5.579117536544799805e-01,-2.354138195514678955e-01,2.076749950647354126e-01,8.802857995033264160e-02,1.040498018264770508e+00,-4.970247447490692139e-01,-2.631340175867080688e-02,-1.200506329536437988e+00,-1.228187829256057739e-01,4.998704884201288223e-03,1.028552174568176270e+00,-3.107480704784393311e-01,5.554651096463203430e-02,-5.827077627182006836e-01,2.304001003503799438e-01,5.199999809265136719e-01,-8.488681912422180176e-02,5.452098250389099121e-01,-2.211422473192214966e-01,5.918568372726440430e-01,-1.311973631381988525e-01,-1.300765275955200195e-01,2.545320093631744385e-01,-3.995984792709350586e-01,-1.064020037651062012e+00,-4.176416397094726562e-01,-5.868309140205383301e-01,3.017106950283050537e-01,-2.875342965126037598e-01,-3.515995144844055176e-01
-7.974155247211456299e-02,9.944895654916763306e-02,6.857305765151977539e-01,-1.409568786621093750e-01,1.121461018919944763e-01,8.019829392433166504e-01,5.695416927337646484e-01,-1.899274885654449463e-01,2.057848870754241943e-01,1.314509361982345581e-01,1.067968368530273438e+00,-5.268854498863220215e-01,-1.309218164533376694e-02,-1.205805897712707520e+00,-8.956532925367355347e-02,2.898520044982433319e-02,1.051874041557312012e+00,-3.403469324111938477e-01,4.892481490969657898e-02,-6.487815380096435547e-01,2.581217586994171143e-01,5.199999809265136719e-01,-5.050652846693992615e-02,5.721156597137451172e-01,-2.930659055709838867e-01,7.349439859390258789e-01,-1.045794188976287842e-01,-1.092981994152069092e-01,1.541835069656372070e-01,-5.648954510688781738e-01,-1.049823760986328125e+00,-2.690200209617614746e-01,-6.962793469429016113e-01,3.306898772716522217e-01,-2.748834788799285889e-01,-3.232502639293670654e-01
-8.058570325374603271e-02,9.301176667213439941e-02,6.836864948272705078e-01,-1.365614831447601318e-01,1.100302785634994507e-01,8.019300699234008789e-01,5.710976123809814453e-01,-1.768336892127990723e-01,2.020854353904724121e-01,1.646750271320343018e-01,1.083028554916381836e+00,-5.615373253822326660e-01,7.821189239621162415e-03,-1.207777857780456543e+00,-8.768735826015472412e-02,4.330474883317947388e-02,1.053767681121826172e+00,-3.321600556373596191e-01,5.634965375065803528e-02,-6.942402720451354980e-01,2.693744003772735596e-01,5.199999809265136719e-01,-3.973137587308883667e-02,5.824118852615356445e-01,-3.262444436550140381e-01,8.099600672721862793e-01,-7.671243697404861450e-02,-1.036396548151969910e-01,1.083031743764877319e-01,-6.237019896507263184e-01,-1.006698966026306152e+00,-1.718301922082901001e-01,-7.284528613090515137e-01,3.625583350658416748e-01,-2.745004594326019287e-01,-2.971088290214538574e-01
-8.303306996822357178e-02,9.159871190786361694e-02,6.813118457794189453e-01,-1.330980956554412842e-01,1.087593808770179749e-01,8.020754456520080566e-01,5.719539523124694824e-01,-1.831935644149780273e-01,2.039632201194763184e-01,1.986742764711380005e-01,1.095409750938415527e+00,-5.783337354660034180e-01,2.764933370053768158e-02,-1.205652236938476562e+00,-9.031330794095993042e-02,5.330271646380424500e-02,1.059100985527038574e+00,-3.105754852294921875e-01,7.397479563951492310e-02,-7.135120630264282227e-01,2.798119187355041504e-01,5.199999809265136719e-01,-3.759256005287170410e-02,5.974279642105102539e-01,-3.247581720352172852e-01,8.381078839302062988e-01,-5.935843288898468018e-02,-1.121096983551979065e-01,8.784776926040649414e-02,-6.077857017517089844e-01,-9.779925346374511719e-01,-1.103603914380073547e-01,-7.120277285575866699e-01,3.742675781250000000e-01,-2.653571069240570068e-01,-2.525732815265655518e-01
-7.868760824203491211e-02,8.399676531553268433e-02,6.783179640769958496e-01,-1.208905726671218872e-01,1.060675308108329773e-01,8.051329255104064941e-01,5.708731412887573242e-01,-2.032687813043594360e-01,2.195683866739273071e-01,2.353978306055068970e-01,1.107353091239929199e+00,-5.935494899749755859e-01,4.606290534138679504e-02,-1.204074144363403320e+00,-1.026191264390945435e-01,5.688604712486267090e-02,1.068758726119995117e+00,-2.382447868585586548e-01,1.075560003519058228e-01,-7.137869000434875488e-01,2.977865636348724365e-01,5.199999809265136719e-01,-4.295793175697326660e-02,6.428214907646179199e-01,-2.518015801906585693e-01,7.897863388061523438e-01,-4.000240191817283630e-02,-1.338553726673126221e-01,1.262443065643310547e-01,-4.228309094905853271e-01,-9.151226878166198730e-01,-8.621390163898468018e-02,-5.771763920783996582e-01,4.005145132541656494e-01,-2.362550497055053711e-01,-2.075017988681793213e-01
-7.930642366409301758e-02,7.874583452939987183e-02,6.824898123741149902e-01,-1.140130162239074707e-01,9.957963973283767700e-02,8.054428696632385254e-01,5.730154514312744141e-01,-2.142643183469772339e-01,2.220042645931243896e-01,2.387951016426086426e-01,1.106839895248413086e+00,-5.971814990043640137e-01,5.233950912952423096e-02,-1.188179492950439453e+00,-9.793869405984878540e-02,6.478791683912277222e-02,1.058814525604248047e+00,-1.808035075664520264e-01,1.284584552049636841e-01,-6.798539161682128906e-01,3.084326088428497314e-01,5.199999809265136719e-01,-7.199791818857192993e-02,6.756358146667480469e-01,-1.965577155351638794e-01,7.562536597251892090e-01,-6.424334645271301270e-02,-1.459218263626098633e-01,1.624147593975067139e-01,-3.245230615139007568e-01,-8.728548288345336914e-01,-6.136514618992805481e-02,-4.481067657470703125e-01,3.910070657730102539e-01,-2.193648070096969604e-01,-1.752716153860092163e-01
-7.131284475326538086e-02,7.075625658035278320e-02,6.870910525321960449e-01,-9.693890810012817383e-02,9.084292501211166382e-02,8.124184608459472656e-01,5.677382349967956543e-01,-2.135525196790695190e-01,2.491592615842819214e-01,2.609967887401580811e-01,1.081966280937194824e+00,-5.943657159805297852e-01,4.995004460215568542e-02,-1.158637642860412598e+00,-1.317989826202392578e-01,3.223042562603950500e-02,1.053312659263610840e+00,-1.290033757686614990e-01,1.394659578800201416e-01,-6.064525246620178223e-01,3.192337453365325928e-01,5.199999809265136719e-01,-1.609895974397659302e-01,7.351144552230834961e-01,-1.102080717682838440e-01,6.703415513038635254e-01,-1.281063407659530640e-01,-1.747216731309890747e-01,2.433003783226013184e-01,-2.413277029991149902e-01,-8.385831713676452637e-01,1.522651035338640213e-02,-8.420925587415695190e-02,3.915832340717315674e-01,-1.710709482431411743e-01,-1.536895483732223511e-01
-6.251892447471618652e-02,6.278412044048309326e-02,6.907749772071838379e-01,-8.370816707611083984e-02,8.583848923444747925e-02,8.176227807998657227e-01,5.631320476531982422e-01,-2.024283409118652344e-01,2.321567535400390625e-01,2.272546291351318359e-01,1.064820766448974609e+00,-6.041175723075866699e-01,2.621045522391796112e-02,-1.138157129287719727e+00,-1.674907505512237549e-01,-5.783203057944774628e-03,1.043243288993835449e+00,-8.338578790426254272e-02,1.311928778886795044e-01,-5.219870209693908691e-01,3.220797479152679443e-01,5.199999809265136719e-01,-2.929918467998504639e-01,7.901720404624938965e-01,-7.132504880428314209e-02,6.178397536277770996e-01,-1.794079542160034180e-01,-1.890694051980972290e-01,2.876437008380889893e-01,-3.031216561794281006e-01,-7.801420688629150391e-01,9.672244638204574585e-02,3.488701581954956055e-01,4.160617887973785400e-01,-1.217180043458938599e-01,-1.497947722673416138e-01
-6.738790869712829590e-02,6.518740952014923096e-02,7.017367482185363770e-01,-7.532637566328048706e-02,7.779349386692047119e-02,8.155121207237243652e-01,5.685192346572875977e-01,-2.315354943275451660e-01,2.456221431493759155e-01,2.223962545394897461e-01,1.072350621223449707e+00,-5.492944121360778809e-01,8.581554517149925232e-03,-1.111901760101318359e+00,-1.794775724411010742e-01,-2.478235960006713867e-02,1.052282333374023438e+00,-8.326344937086105347e-02,1.124957725405693054e-01,-4.678363204002380371e-01,3.161705434322357178e-01,5.199999809265136719e-01,-3.841665983200073242e-01,8.522362112998962402e-01,-7.958254218101501465e-02,6.022423505783081055e-01,-1.852358430624008179e-01,-1.827865839004516602e-01,2.816613316535949707e-01,-3.747557401657104492e-01,-7.388252615928649902e-01,1.309578865766525269e-01,6.223142743110656738e-01,4.388808608055114746e-01,-1.014933362603187561e-01,-1.247016191482543945e-01
-7.220281660556793213e-02,6.661774218082427979e-02,7.093827724456787109e-01,-5.838855728507041931e-02,6.796463578939437866e-02,8.176739215850830078e-01,5.686659216880798340e-01,-2.409125864505767822e-01,2.538169324398040771e-01,2.114180922508239746e-01,1.091606497764587402e+00,-4.984590411186218262e-01,-1.406568847596645355e-02,-1.073729515075683594e+00,-2.330878973007202148e-01,-7.181771844625473022e-02,1.073150157928466797e+00,-8.645452558994293213e-02,8.489917963743209839e-02,-3.922457098960876465e-01,3.109325766563415527e-01,5.199999809265136719e-01,-5.289891362190246582e-01,9.303373098373413086e-01,-1.051326543092727661e-01,5.603835582733154297e-01,-1.742726415395736694e-01,-1.801391243934631348e-01,2.807095646858215332e-01,-4.533742666244506836e-01,-7.175156474113464355e-01,1.369563043117523193e-01,9.599233865737915039e-01,4.714290201663970947e-01,-3.397506475448608398e-02,-8.110453188419342041e-02
-7.612130045890808105e-02,6.731523573398590088e-02,7.110673785209655762e-01,-5.288329720497131348e-02,5.966163426637649536e-02,8.196091055870056152e-01,5.673488974571228027e-01,-2.643609046936035156e-01,2.690885663032531738e-01,2.082798480987548828e-01,1.104701042175292969e+00,-5.181725025177001953e-01,5.998425185680389404e-04,-1.043996453285217285e+00,-2.524876296520233154e-01,-9.654750674962997437e-02,1.071944594383239746e+00,-1.159192249178886414e-01,8.399103581905364990e-02,-3.556806743144989014e-01,2.953498363494873047e-01,5.199999809265136719e-01,-6.197808384895324707e-01,9.941942691802978516e-01,-1.093063578009605408e-01,5.033392310142517090e-01,-1.481732726097106934e-01,-1.824773401021957397e-01,2.926883995532989502e-01,-4.549314379692077637e-01,-7.203489542007446289e-01,9.172886610031127930e-02,1.082142591476440430e+00,5.070773363113403320e-01,-2.588962018489837646e-02,-6.451363861560821533e-02
-7.930023968219757080e-02,6.643949449062347412e-02,7.139002680778503418e-01,-5.576126649975776672e-02,5.344908311963081360e-02,8.176171183586120605e-01,5.705577135086059570e-01,-2.923908829689025879e-01,2.801197171211242676e-01,2.029957771301269531e-01,1.088559508323669434e+00,-5.560438036918640137e-01,2.357543818652629852e-02,-1.026486039161682129e+00,-2.411985844373703003e-01,-1.079207733273506165e-01,1.048947334289550781e+00,-1.508731544017791748e-01,9.946946799755096436e-02,-3.383472561836242676e-01,2.704583108425140381e-01,5.199999809265136719e-01,-6.907418370246887207e-01,1.051138281822204590e+00,-1.005402132868766785e-01,4.385293424129486084e-01,-1.305570602416992188e-01,-1.888693720102310181e-01,3.319668471813201904e-01,-4.181455671787261963e-01,-7.195625305175781250e-01,3.536228463053703308e-02,1.099625468254089355e+00,5.420545935630798340e-01,-4.945252835750579834e-02,-7.591727375984191895e-02
-8.246621489524841309e-02,6.446836888790130615e-02,7.187591195106506348e-01,-6.210553273558616638e-02,5.045763775706291199e-02,8.142997622489929199e-01,5.749024748802185059e-01,-3.175880610942840576e-01,2.850100100040435791e-01,2.004975825548171997e-01,1.065704107284545898e+00,-5.668712258338928223e-01,3.415816649794578552e-02,-1.016734838485717773e+00,-2.312476336956024170e-01,-1.245813220739364624e-01,1.012354850769042969e+00,-1.787040084600448608e-01,1.214796900749206543e-01,-3.243077993392944336e-01,2.377363592386245728e-01,5.168389678001403809e-01,-7.412729263305664062e-01,1.100237250328063965e+00,-7.516118884086608887e-02,3.614796400070190430e-01,-9.437447786331176758e-02,-1.947396695613861084e-01,3.892457485198974609e-01,-3.446398973464965820e-01,-7.071301937103271484e-01,-4.300071299076080322e-02,1.051597237586975098e+00,5.648239254951477051e-01,-8.979327231645584106e-02,-1.130595505237579346e-01
-8.389994502067565918e-02,4.439509660005569458e-02,7.213562130928039551e-01,-6.652577221393585205e-02,4.640794172883033752e-02,8.082806468009948730e-01,5.831834673881530762e-01,-3.352637290954589844e-01,2.593923807144165039e-01,1.805144995450973511e-01,1.014875888824462891e+00,-6.276313066482543945e-01,5.177486687898635864e-02,-1.013477325439453125e+00,-2.204197049140930176e-01,-1.463635265827178955e-01,9.321915507316589355e-01,-1.341985911130905151e-01,1.552812159061431885e-01,-3.276404142379760742e-01,1.867890059947967529e-01,5.136282444000244141e-01,-7.697859406471252441e-01,1.153607368469238281e+00,-3.213655948638916016e-02,2.715654373168945312e-01,-3.413773700594902039e-02,-1.977705061435699463e-01,4.508430063724517822e-01,-2.437501102685928345e-01,-6.980599761009216309e-01,-1.182623356580734253e-01,9.628015756607055664e-01,5.634214282035827637e-01,-1.409698277711868286e-01,-1.391732096672058105e-01
-8.990386128425598145e-02,3.441609442234039307e-02,7.250987291336059570e-01,-6.251244246959686279e-02,4.640137031674385071e-02,8.063489794731140137e-01,5.862937569618225098e-01,-3.270311653614044189e-01,2.223054915666580200e-01,1.722900271415710449e-01,9.759610295295715332e-01,-6.358876824378967285e-01,5.634350329637527466e-02,-9.717524647712707520e-01,-2.344666272401809692e-01,-1.669042110443115234e-01,8.398489952087402344e-01,-7.933233678340911865e-02,1.701397597789764404e-01,-3.472576737403869629e-01,1.395988464355468750e-01,5.118008852005004883e-01,-7.888143658638000488e-01,1.171856403350830078e+00,-1.285289973020553589e-02,2.087272107601165771e-01,-1.786880195140838623e-02,-2.034436464309692383e-01,4.879002869129180908e-01,-1.766659021377563477e-01,-6.802403926849365234e-01,-1.590631157159805298e-01,9.001688361167907715e-01,5.756039619445800781e-01,-1.644403040409088135e-01,-1.470716595649719238e-01
-9.470807015895843506e-02,3.069318085908889771e-02,7.360920310020446777e-01,-6.131727993488311768e-02,3.769773989915847778e-02,8.044512271881103516e-01,5.896416306495666504e-01,-2.812736034393310547e-01,2.131146192550659180e-01,1.669267117977142334e-01,8.939713239669799805e-01,-6.121789813041687012e-01,5.072804167866706848e-02,-1.014904618263244629e+00,-2.550618052482604980e-01,-2.178949266672134399e-01,8.303619027137756348e-01,-2.370913699269294739e-02,1.485976725816726685e-01,-3.693846762180328369e-01,1.112815141677856445e-01,5.149670839309692383e-01,-8.001374006271362305e-01,1.182353854179382324e+00,5.693366285413503647e-03,1.485242098569869995e-01,-6.006876006722450256e-03,-2.144097089767456055e-01,5.241192579269409180e-01,-9.966322034597396851e-02,-6.511048078536987305e-01,-1.955656409263610840e-01,8.250941634178161621e-01,5.807404518127441406e-01,-1.885058283805847168e-01,-1.518606096506118774e-01
-9.721198678016662598e-02,2.806032635271549225e-02,7.455722689628601074e-01,-6.682401895523071289e-02,3.260284662246704102e-02,7.982084155082702637e-01,5.977749824523925781e-01,-2.407642751932144165e-01,2.172944843769073486e-01,1.783003360033035278e-01,7.981609106063842773e-01,-6.010128855705261230e-01,5.381532385945320129e-02,-9.837937951087951660e-01,-2.664735615253448486e-01,-2.603269219398498535e-01,8.225156664848327637e-01,-7.573990616947412491e-03,1.493604779243469238e-01,-3.944183886051177979e-01,8.088694512844085693e-02,5.070509910583496094e-01,-8.175186514854431152e-01,1.186842679977416992e+00,3.797302767634391785e-02,5.754021927714347839e-02,1.829622872173786163e-02,-2.326714545488357544e-01,5.570136308670043945e-01,-2.418196946382522583e-02,-6.293420195579528809e-01,-2.382145971059799194e-01,7.106750011444091797e-01,5.823796391487121582e-01,-2.217941880226135254e-01,-1.479425728321075439e-01
-1.018518134951591492e-01,4.109375551342964172e-02,7.556829452514648438e-01,-7.685361057519912720e-02,2.934662066400051117e-02,7.879249453544616699e-01,6.102512478828430176e-01,-1.810213178396224976e-01,2.316234409809112549e-01,2.020884156227111816e-01,6.960036754608154297e-01,-5.653871893882751465e-01,4.940534383058547974e-02,-9.467929601669311523e-01,-2.868440449237823486e-01,-3.172665238380432129e-01,8.595076799392700195e-01,-1.236606668680906296e-02,1.355955451726913452e-01,-4.117278456687927246e-01,6.372758746147155762e-02,4.981994330883026123e-01,-8.287308812141418457e-01,1.164934158325195312e+00,6.526220589876174927e-02,-2.604661509394645691e-02,3.552821651101112366e-02,-2.510148584842681885e-01,5.779489278793334961e-01,4.174949973821640015e-02,-6.199700832366943359e-01,-2.617773115634918213e-01,5.650016665458679199e-01,5.684207081794738770e-01,-2.429149895906448364e-01,-1.274038106203079224e-01
-1.064491271972656250e-01,4.349184036254882812e-02,7.632911205291748047e-01,-8.579276502132415771e-02,2.419254556298255920e-02,7.677039504051208496e-01,6.345745921134948730e-01,-1.148649752140045166e-01,2.161491215229034424e-01,1.723967045545578003e-01,5.752943158149719238e-01,-5.470866560935974121e-01,3.977737575769424438e-02,-8.834824562072753906e-01,-2.797783017158508301e-01,-3.539949953556060791e-01,9.416226148605346680e-01,-4.538522288203239441e-02,1.149009242653846741e-01,-4.152903556823730469e-01,6.289119273424148560e-02,4.862028956413269043e-01,-8.061747550964355469e-01,1.121583819389343262e+00,1.353631317615509033e-01,-1.374221891164779663e-01,8.817818760871887207e-02,-2.544802427291870117e-01,5.969824790954589844e-01,1.446109712123870850e-01,-6.131845116615295410e-01,-3.153297603130340576e-01,2.665987610816955566e-01,5.351634025573730469e-01,-2.760284245014190674e-01,-1.104086413979530334e-01
-1.088985875248908997e-01,5.511359125375747681e-02,7.700496912002563477e-01,-9.670025110244750977e-02,2.098236791789531708e-02,7.527633309364318848e-01,6.508119702339172363e-01,-7.186541706323623657e-02,2.243635654449462891e-01,1.639119237661361694e-01,5.096848607063293457e-01,-5.041388273239135742e-01,4.452193900942802429e-02,-8.165907263755798340e-01,-2.664122283458709717e-01,-3.687113523483276367e-01,9.806752204895019531e-01,-8.640434592962265015e-02,9.356735646724700928e-02,-4.193570017814636230e-01,7.213018089532852173e-02,4.647620320320129395e-01,-7.889335751533508301e-01,1.099969625473022461e+00,1.464397907257080078e-01,-1.772018820047378540e-01,7.965119928121566772e-02,-2.712595164775848389e-01,5.803143978118896484e-01,1.720340996980667114e-01,-6.385848522186279297e-01,-3.382920622825622559e-01,1.342515051364898682e-01,5.243012309074401855e-01,-2.901318669319152832e-01,-8.183291554450988770e-02
-1.099062412977218628e-01,7.290978729724884033e-02,7.744038105010986328e-01,-1.003256812691688538e-01,2.666825242340564728e-02,7.319451570510864258e-01,6.734091043472290039e-01,-2.357417903840541840e-02,2.124584764242172241e-01,1.747966855764389038e-01,4.650974273681640625e-01,-4.470683634281158447e-01,5.304376780986785889e-02,-7.245866060256958008e-01,-2.553627192974090576e-01,-3.669071197509765625e-01,9.986282587051391602e-01,-1.403554975986480713e-01,6.983862817287445068e-02,-4.235861301422119141e-01,8.602385222911834717e-02,4.189670681953430176e-01,-7.581546306610107422e-01,1.091210365295410156e+00,1.666796803474426270e-01,-2.330842614173889160e-01,7.355239987373352051e-02,-2.846427857875823975e-01,5.523012876510620117e-01,2.129134386777877808e-01,-7.009855508804321289e-01,-3.907015919685363770e-01,-5.617132410407066345e-02,4.961714148521423340e-01,-3.016803860664367676e-01,-6.034953892230987549e-02
-1.090450137853622437e-01,9.769086539745330811e-02,7.747264504432678223e-01,-9.836771339178085327e-02,3.930531442165374756e-02,7.112511396408081055e-01,6.949105858802795410e-01,2.531549148261547089e-02,1.893789768218994141e-01,2.127629220485687256e-01,4.375891089439392090e-01,-3.888812959194183350e-01,6.179964914917945862e-02,-6.294720768928527832e-01,-2.584948837757110596e-01,-3.779555857181549072e-01,9.300926327705383301e-01,-1.858068257570266724e-01,5.159079656004905701e-02,-4.204197227954864502e-01,9.745950996875762939e-02,3.660565614700317383e-01,-7.045894861221313477e-01,1.135811328887939453e+00,1.710037738084793091e-01,-2.576279640197753906e-01,8.091549575328826904e-02,-2.904048860073089600e-01,5.298325419425964355e-01,2.314585447311401367e-01,-7.914881706237792969e-01,-4.580617249011993408e-01,-1.961376070976257324e-01,4.523113965988159180e-01,-3.165400028228759766e-01,-5.898582190275192261e-02
-1.070759221911430359e-01,1.263581365346908569e-01,7.725757360458374023e-01,-9.059393405914306641e-02,4.929075017571449280e-02,6.860616803169250488e-01,7.201961874961853027e-01,6.972184032201766968e-02,1.666035354137420654e-01,2.619061768054962158e-01,4.616194069385528564e-01,-3.225224316120147705e-01,6.278572231531143188e-02,-5.728589892387390137e-01,-2.612591981887817383e-01,-3.939350545406341553e-01,8.569684028625488281e-01,-2.177557498216629028e-01,4.180425778031349182e-02,-4.103793799877166748e-01,1.088971048593521118e-01,3.310834765434265137e-01,-6.003877520561218262e-01,1.223643422126770020e+00,1.849885284900665283e-01,-2.023418396711349487e-01,2.355928905308246613e-02,-2.943477630615234375e-01,5.023071765899658203e-01,2.452335357666015625e-01,-9.352039694786071777e-01,-5.515506863594055176e-01,-2.993065416812896729e-01,4.282912313938140869e-01,-3.113519251346588135e-01,-6.739604473114013672e-02
-1.050868853926658630e-01,1.382664293050765991e-01,7.711004018783569336e-01,-8.239055424928665161e-02,4.961935430765151978e-02,6.641382575035095215e-01,7.413973808288574219e-01,7.347208261489868164e-02,1.648764312267303467e-01,2.933763265609741211e-01,5.509963035583496094e-01,-2.671109735965728760e-01,4.634479433298110962e-02,-5.446923971176147461e-01,-2.541480958461761475e-01,-3.589651286602020264e-01,8.278732895851135254e-01,-2.714761495590209961e-01,3.772677108645439148e-02,-3.921162188053131104e-01,1.208197697997093201e-01,3.198115527629852295e-01,-4.686871170997619629e-01,1.283028721809387207e+00,2.081753462553024292e-01,-7.978631556034088135e-02,-6.260056793689727783e-02,-3.023891448974609375e-01,4.430406987667083740e-01,2.245981395244598389e-01,-1.109400629997253418e+00,-6.121168732643127441e-01,-3.305439352989196777e-01,3.886175453662872314e-01,-2.874621450901031494e-01,-8.512618392705917358e-02
-1.036379784345626831e-01,1.497057974338531494e-01,7.564716935157775879e-01,-4.654411599040031433e-02,5.621499195694923401e-02,6.249739527702331543e-01,7.772265076637268066e-01,-1.781447790563106537e-02,1.426425129175186157e-01,3.116017580032348633e-01,9.258549809455871582e-01,-2.741395533084869385e-01,-1.330683846026659012e-02,-5.547713637351989746e-01,-2.867133319377899170e-01,-2.816763520240783691e-01,8.582216501235961914e-01,-3.293373882770538330e-01,2.634201571345329285e-02,-3.643688559532165527e-01,1.096926927566528320e-01,3.556327819824218750e-01,-1.731071472167968750e-01,1.435016512870788574e+00,2.396397888660430908e-01,3.477203547954559326e-01,-2.578989863395690918e-01,-2.562101185321807861e-01,1.888180822134017944e-01,2.068748921155929565e-01,-1.448635578155517578e+00,-7.041012048721313477e-01,-2.736828327178955078e-01,3.459361195564270020e-01,-2.056028395891189575e-01,-2.026280388236045837e-02
-1.074063330888748169e-01,1.693102717399597168e-01,7.550863623619079590e-01,-3.582681715488433838e-02,4.879290983080863953e-02,5.974478721618652344e-01,7.996197342872619629e-01,-1.283046156167984009e-01,1.660979390144348145e-01,3.289404511451721191e-01,1.161031603813171387e+00,-2.924005091190338135e-01,-5.385023076087236404e-03,-5.567145347595214844e-01,-2.875215709209442139e-01,-2.406068891286849976e-01,9.005799293518066406e-01,-3.173463940620422363e-01,4.091285169124603271e-02,-3.275969624519348145e-01,1.101074740290641785e-01,3.955329954624176025e-01,-9.425872005522251129e-03,1.434937000274658203e+00,2.632579207420349121e-01,4.957663416862487793e-01,-2.723209559917449951e-01,-2.266664803028106689e-01,7.735330611467361450e-02,1.612228006124496460e-01,-1.590046882629394531e+00,-7.226918339729309082e-01,-2.449103146791458130e-01,2.975065112113952637e-01,-1.869367212057113647e-01,-6.433172523975372314e-02
-1.127418279647827148e-01,1.686946004629135132e-01,7.545052170753479004e-01,-2.570988982915878296e-02,4.467766359448432922e-02,5.723595023155212402e-01,8.183810114860534668e-01,-3.123266398906707764e-01,2.032738924026489258e-01,3.213166296482086182e-01,1.379004955291748047e+00,-3.498742580413818359e-01,-8.489493280649185181e-03,-5.884876847267150879e-01,-2.665455937385559082e-01,-1.759012937545776367e-01,9.303194880485534668e-01,-3.165048658847808838e-01,6.020224466919898987e-02,-2.878903746604919434e-01,1.046704873442649841e-01,4.698042273521423340e-01,1.628710180521011353e-01,1.334479928016662598e+00,2.259581387042999268e-01,6.318889260292053223e-01,-2.230866551399230957e-01,-1.824849247932434082e-01,-2.259737811982631683e-02,8.820164203643798828e-02,-1.681453347206115723e+00,-7.012033462524414062e-01,-2.119205594062805176e-01,2.564469575881958008e-01,-1.719079911708831787e-01,-1.187037453055381775e-01
-1.184255555272102356e-01,1.825987398624420166e-01,7.551356554031372070e-01,-2.446954324841499329e-02,4.950874298810958862e-02,5.509365797042846680e-01,8.327178359031677246e-01,-5.250064730644226074e-01,2.543708086013793945e-01,2.950650155544281006e-01,1.494324207305908203e+00,-4.103024303913116455e-01,-4.576417151838541031e-03,-6.430782675743103027e-01,-2.718243002891540527e-01,-1.473566591739654541e-01,9.833256602287292480e-01,-2.949643731117248535e-01,5.749896541237831116e-02,-2.278070896863937378e-01,8.484950661659240723e-02,4.865889251232147217e-01,1.700656861066818237e-01,1.251712083816528320e+00,1.331755816936492920e-01,6.982421278953552246e-01,-1.580393314361572266e-01,-1.627089232206344604e-01,-2.995875850319862366e-02,5.779513623565435410e-03,-1.681341767311096191e+00,-6.199205517768859863e-01,-2.193399518728256226e-01,1.816169023513793945e-01,-1.778064966201782227e-01,-2.141917645931243896e-01
-1.226224899291992188e-01,1.779411137104034424e-01,7.537153959274291992e-01,-1.097942702472209930e-02,6.377863138914108276e-02,5.337078571319580078e-01,8.431890010833740234e-01,-7.955750823020935059e-01,3.614426851272583008e-01,2.420033663511276245e-01,1.438681125640869141e+00,-4.040854275226593018e-01,1.974639482796192169e-02,-7.038345932960510254e-01,-3.115234673023223877e-01,-1.494034677743911743e-01,1.016064524650573730e+00,-3.271504044532775879e-01,2.926704846322536469e-02,-1.300405710935592651e-01,1.630882360041141510e-02,5.183634161949157715e-01,-5.615479871630668640e-02,1.033244252204895020e+00,-7.195194065570831299e-02,8.441945314407348633e-01,-6.447204202413558960e-02,-1.615947335958480835e-01,7.978569716215133667e-02,-2.908532023429870605e-01,-1.516630649566650391e+00,-2.517494261264801025e-01,-1.540682315826416016e-01,5.793452635407447815e-02,-2.081191390752792358e-01,-2.754193246364593506e-01
-1.244174838066101074e-01,1.951365172863006592e-01,7.498407363891601562e-01,-8.739497512578964233e-03,7.226296514272689819e-02,5.219935178756713867e-01,8.498378992080688477e-01,-9.369103312492370605e-01,3.842342793941497803e-01,2.032103985548019409e-01,1.325665354728698730e+00,-3.892033994197845459e-01,1.492190174758434296e-02,-7.326750755310058594e-01,-3.183697760105133057e-01,-1.305468976497650146e-01,1.054236650466918945e+00,-3.710061013698577881e-01,2.623179554939270020e-02,-8.072459697723388672e-02,-3.856755048036575317e-02,5.199999809265136719e-01,-1.390880197286605835e-01,9.356060624122619629e-01,-1.386960744857788086e-01,9.003552794456481934e-01,-1.741921529173851013e-02,-1.662381291389465332e-01,1.384737044572830200e-01,-4.870241582393646240e-01,-1.407815217971801758e+00,-2.244740165770053864e-02,-7.718072086572647095e-02,-4.180823452770709991e-03,-2.181127369403839111e-01,-3.422278761863708496e-01
-1.251052170991897583e-01,1.994016021490097046e-01,7.399719953536987305e-01,-8.276604115962982178e-03,7.539764791727066040e-02,5.160756111145019531e-01,8.531779646873474121e-01,-1.045853018760681152e+00,3.906365931034088135e-01,1.523178070783615112e-01,9.993464946746826172e-01,-2.881077826023101807e-01,-7.199879735708236694e-03,-7.629560232162475586e-01,-3.042623102664947510e-01,-1.364121884107589722e-01,1.149130821228027344e+00,-4.704434871673583984e-01,-3.729775082319974899e-03,9.447695687413215637e-03,-8.864318579435348511e-02,5.199999809265136719e-01,-3.486892282962799072e-01,7.342131733894348145e-01,-2.657103240489959717e-01,1.009256958961486816e+00,-3.009784221649169922e-02,-1.779869198799133301e-01,2.052638083696365356e-01,-6.315469145774841309e-01,-1.094341754913330078e+00,2.135086506605148315e-01,1.492141038179397583e-01,5.371587723493576050e-02,-2.353243529796600342e-01,-3.998895585536956787e-01
-1.258404552936553955e-01,2.114615589380264282e-01,7.197646498680114746e-01,-1.856980659067630768e-02,7.954213768243789673e-02,5.103684067726135254e-01,8.560678958892822266e-01,-1.084269165992736816e+00,3.935472369194030762e-01,9.260542690753936768e-02,7.961174845695495605e-01,-1.609878093004226685e-01,-5.326890945434570312e-02,-7.708545923233032227e-01,-2.617652714252471924e-01,-1.212493479251861572e-01,1.221570968627929688e+00,-5.479182004928588867e-01,-7.004247978329658508e-03,7.440984249114990234e-02,-1.005680784583091736e-01,5.199999809265136719e-01,-4.154401719570159912e-01,6.439096927642822266e-01,-2.932220101356506348e-01,1.028755187988281250e+00,-5.618162453174591064e-02,-1.807550638914108276e-01,2.351095080375671387e-01,-6.990128755569458008e-01,-9.688280820846557617e-01,2.859532833099365234e-01,2.548258602619171143e-01,7.487586140632629395e-02,-2.435733973979949951e-01,-4.151647686958312988e-01
-1.268304586410522461e-01,2.263118028640747070e-01,6.956279277801513672e-01,-2.855815924704074860e-02,7.040800899267196655e-02,5.155892372131347656e-01,8.534605503082275391e-01,-1.124911069869995117e+00,3.823150396347045898e-01,3.599387407302856445e-02,6.768342852592468262e-01,-8.089403063058853149e-02,-7.999922335147857666e-02,-7.615444064140319824e-01,-2.435998916625976562e-01,-1.030797660350799561e-01,1.338035702705383301e+00,-6.338104605674743652e-01,-4.164964333176612854e-02,1.485519260168075562e-01,-9.693025797605514526e-02,5.199999809265136719e-01,-5.224199295043945312e-01,5.183678269386291504e-01,-3.533789217472076416e-01,1.060165524482727051e+00,-9.513062983751296997e-02,-1.735033541917800903e-01,2.528615891933441162e-01,-7.683370709419250488e-01,-7.621493935585021973e-01,3.740368485450744629e-01,4.768414497375488281e-01,1.384729444980621338e-01,-2.276109904050827026e-01,-4.115614891052246094e-01
-1.257478147745132446e-01,2.433952838182449341e-01,6.719316244125366211e-01,-3.983506187796592712e-02,6.850494444370269775e-02,5.189810395240783691e-01,8.511044979095458984e-01,-1.154642105102539062e+00,3.660174310207366943e-01,-2.556140534579753876e-03,6.591309905052185059e-01,-5.445548892021179199e-02,-8.697343617677688599e-02,-7.416405081748962402e-01,-2.346128523349761963e-01,-8.300106972455978394e-02,1.402335047721862793e+00,-6.874144077301025391e-01,-4.915473237633705139e-02,1.955429166555404663e-01,-9.099689126014709473e-02,5.199999809265136719e-01,-5.773231387138366699e-01,4.616771638393402100e-01,-3.790901899337768555e-01,1.070809841156005859e+00,-9.801080822944641113e-02,-1.632910072803497314e-01,2.620183229446411133e-01,-8.329265117645263672e-01,-6.618823409080505371e-01,4.143712520599365234e-01,6.125183701515197754e-01,1.452455222606658936e-01,-2.084870338439941406e-01,-3.876664936542510986e-01
-1.227281317114830017e-01,2.605510652065277100e-01,6.523487567901611328e-01,-5.327067524194717407e-02,6.207250803709030151e-02,5.445114970207214355e-01,8.347553014755249023e-01,-1.228752732276916504e+00,3.091356754302978516e-01,-3.521848469972610474e-02,7.499251365661621094e-01,-1.114727780222892761e-01,-5.014790594577789307e-02,-7.126266360282897949e-01,-2.323046922683715820e-01,-3.394374251365661621e-02,1.521385908126831055e+00,-7.548606991767883301e-01,-5.662688612937927246e-02,2.198421210050582886e-01,-9.263359010219573975e-02,5.199999809265136719e-01,-6.513923406600952148e-01,3.844255208969116211e-01,-4.337672889232635498e-01,1.114474654197692871e+00,-1.143676415085792542e-01,-1.483651548624038696e-01,2.739315330982208252e-01,-8.762369751930236816e-01,-4.953569769859313965e-01,4.730672538280487061e-01,8.703032732009887695e-01,1.760045289993286133e-01,-1.699245721101760864e-01,-3.415759205818176270e-01
-1.197026893496513367e-01,2.753480374813079834e-01,6.397985219955444336e-01,-6.175757572054862976e-02,7.578927278518676758e-02,5.742638707160949707e-01,8.128117918968200684e-01,-1.334704399108886719e+00,2.043843865394592285e-01,-7.304050773382186890e-02,9.493720531463623047e-01,-2.342557609081268311e-01,1.878946274518966675e-02,-6.670927405357360840e-01,-2.360847592353820801e-01,5.308213829994201660e-02,1.619057655334472656e+00,-7.910226583480834961e-01,-4.513132572174072266e-02,2.317140847444534302e-01,-1.229647472500801086e-01,5.199999809265136719e-01,-7.264753580093383789e-01,3.276231288909912109e-01,-4.508950412273406982e-01,1.169889211654663086e+00,-1.776712089776992798e-01,-1.384223401546478271e-01,2.993656396865844727e-01,-9.299924969673156738e-01,-3.259446024894714355e-01,5.441953539848327637e-01,1.135836005210876465e+00,1.854286938905715942e-01,-1.337339282035827637e-01,-2.515934407711029053e-01
-1.184585392475128174e-01,2.882822453975677490e-01,6.442900896072387695e-01,-6.974834948778152466e-02,1.044839322566986084e-01,6.029112339019775391e-01,7.878555059432983398e-01,-1.445146679878234863e+00,6.341048330068588257e-02,-1.099159345030784607e-01,1.183610558509826660e+00,-3.585734069347381592e-01,7.616379857063293457e-02,-5.907371640205383301e-01,-2.330498248338699341e-01,1.132101789116859436e-01,1.663474082946777344e+00,-7.892764210700988770e-01,7.699368055909872055e-03,2.430768311023712158e-01,-1.813577413558959961e-01,5.199999809265136719e-01,-7.682530879974365234e-01,3.196739852428436279e-01,-4.225981533527374268e-01,1.197166085243225098e+00,-2.036636620759963989e-01,-1.364281773567199707e-01,3.329310119152069092e-01,-9.507909417152404785e-01,-1.808883547782897949e-01,5.664281249046325684e-01,1.258586645126342773e+00,1.781511008739471436e-01,-1.067177578806877136e-01,-2.363424450159072876e-01
-1.189113855361938477e-01,2.943543195724487305e-01,6.497526764869689941e-01,-8.065322786569595337e-02,1.050530225038528442e-01,6.227439045906066895e-01,7.711347937583923340e-01,-1.464777350425720215e+00,-2.512756548821926117e-02,-1.530696749687194824e-01,1.268559575080871582e+00,-4.322106838226318359e-01,1.030690670013427734e-01,-5.129438042640686035e-01,-2.264359593391418457e-01,1.059558391571044922e-01,1.616598367691040039e+00,-7.941804528236389160e-01,6.068797782063484192e-03,3.006325066089630127e-01,-2.211888432502746582e-01,5.199999809265136719e-01,-7.604168653488159180e-01,3.691328167915344238e-01,-3.407635986804962158e-01,1.116149306297302246e+00,-2.305789589881896973e-01,-1.632365882396697998e-01,3.901307880878448486e-01,-9.299008846282958984e-01,-9.592394530773162842e-02,5.360118746757507324e-01,1.294307827949523926e+00,1.885161399841308594e-01,-1.160628944635391235e-01,-2.779416143894195557e-01
-1.208038926124572754e-01,2.942891120910644531e-01,6.537365913391113281e-01,-8.420602232217788696e-02,1.082207188010215759e-01,6.308353543281555176e-01,7.637043595314025879e-01,-1.453568220138549805e+00,-6.068174913525581360e-02,-1.592213213443756104e-01,1.285233736038208008e+00,-4.561057090759277344e-01,1.052930355072021484e-01,-4.661725759506225586e-01,-2.286918461322784424e-01,9.308102726936340332e-02,1.554139137268066406e+00,-7.840240001678466797e-01,-1.017770543694496155e-02,3.452377617359161377e-01,-2.343787401914596558e-01,5.199999809265136719e-01,-7.393426895141601562e-01,4.174761474132537842e-01,-3.080223798751831055e-01,1.017836332321166992e+00,-2.450585961341857910e-01,-1.856599003076553345e-01,4.122352302074432373e-01,-9.210070371627807617e-01,-6.740751117467880249e-02,5.284017920494079590e-01,1.308401584625244141e+00,1.933472156524658203e-01,-1.183644905686378479e-01,-2.807400226593017578e-01
-1.238709390163421631e-01,2.864756584167480469e-01,6.696634292602539062e-01,-8.509576320648193359e-02,1.085115820169448853e-01,6.307771801948547363e-01,7.636125683784484863e-01,-1.407463788986206055e+00,-6.589812040328979492e-02,-1.633241027593612671e-01,1.246168732643127441e+00,-4.384521543979644775e-01,9.312333166599273682e-02,-4.345054626464843750e-01,-2.405220419168472290e-01,4.892159998416900635e-02,1.469354629516601562e+00,-7.215555906295776367e-01,-3.655652329325675964e-02,3.865121006965637207e-01,-2.329835891723632812e-01,5.199999809265136719e-01,-7.108370065689086914e-01,4.790822267532348633e-01,-2.732671499252319336e-01,9.215902686119079590e-01,-2.893535196781158447e-01,-2.058474272489547729e-01,4.146480858325958252e-01,-9.144632220268249512e-01,-6.397826224565505981e-02,5.089924931526184082e-01,1.315204381942749023e+00,2.270579934120178223e-01,-1.315618455410003662e-01,-2.814768552780151367e-01
-1.272045075893402100e-01,2.730246186256408691e-01,6.958229541778564453e-01,-9.126380831003189087e-02,1.054345071315765381e-01,6.309965848922729492e-01,7.631499171257019043e-01,-1.298519253730773926e+00,-5.112554877996444702e-02,-1.740524768829345703e-01,1.107670307159423828e+00,-4.221253991127014160e-01,8.373734354972839355e-02,-3.989229798316955566e-01,-2.291053384542465210e-01,-2.613918110728263855e-02,1.317913889884948730e+00,-6.248406171798706055e-01,-5.499810352921485901e-02,4.388599991798400879e-01,-2.232429683208465576e-01,5.199999809265136719e-01,-6.621010899543762207e-01,6.044546961784362793e-01,-2.318230718374252319e-01,7.510092258453369141e-01,-2.711629569530487061e-01,-2.532417476177215576e-01,4.251847565174102783e-01,-8.863828778266906738e-01,-1.234862506389617920e-01,4.923492670059204102e-01,1.294930934906005859e+00,2.154219150543212891e-01,-1.472996473312377930e-01,-2.867160737514495850e-01
-1.301769465208053589e-01,2.535780668258666992e-01,7.298442125320434570e-01,-9.931936115026473999e-02,9.752523899078369141e-02,6.302105188369750977e-01,7.638450264930725098e-01,-1.156276702880859375e+00,-8.629372343420982361e-03,-1.626735478639602661e-01,9.238888621330261230e-01,-3.133078217506408691e-01,4.465181753039360046e-02,-3.745873868465423584e-01,-1.810938864946365356e-01,-8.240070939064025879e-02,1.129411816596984863e+00,-5.113349556922912598e-01,-5.248383060097694397e-02,4.719813466072082520e-01,-1.942880451679229736e-01,5.199999809265136719e-01,-5.954434275627136230e-01,7.356275916099548340e-01,-2.077205628156661987e-01,6.214564442634582520e-01,-2.473858892917633057e-01,-2.726410925388336182e-01,4.206428527832031250e-01,-8.360067009925842285e-01,-1.970916241407394409e-01,4.692899286746978760e-01,1.258555293083190918e+00,2.244196981191635132e-01,-1.544817686080932617e-01,-2.792493999004364014e-01
-1.331732869148254395e-01,2.284556627273559570e-01,7.627534270286560059e-01,-1.073329597711563110e-01,7.734342664480209351e-02,6.348423361778259277e-01,7.612311244010925293e-01,-9.592966437339782715e-01,6.688828766345977783e-02,-1.324927806854248047e-01,6.150398850440979004e-01,-8.304036408662796021e-02,-3.929091989994049072e-02,-3.463944494724273682e-01,-9.592676162719726562e-02,-1.575087159872055054e-01,9.284155964851379395e-01,-3.611117601394653320e-01,-3.099108487367630005e-02,4.903989434242248535e-01,-1.190620064735412598e-01,5.199999809265136719e-01,-5.493346452713012695e-01,9.135734438896179199e-01,-1.742090582847595215e-01,5.017709732055664062e-01,-1.839211434125900269e-01,-2.734884023666381836e-01,4.218509197235107422e-01,-7.299728989601135254e-01,-3.159792423248291016e-01,4.215325117111206055e-01,1.197355747222900391e+00,2.208323776721954346e-01,-1.591728627681732178e-01,-2.491501420736312866e-01
-1.341969817876815796e-01,1.942133158445358276e-01,7.983750104904174805e-01,-1.038895621895790100e-01,5.672803148627281189e-02,6.437216997146606445e-01,7.560498118400573730e-01,-8.667690753936767578e-01,1.098557412624359131e-01,-1.067069768905639648e-01,4.810677766799926758e-01,5.269373953342437744e-02,-8.850491791963577271e-02,-3.315934240818023682e-01,-3.023063763976097107e-02,-1.727439314126968384e-01,8.120657801628112793e-01,-2.856658995151519775e-01,-1.677906699478626251e-02,4.795641601085662842e-01,-7.100231945514678955e-02,5.199999809265136719e-01,-4.875987768173217773e-01,1.011135339736938477e+00,-1.645165383815765381e-01,4.644717872142791748e-01,-1.653231978416442871e-01,-2.635318338871002197e-01,4.225568175315856934e-01,-6.387166380882263184e-01,-3.818084597587585449e-01,3.871791362762451172e-01,1.166415214538574219e+00,2.412355542182922363e-01,-1.574162244796752930e-01,-2.414079159498214722e-01
-1.351590156555175781e-01,1.711654961109161377e-01,8.286343812942504883e-01,-9.299274533987045288e-02,4.611974954605102539e-02,6.669534444808959961e-01,7.378335595130920410e-01,-7.941062450408935547e-01,1.480277031660079956e-01,-3.845530003309249878e-02,4.142797291278839111e-01,1.199739724397659302e-01,-1.161563321948051453e-01,-3.441540300846099854e-01,-6.291381549090147018e-03,-1.948175728321075439e-01,7.324014306068420410e-01,-2.188552767038345337e-01,-1.131939142942428589e-02,4.362879097461700439e-01,-2.627330273389816284e-02,5.199999809265136719e-01,-4.592638015747070312e-01,1.145184040069580078e+00,-1.668726652860641479e-01,4.570277333259582520e-01,-1.365287750959396362e-01,-2.516817450523376465e-01,4.156393408775329590e-01,-5.218087434768676758e-01,-4.797284007072448730e-01,3.489576280117034912e-01,1.165151953697204590e+00,2.690196633338928223e-01,-1.422118991613388062e-01,-2.113301157951354980e-01
-1.336507201194763184e-01,1.415062546730041504e-01,8.521559834480285645e-01,-7.890307903289794922e-02,5.607793852686882019e-02,6.994785070419311523e-01,7.080673575401306152e-01,-7.655392289161682129e-01,1.132591366767883301e-01,-1.242832001298666000e-02,5.076500773429870605e-01,8.784335851669311523e-02,-1.128733754158020020e-01,-3.849128186702728271e-01,-2.907092496752738953e-02,-1.829766333103179932e-01,6.938346624374389648e-01,-1.586650758981704712e-01,2.643649093806743622e-02,3.485278487205505371e-01,-4.483255371451377869e-02,5.199999809265136719e-01,-4.501827657222747803e-01,1.276853322982788086e+00,-1.721626967191696167e-01,4.795412719249725342e-01,-1.010354906320571899e-01,-2.387937009334564209e-01,3.823845386505126953e-01,-3.975503444671630859e-01,-5.791879296302795410e-01,2.958311736583709717e-01,1.120936393737792969e+00,2.732521593570709229e-01,-1.373556852340698242e-01,-1.779268980026245117e-01
-1.317967623472213745e-01,1.162850186228752136e-01,8.637594580650329590e-01,-5.750177428126335144e-02,6.788143515586853027e-02,7.270216345787048340e-01,6.808268427848815918e-01,-7.238887548446655273e-01,8.598293364048004150e-02,3.704692935571074486e-03,6.841797232627868652e-01,7.288441061973571777e-03,-8.980698138475418091e-02,-4.165655672550201416e-01,-9.270294010639190674e-02,-1.936218589544296265e-01,6.654816865921020508e-01,-1.285329610109329224e-01,5.033375322818756104e-02,2.616921067237854004e-01,-8.491795510053634644e-02,5.199999809265136719e-01,-4.583918154239654541e-01,1.419111847877502441e+00,-1.835283786058425903e-01,5.253417491912841797e-01,-5.444475635886192322e-02,-2.190589606761932373e-01,3.412336111068725586e-01,-2.967969179153442383e-01,-6.672791242599487305e-01,2.439543008804321289e-01,1.107159733772277832e+00,2.607642710208892822e-01,-1.187070384621620178e-01,-1.398199349641799927e-01
-1.312540471553802490e-01,9.824921190738677979e-02,8.609690666198730469e-01,-3.907721862196922302e-02,6.783215701580047607e-02,7.434319853782653809e-01,6.642142534255981445e-01,-6.538405418395996094e-01,1.043655723333358765e-01,6.220377516001462936e-03,8.045094013214111328e-01,-7.967434078454971313e-02,-5.071263387799263000e-02,-4.370458424091339111e-01,-1.442171037197113037e-01,-2.072251886129379272e-01,6.575095057487487793e-01,-1.401852220296859741e-01,5.853416025638580322e-02,1.926809698343276978e-01,-1.041874587535858154e-01,5.165817141532897949e-01,-4.704357385635375977e-01,1.533055305480957031e+00,-1.831830441951751709e-01,5.473229289054870605e-01,-2.222058735787868500e-02,-1.965419799089431763e-01,3.042096197605133057e-01,-2.011143565177917480e-01,-7.569966316223144531e-01,1.874716281890869141e-01,1.090192317962646484e+00,2.388908714056015015e-01,-9.426777809858322144e-02,-8.951196074485778809e-02
-1.325295567512512207e-01,8.316026628017425537e-02,8.497329354286193848e-01,-2.942290157079696655e-02,5.774829909205436707e-02,7.528803348541259766e-01,6.549585461616516113e-01,-5.674928426742553711e-01,1.627296954393386841e-01,1.601074263453483582e-02,8.173145055770874023e-01,-1.704241037368774414e-01,-1.892777718603610992e-02,-4.448850750923156738e-01,-1.751678138971328735e-01,-2.353157252073287964e-01,6.801353096961975098e-01,-2.036677002906799316e-01,4.642963409423828125e-02,1.444852352142333984e-01,-1.052707284688949585e-01,5.076633691787719727e-01,-4.916836023330688477e-01,1.611605286598205566e+00,-1.704230010509490967e-01,5.542066097259521484e-01,-1.168062817305326462e-02,-1.839043796062469482e-01,2.894110083580017090e-01,-1.099733188748359680e-01,-8.287795782089233398e-01,1.320256590843200684e-01,1.079269886016845703e+00,2.247579246759414673e-01,-8.633283525705337524e-02,-6.169945374131202698e-02
-1.360802501440048218e-01,6.946694105863571167e-02,8.369441628456115723e-01,-2.954942919313907623e-02,5.153153464198112488e-02,7.613282203674316406e-01,6.456397175788879395e-01,-5.057379007339477539e-01,2.037983685731887817e-01,2.297512628138065338e-02,7.959093451499938965e-01,-2.433467209339141846e-01,-5.119495559483766556e-03,-4.841952621936798096e-01,-1.965177059173583984e-01,-2.539005577564239502e-01,7.518917918205261230e-01,-2.464816421270370483e-01,3.527173027396202087e-02,1.044593378901481628e-01,-9.859889745712280273e-02,5.044240355491638184e-01,-5.220406651496887207e-01,1.626163959503173828e+00,-1.601546257734298706e-01,5.364608764648437500e-01,-2.644598018378019333e-03,-1.912240684032440186e-01,3.029049932956695557e-01,-4.639062285423278809e-02,-8.480814099311828613e-01,7.628425955772399902e-02,1.072857975959777832e+00,2.423320263624191284e-01,-9.068709611892700195e-02,-5.619318038225173950e-02
-1.403354853391647339e-01,5.602458864450454712e-02,8.267019391059875488e-01,-3.063941933214664459e-02,4.834058508276939392e-02,7.697986960411071777e-01,6.357156038284301758e-01,-4.751983582973480225e-01,2.215229272842407227e-01,2.223119325935840607e-02,7.529624104499816895e-01,-3.253882229328155518e-01,9.123772906605154276e-05,-5.337691307067871094e-01,-2.193474322557449341e-01,-2.600159347057342529e-01,8.359823226928710938e-01,-2.522860765457153320e-01,3.442610055208206177e-02,5.999406799674034119e-02,-9.607455879449844360e-02,5.025643110275268555e-01,-5.689963102340698242e-01,1.611393928527832031e+00,-1.606256663799285889e-01,5.084161758422851562e-01,1.074565108865499496e-03,-1.998400539159774780e-01,3.381383717060089111e-01,6.409007124602794647e-03,-8.707070350646972656e-01,3.690393641591072083e-02,1.049345374107360840e+00,2.526360154151916504e-01,-1.031038239598274231e-01,-7.497376948595046997e-02
-1.435140222311019897e-01,4.292260110378265381e-02,8.227572441101074219e-01,-3.407349064946174622e-02,4.934937879443168640e-02,7.776943445205688477e-01,6.257756352424621582e-01,-4.897790849208831787e-01,2.203802317380905151e-01,2.281230129301548004e-02,7.384969592094421387e-01,-3.440009653568267822e-01,-3.828534623607993126e-03,-6.108523011207580566e-01,-2.353959679603576660e-01,-2.486731112003326416e-01,9.080447554588317871e-01,-2.084811925888061523e-01,4.043571650981903076e-02,1.743059232831001282e-02,-8.623217791318893433e-02,5.073090791702270508e-01,-6.285134553909301758e-01,1.538101792335510254e+00,-1.791608631610870361e-01,4.903243482112884521e-01,7.362111471593379974e-03,-1.959520131349563599e-01,3.999173939228057861e-01,2.514540217816829681e-02,-8.603714108467102051e-01,3.452464565634727478e-02,1.021591305732727051e+00,2.530857622623443604e-01,-1.138128265738487244e-01,-1.086086854338645935e-01
-1.464093774557113647e-01,3.078488446772098541e-02,8.325746059417724609e-01,-3.752958029508590698e-02,5.716440826654434204e-02,7.923930287361145020e-01,6.061658859252929688e-01,-5.381599664688110352e-01,2.206095904111862183e-01,6.127722561359405518e-02,7.496426701545715332e-01,-2.916457951068878174e-01,-4.385673999786376953e-02,-7.244619131088256836e-01,-2.521954476833343506e-01,-2.053695470094680786e-01,9.352000355720520020e-01,-1.560154110193252563e-01,4.880329221487045288e-02,-4.730728268623352051e-02,-7.118019461631774902e-02,5.199999809265136719e-01,-6.844407916069030762e-01,1.391594171524047852e+00,-2.179084867238998413e-01,4.831741750240325928e-01,5.327874049544334412e-02,-2.066879719495773315e-01,4.821681082248687744e-01,9.887968190014362335e-03,-8.101795315742492676e-01,6.087731570005416870e-02,9.691785573959350586e-01,2.880662679672241211e-01,-1.396275609731674194e-01,-1.565735489130020142e-01
-1.496287584304809570e-01,2.187861315906047821e-02,8.407578468322753906e-01,-4.606241732835769653e-02,7.259322702884674072e-02,8.050599694252014160e-01,5.869300961494445801e-01,-5.971059799194335938e-01,2.010329067707061768e-01,8.867581933736801147e-02,7.774069905281066895e-01,-2.673003971576690674e-01,-5.014087259769439697e-02,-8.107165694236755371e-01,-2.477414160966873169e-01,-1.246997341513633728e-01,8.429585695266723633e-01,-9.225299954414367676e-02,8.771151304244995117e-02,-1.260451227426528931e-01,-5.277961492538452148e-02,5.199999809265136719e-01,-7.203404903411865234e-01,1.189365983009338379e+00,-2.714671492576599121e-01,5.272031426429748535e-01,6.837850809097290039e-02,-1.996784508228302002e-01,5.150294303894042969e-01,-3.623092547059059143e-02,-7.542009949684143066e-01,1.316412836313247681e-01,9.335457086563110352e-01,2.885465919971466064e-01,-1.550210863351821899e-01,-1.764637082815170288e-01
-1.556690335273742676e-01,1.742066629230976105e-02,8.399879336357116699e-01,-4.511208087205886841e-02,8.733630925416946411e-02,8.137260675430297852e-01,5.728762149810791016e-01,-6.261788010597229004e-01,1.709345728158950806e-01,1.139229163527488708e-01,8.163554668426513672e-01,-2.739236652851104736e-01,-4.538813605904579163e-02,-8.543295264244079590e-01,-2.548276484012603760e-01,-4.202819615602493286e-02,7.172217369079589844e-01,-2.271948195993900299e-02,1.336076855659484863e-01,-2.098112702369689941e-01,-3.783218935132026672e-02,5.199999809265136719e-01,-7.297325730323791504e-01,9.714063405990600586e-01,-2.958905696868896484e-01,6.165958046913146973e-01,3.286832198500633240e-02,-1.876832693815231323e-01,5.255606174468994141e-01,-1.323282867670059204e-01,-6.788983345031738281e-01,2.064392119646072388e-01,9.064016342163085938e-01,2.965227961540222168e-01,-1.627883166074752808e-01,-1.920430511236190796e-01
-1.637511551380157471e-01,2.099431306123733521e-02,8.239580988883972168e-01,-3.892866149544715881e-02,9.866242855787277222e-02,8.215081691741943359e-01,5.602451562881469727e-01,-6.433956027030944824e-01,1.493690013885498047e-01,1.461551934480667114e-01,8.796259760856628418e-01,-2.870552241802215576e-01,-4.913328588008880615e-02,-8.737344741821289062e-01,-2.733041048049926758e-01,3.038820810616016388e-02,6.223278045654296875e-01,5.620038881897926331e-02,1.783055812120437622e-01,-3.001678586006164551e-01,-1.412605680525302887e-02,5.199999809265136719e-01,-7.306491732597351074e-01,7.542628049850463867e-01,-3.282798230648040771e-01,7.542176246643066406e-01,-3.416004776954650879e-02,-1.726315021514892578e-01,4.803270101547241211e-01,-2.526952028274536133e-01,-5.953686237335205078e-01,2.992530763149261475e-01,9.055424332618713379e-01,3.136785030364990234e-01,-1.596747934818267822e-01,-1.888217180967330933e-01
-1.734180301427841187e-01,3.126137331128120422e-02,7.983986735343933105e-01,-4.335153475403785706e-02,1.031698882579803467e-01,8.263746500015258789e-01,5.518890619277954102e-01,-6.503790020942687988e-01,1.484824866056442261e-01,1.505304425954818726e-01,9.474979043006896973e-01,-3.360694944858551025e-01,-4.848622530698776245e-02,-9.142657518386840820e-01,-2.821530103683471680e-01,8.121704310178756714e-02,6.183511018753051758e-01,5.882389098405838013e-02,1.953408867120742798e-01,-3.595896959304809570e-01,1.862234435975551605e-02,5.199999809265136719e-01,-7.312344908714294434e-01,6.422058939933776855e-01,-3.234077990055084229e-01,8.227604031562805176e-01,-6.056214123964309692e-02,-1.662585586309432983e-01,4.576102793216705322e-01,-3.067948520183563232e-01,-5.645107030868530273e-01,3.299182653427124023e-01,8.853322863578796387e-01,3.394841253757476807e-01,-1.546623557806015015e-01,-1.871801465749740601e-01
-1.840456426143646240e-01,4.519329965114593506e-02,7.672398090362548828e-01,-5.753937736153602600e-02,1.080484762787818909e-01,8.205763697624206543e-01,5.582733750343322754e-01,-6.755019426345825195e-01,1.669134944677352905e-01,1.594436913728713989e-01,1.085927844047546387e+00,-4.476588368415832520e-01,-5.012182518839836121e-03,-1.003534197807312012e+00,-2.711940407752990723e-01,1.346994787454605103e-01,7.064877748489379883e-01,-4.679872188717126846e-03,1.782720685005187988e-01,-4.139346182346343994e-01,7.874742150306701660e-02,5.199999809265136719e-01,-7.613530158996582031e-01,4.510923624038696289e-01,-3.742167055606842041e-01,1.018513321876525879e+00,-1.124014183878898621e-01,-1.327289193868637085e-01,4.042665660381317139e-01,-4.315024912357330322e-01,-4.983664155006408691e-01,3.945861458778381348e-01,8.876947164535522461e-01,3.897527456283569336e-01,-1.346173882484436035e-01,-1.864475607872009277e-01
-1.934773176908493042e-01,5.516960471868515015e-02,7.358022332191467285e-01,-8.589817583560943604e-02,1.079842299222946167e-01,8.031103610992431641e-01,5.796331763267517090e-01,-6.868924498558044434e-01,1.961766630411148071e-01,9.159472584724426270e-02,1.274584650993347168e+00,-6.549435257911682129e-01,6.041963398456573486e-02,-1.161195158958435059e+00,-1.792597919702529907e-01,1.941350847482681274e-01,9.382718205451965332e-01,-1.349233090877532959e-01,1.489679366350173950e-01,-4.173998236656188965e-01,1.584547609090805054e-01,5.199999809265136719e-01,-8.002583384513854980e-01,2.702050209045410156e-01,-3.824296891689300537e-01,1.161603450775146484e+00,-1.345661431550979614e-01,-1.084534227848052979e-01,3.886667191982269287e-01,-5.523661375045776367e-01,-4.287488758563995361e-01,3.935494720935821533e-01,9.229744672775268555e-01,4.864557385444641113e-01,-1.301316022872924805e-01,-1.639118939638137817e-01
-1.999972164630889893e-01,6.131285056471824646e-02,7.075191736221313477e-01,-1.045179218053817749e-01,9.981253743171691895e-02,7.927445769309997559e-01,5.921735167503356934e-01,-6.921752095222473145e-01,2.045572102069854736e-01,4.251042008399963379e-02,1.438759684562683105e+00,-7.949379086494445801e-01,1.074312180280685425e-01,-1.271614432334899902e+00,-8.680471777915954590e-02,2.546114027500152588e-01,1.107096314430236816e+00,-1.686196476221084595e-01,1.718663275241851807e-01,-4.312771856784820557e-01,2.219055294990539551e-01,5.199999809265136719e-01,-8.523754477500915527e-01,1.439032703638076782e-01,-4.027290642261505127e-01,1.242025136947631836e+00,-1.638376265764236450e-01,-9.439291059970855713e-02,3.687971234321594238e-01,-6.278888583183288574e-01,-3.933961689472198486e-01,3.600654602050781250e-01,9.541241526603698730e-01,5.555562376976013184e-01,-1.203741058707237244e-01,-1.672476232051849365e-01
-2.042590379714965820e-01,6.670942157506942749e-02,6.858849525451660156e-01,-1.151161268353462219e-01,9.786283969879150391e-02,7.853654623031616211e-01,6.003101468086242676e-01,-6.967147588729858398e-01,2.074393630027770996e-01,1.704680174589157104e-02,1.560920953750610352e+00,-8.507065176963806152e-01,1.036903709173202515e-01,-1.346360564231872559e+00,-3.603176400065422058e-02,2.838259637355804443e-01,1.217009782791137695e+00,-2.113193869590759277e-01,1.632169932126998901e-01,-4.423165917396545410e-01,2.601717710494995117e-01,5.199999809265136719e-01,-8.731911182403564453e-01,1.038800403475761414e-01,-4.260736405849456787e-01,1.273958683013916016e+00,-1.399587392807006836e-01,-8.811795711517333984e-02,3.599327802658081055e-01,-6.403475403785705566e-01,-4.057531952857971191e-01,3.125438094139099121e-01,9.063723683357238770e-01,5.899049639701843262e-01,-1.391026377677917480e-01,-1.835991442203521729e-01
-2.078021615743637085e-01,6.338932365179061890e-02,6.753266453742980957e-01,-1.209390461444854736e-01,9.783645719289779663e-02,7.817339301109313965e-01,6.038988828659057617e-01,-6.970083117485046387e-01,1.992332488298416138e-01,1.505243359133601189e-03,1.588387012481689453e+00,-8.726699948310852051e-01,1.045345440506935120e-01,-1.368829846382141113e+00,-1.369626540690660477e-02,3.091136813163757324e-01,1.227020025253295898e+00,-2.418377995491027832e-01,1.539862602949142456e-01,-4.795697331428527832e-01,2.703007757663726807e-01,5.199999809265136719e-01,-8.371559381484985352e-01,1.287720948457717896e-01,-4.273333549499511719e-01,1.261091589927673340e+00,-1.022026613354682922e-01,-8.662054687738418579e-02,3.589690625667572021e-01,-5.840399861335754395e-01,-4.548891186714172363e-01,2.492094039916992188e-01,6.673598885536193848e-01,5.837272405624389648e-01,-1.837133169174194336e-01,-2.165801525115966797e-01
-2.076788842678070068e-01,6.514344364404678345e-02,6.720713973045349121e-01,-1.201235502958297729e-01,9.883593767881393433e-02,7.809570431709289551e-01,6.049032211303710938e-01,-6.827278137207031250e-01,1.858465224504470825e-01,-1.228575315326452255e-02,1.583100438117980957e+00,-8.726699948310852051e-01,1.026382297277450562e-01,-1.370472073554992676e+00,-1.089417934417724609e-02,3.191536664962768555e-01,1.229815959930419922e+00,-2.614543437957763672e-01,1.478220075368881226e-01,-5.050522685050964355e-01,2.696233689785003662e-01,5.199999809265136719e-01,-7.937997579574584961e-01,1.583766937255859375e-01,-4.319687187671661377e-01,1.248183250427246094e+00,-8.493530750274658203e-02,-8.594652265310287476e-02,3.408645987510681152e-01,-5.344614982604980469e-01,-4.937652945518493652e-01,2.079410105943679810e-01,4.986503422260284424e-01,5.720368623733520508e-01,-2.086769044399261475e-01,-2.312521487474441528e-01
-2.054741531610488892e-01,6.428228318691253662e-02,6.761392354965209961e-01,-1.157224550843238831e-01,9.835289418697357178e-02,7.799694538116455078e-01,6.071100831031799316e-01,-6.537429094314575195e-01,1.783166974782943726e-01,-1.700368151068687439e-02,1.533342003822326660e+00,-8.726699948310852051e-01,1.146221682429313660e-01,-1.333230257034301758e+00,-1.295239292085170746e-02,3.289724588394165039e-01,1.176096677780151367e+00,-2.921086251735687256e-01,1.380271762609481812e-01,-5.446990132331848145e-01,2.511201798915863037e-01,5.199999809265136719e-01,-7.055214643478393555e-01,2.434740215539932251e-01,-4.031010270118713379e-01,1.194336771965026855e+00,-7.991632819175720215e-02,-9.404172748327255249e-02,3.211051225662231445e-01,-4.482274651527404785e-01,-5.803533196449279785e-01,1.484244316816329956e-01,2.327637970447540283e-01,5.114103555679321289e-01,-2.216402441263198853e-01,-2.109198719263076782e-01
-2.016548067331314087e-01,6.944683194160461426e-02,6.872757077217102051e-01,-1.107345148921012878e-01,1.048074737191200256e-01,7.806653380393981934e-01,6.060650944709777832e-01,-6.032859683036804199e-01,1.732467412948608398e-01,8.571402868255972862e-04,1.421958684921264648e+00,-8.726699948310852051e-01,1.293716430664062500e-01,-1.276642203330993652e+00,-4.272631928324699402e-02,3.265150189399719238e-01,1.089772701263427734e+00,-3.457099199295043945e-01,1.208529025316238403e-01,-5.764209628105163574e-01,2.247315347194671631e-01,5.199999809265136719e-01,-6.359433531761169434e-01,3.473396897315979004e-01,-3.685653805732727051e-01,1.117148876190185547e+00,-7.586976885795593262e-02,-1.117660626769065857e-01,3.073802888393402100e-01,-3.981187641620635986e-01,-6.904740929603576660e-01,9.511344879865646362e-02,7.014466077089309692e-02,4.505590200424194336e-01,-2.292609959840774536e-01,-1.850992441177368164e-01
-2.002734243869781494e-01,6.934668868780136108e-02,7.006009817123413086e-01,-1.009736955165863037e-01,9.659058600664138794e-02,7.797529697418212891e-01,6.102949380874633789e-01,-5.346972942352294922e-01,1.883474290370941162e-01,2.172092162072658539e-02,1.345611810684204102e+00,-8.712611794471740723e-01,1.249153390526771545e-01,-1.206516981124877930e+00,-6.058417260646820068e-02,3.034524321556091309e-01,1.012884736061096191e+00,-3.128007948398590088e-01,1.252121180295944214e-01,-5.895671844482421875e-01,2.007474601268768311e-01,5.199999809265136719e-01,-5.898671150207519531e-01,4.123435616493225098e-01,-3.345015048980712891e-01,1.063175201416015625e+00,-8.171461522579193115e-02,-1.179771646857261658e-01,3.000961542129516602e-01,-3.646316826343536377e-01,-7.470444440841674805e-01,4.490763321518898010e-02,1.012096367776393890e-02,4.127618372440338135e-01,-2.272911667823791504e-01,-1.858808845281600952e-01
-1.989119350910186768e-01,7.205390930175781250e-02,7.230031490325927734e-01,-8.094093948602676392e-02,1.000057309865951538e-01,7.821782231330871582e-01,6.096266508102416992e-01,-4.188089370727539062e-01,1.781784892082214355e-01,6.712262332439422607e-02,1.124940752983093262e+00,-8.060739040374755859e-01,8.446255326271057129e-02,-1.057911992073059082e+00,-1.424880027770996094e-01,2.520592808723449707e-01,8.008422851562500000e-01,-3.273512423038482666e-01,9.196258336305618286e-02,-5.985983014106750488e-01,1.541257351636886597e-01,5.199999809265136719e-01,-4.925138354301452637e-01,5.529781579971313477e-01,-2.488650977611541748e-01,8.842999935150146484e-01,-9.464197605848312378e-02,-1.599008142948150635e-01,3.028860986232757568e-01,-3.008789122104644775e-01,-8.606311082839965820e-01,-6.703839451074600220e-02,-9.192394465208053589e-02,3.202914595603942871e-01,-2.430597096681594849e-01,-2.142516374588012695e-01
-1.964446753263473511e-01,7.781961560249328613e-02,7.487263083457946777e-01,-6.127203628420829773e-02,9.755954146385192871e-02,7.854545116424560547e-01,6.081029176712036133e-01,-3.409515917301177979e-01,1.882180720567703247e-01,1.087797582149505615e-01,9.958824515342712402e-01,-5.917451381683349609e-01,3.132712095975875854e-02,-9.485720992088317871e-01,-1.936606764793395996e-01,2.016826719045639038e-01,6.825408339500427246e-01,-1.420728117227554321e-01,1.377727389335632324e-01,-6.215938925743103027e-01,1.069342941045761108e-01,5.199999809265136719e-01,-4.556772410869598389e-01,6.078166961669921875e-01,-2.185338288545608521e-01,8.249478936195373535e-01,-1.044711321592330933e-01,-1.677246987819671631e-01,3.051225244998931885e-01,-2.646954953670501709e-01,-8.920717239379882812e-01,-1.089395359158515930e-01,-9.882499277591705322e-02,2.813855707645416260e-01,-2.362594306468963623e-01,-2.384085059165954590e-01
-1.931295245885848999e-01,8.440487831830978394e-02,7.726417183876037598e-01,-3.103628568351268768e-02,9.306968003511428833e-02,7.839900255203247070e-01,6.129718422889709473e-01,-2.608914971351623535e-01,1.746906340122222900e-01,1.248108968138694763e-01,8.567045331001281738e-01,-4.434677660465240479e-01,-2.329740859568119049e-02,-8.172381520271301270e-01,-2.586201727390289307e-01,1.196142360568046570e-01,4.994128644466400146e-01,7.628648076206445694e-03,1.853677928447723389e-01,-6.197451949119567871e-01,5.386755242943763733e-02,5.199999809265136719e-01,-4.300731122493743896e-01,6.890971064567565918e-01,-1.738609075546264648e-01,7.483539581298828125e-01,-9.670439362525939941e-02,-1.917372047901153564e-01,3.198274374008178711e-01,-2.400748282670974731e-01,-9.508447051048278809e-01,-1.672105044126510620e-01,-1.120585352182388306e-01,2.432218343019485474e-01,-2.468011230230331421e-01,-2.648918926715850830e-01
-1.864750683307647705e-01,8.762608468532562256e-02,7.976111769676208496e-01,-8.928009308874607086e-03,9.033679217100143433e-02,7.727993726730346680e-01,6.281247735023498535e-01,-1.913399994373321533e-01,1.655371189117431641e-01,1.305106282234191895e-01,7.518744468688964844e-01,-3.079604804515838623e-01,-6.292696297168731689e-02,-7.207370400428771973e-01,-2.890103459358215332e-01,2.706564776599407196e-02,3.956550359725952148e-01,7.147991657257080078e-02,1.942825466394424438e-01,-5.863565206527709961e-01,-6.817678455263376236e-03,5.163570046424865723e-01,-3.887201249599456787e-01,7.699705958366394043e-01,-1.267596334218978882e-01,6.479640603065490723e-01,-8.921755105257034302e-02,-2.097340226173400879e-01,3.135629296302795410e-01,-1.905284076929092407e-01,-9.829582571983337402e-01,-2.238624989986419678e-01,-1.152140945196151733e-01,2.183805257081985474e-01,-2.552106082439422607e-01,-2.739154100418090820e-01
-1.783665865659713745e-01,8.954200148582458496e-02,8.189961314201354980e-01,2.202654955908656120e-03,8.309430629014968872e-02,7.603197097778320312e-01,6.442083716392517090e-01,-1.603146195411682129e-01,1.689974814653396606e-01,1.409251689910888672e-01,7.106621265411376953e-01,-2.401714771986007690e-01,-7.280006259679794312e-02,-6.553365588188171387e-01,-2.990652918815612793e-01,-4.255043715238571167e-02,3.704026341438293457e-01,8.808677643537521362e-02,1.908106207847595215e-01,-5.456456542015075684e-01,-5.376866832375526428e-02,5.062883496284484863e-01,-3.747345209121704102e-01,8.187416195869445801e-01,-9.543118625879287720e-02,5.821219086647033691e-01,-1.018708273768424988e-01,-2.219713181257247925e-01,3.398875296115875244e-01,-1.607045084238052368e-01,-9.763017892837524414e-01,-2.514016926288604736e-01,-1.193472445011138916e-01,2.503605484962463379e-01,-2.712051868438720703e-01,-2.864189147949218750e-01
-1.695941239595413208e-01,8.909890055656433105e-02,8.355202078819274902e-01,5.409066099673509598e-03,7.664190977811813354e-02,7.407270669937133789e-01,6.673980951309204102e-01,-1.400298029184341431e-01,1.885141283273696899e-01,1.472530663013458252e-01,6.686797142028808594e-01,-1.176675111055374146e-01,-9.750568866729736328e-02,-5.869600772857666016e-01,-2.889485657215118408e-01,-1.238426640629768372e-01,3.911779522895812988e-01,9.787755459547042847e-02,1.849043816328048706e-01,-4.840996265411376953e-01,-9.692778438329696655e-02,4.907812476158142090e-01,-3.710373342037200928e-01,9.004151225090026855e-01,-6.031533330678939819e-02,4.925647675991058350e-01,-1.025725007057189941e-01,-2.428056746721267700e-01,3.654931187629699707e-01,-1.241236180067062378e-01,-9.973820447921752930e-01,-3.066157996654510498e-01,-1.371800452470779419e-01,2.878500223159790039e-01,-2.947995662689208984e-01,-2.918111681938171387e-01
-1.601907163858413696e-01,8.695492148399353027e-02,8.449341654777526855e-01,-2.618188038468360901e-03,6.389213353395462036e-02,7.187609672546386719e-01,6.923103928565979004e-01,-1.272791177034378052e-01,2.360665947198867798e-01,1.462270766496658325e-01,6.022229790687561035e-01,-6.061343103647232056e-02,-1.006770655512809753e-01,-5.480590462684631348e-01,-2.568217217922210693e-01,-1.818144321441650391e-01,4.854930937290191650e-01,8.724529296159744263e-02,1.683148145675659180e-01,-4.082733988761901855e-01,-1.210200563073158264e-01,4.775101840496063232e-01,-3.877921104431152344e-01,9.981325864791870117e-01,-2.810438349843025208e-02,3.839960992336273193e-01,-9.045497328042984009e-02,-2.526886761188507080e-01,3.939563035964965820e-01,-9.535656124353408813e-02,-1.034197330474853516e+00,-3.663811087608337402e-01,-1.496500521898269653e-01,3.126688599586486816e-01,-3.141071796417236328e-01,-2.894004583358764648e-01
-1.520534455776214600e-01,8.392360806465148926e-02,8.463206887245178223e-01,-2.182708680629730225e-02,5.127563700079917908e-02,6.966394782066345215e-01,7.152536511421203613e-01,-1.229669004678726196e-01,2.980020344257354736e-01,1.465288996696472168e-01,4.896665215492248535e-01,-1.308771315962076187e-02,-9.587381035089492798e-02,-5.217821598052978516e-01,-2.290771156549453735e-01,-2.227528840303421021e-01,6.167626380920410156e-01,5.100728198885917664e-02,1.470345258712768555e-01,-3.427435457706451416e-01,-1.239047721028327942e-01,4.357581436634063721e-01,-4.057582616806030273e-01,1.078053712844848633e+00,5.569280590862035751e-03,2.763841152191162109e-01,-4.965656250715255737e-02,-2.570118606090545654e-01,4.456569552421569824e-01,-6.796542555093765259e-02,-1.081583261489868164e+00,-4.140501916408538818e-01,-1.705554276704788208e-01,2.796663939952850342e-01,-3.270295560359954834e-01,-3.057949542999267578e-01
-1.448500305414199829e-01,8.035780489444732666e-02,8.404485583305358887e-01,-3.966933861374855042e-02,4.063454642891883850e-02,6.724747419357299805e-01,7.379382848739624023e-01,-1.063284650444984436e-01,3.580758273601531982e-01,1.518540680408477783e-01,3.722279071807861328e-01,-4.957446455955505371e-02,-7.451880723237991333e-02,-4.856430888175964355e-01,-2.086253613233566284e-01,-2.339923977851867676e-01,7.413462400436401367e-01,-4.194786772131919861e-02,1.083223894238471985e-01,-2.820356190204620361e-01,-1.275798678398132324e-01,3.828656077384948730e-01,-4.151534438133239746e-01,1.125438451766967773e+00,5.361817032098770142e-02,1.331614404916763306e-01,-1.832188852131366730e-02,-2.696457207202911377e-01,4.718462228775024414e-01,-4.091009870171546936e-02,-1.136775970458984375e+00,-4.768627583980560303e-01,-1.817282140254974365e-01,2.055923193693161011e-01,-3.276331722736358643e-01,-3.208453655242919922e-01
-1.370739489793777466e-01,7.645718008279800415e-02,8.311572074890136719e-01,-4.410206153988838196e-02,4.046246036887168884e-02,6.574320793151855469e-01,7.511330246925354004e-01,-1.045623645186424255e-01,3.812085986137390137e-01,1.754100471735000610e-01,3.527503311634063721e-01,-1.109857559204101562e-01,-4.797241091728210449e-02,-4.401759505271911621e-01,-2.295565754175186157e-01,-2.431435436010360718e-01,7.645930051803588867e-01,-9.434261918067932129e-02,8.618069440126419067e-02,-2.455050647258758545e-01,-1.431090533733367920e-01,3.434799015522003174e-01,-4.369313716888427734e-01,1.142329692840576172e+00,7.445167005062103271e-02,4.566752538084983826e-02,-2.174600213766098022e-02,-2.716604471206665039e-01,4.758661985397338867e-01,-2.729696221649646759e-02,-1.165321826934814453e+00,-5.023316740989685059e-01,-1.915610879659652710e-01,1.871255040168762207e-01,-3.134879469871520996e-01,-3.083004057407379150e-01
-1.291668266057968140e-01,7.143210619688034058e-02,8.204512596130371094e-01,-4.132123664021492004e-02,4.137063398957252502e-02,6.373175382614135742e-01,7.683796882629394531e-01,-1.025603637099266052e-01,3.919002711772918701e-01,1.744645684957504272e-01,3.553186655044555664e-01,-1.688658446073532104e-01,-2.623484842479228973e-02,-3.885867893695831299e-01,-2.447054088115692139e-01,-2.282061874866485596e-01,7.476180791854858398e-01,-1.667226105928421021e-01,6.669317185878753662e-02,-2.097265571355819702e-01,-1.682515591382980347e-01,3.010558187961578369e-01,-4.987162351608276367e-01,1.172098994255065918e+00,1.153035759925842285e-01,-7.413387298583984375e-02,1.532753277570009232e-02,-2.735287845134735107e-01,5.189543366432189941e-01,-2.474663034081459045e-02,-1.215277433395385742e+00,-5.314576625823974609e-01,-2.288892269134521484e-01,1.420334726572036743e-01,-2.940347790718078613e-01,-3.087777197360992432e-01
-1.201977878808975220e-01,6.625961512327194214e-02,8.121088743209838867e-01,-3.309510275721549988e-02,4.673992842435836792e-02,6.196525692939758301e-01,7.827839851379394531e-01,-1.027175262570381165e-01,3.890253007411956787e-01,1.701178550720214844e-01,3.704143464565277100e-01,-1.811034232378005981e-01,-1.877617835998535156e-02,-3.354299664497375488e-01,-2.542123794555664062e-01,-2.209792882204055786e-01,6.695344448089599609e-01,-2.365625947713851929e-01,4.027319699525833130e-02,-1.788217574357986450e-01,-1.803855746984481812e-01,2.712581157684326172e-01,-5.507534146308898926e-01,1.162463784217834473e+00,1.422401368618011475e-01,-1.473334282636642456e-01,5.085167288780212402e-02,-2.694180309772491455e-01,5.564419627189636230e-01,-4.110443592071533203e-02,-1.237853646278381348e+00,-5.395023226737976074e-01,-2.882433533668518066e-01,1.238441094756126404e-01,-2.960404157638549805e-01,-3.171121478080749512e-01
-1.099114418029785156e-01,6.265540421009063721e-02,8.102782368659973145e-01,-2.380914427340030670e-02,4.985313490033149719e-02,6.056005954742431641e-01,7.938486933708190918e-01,-1.134020015597343445e-01,3.876672089099884033e-01,1.678742468357086182e-01,4.082555472850799561e-01,-1.303596198558807373e-01,-2.214435860514640808e-02,-2.908680737018585205e-01,-2.511424124240875244e-01,-2.248433977365493774e-01,5.869817137718200684e-01,-2.772846817970275879e-01,2.932867780327796936e-02,-1.460017412900924683e-01,-1.827786117792129517e-01,2.635020315647125244e-01,-5.984377264976501465e-01,1.113386750221252441e+00,1.386709213256835938e-01,-2.137871384620666504e-01,8.218008279800415039e-02,-2.607437670230865479e-01,5.850523710250854492e-01,-8.971885591745376587e-02,-1.220738291740417480e+00,-5.100774765014648438e-01,-3.878272473812103271e-01,1.144711375236511230e-01,-3.019804060459136963e-01,-3.312578797340393066e-01
-1.006460413336753845e-01,6.286368519067764282e-02,8.157714605331420898e-01,-1.495818141847848892e-02,5.641382187604904175e-02,5.891328454017639160e-01,8.059256672859191895e-01,-1.295204907655715942e-01,3.712981343269348145e-01,1.636703312397003174e-01,4.320020973682403564e-01,-5.017898231744766235e-02,-4.001465067267417908e-02,-2.510249316692352295e-01,-2.477251440286636353e-01,-2.256813645362854004e-01,4.960438609123229980e-01,-2.562118470668792725e-01,3.471415862441062927e-02,-9.984982013702392578e-02,-1.776713281869888306e-01,2.699235975742340088e-01,-6.197053790092468262e-01,1.027820706367492676e+00,1.244708150625228882e-01,-2.576390802860260010e-01,1.039589568972587585e-01,-2.571913599967956543e-01,6.169067025184631348e-01,-1.591155230998992920e-01,-1.156746149063110352e+00,-4.365844726562500000e-01,-5.087428092956542969e-01,1.085336655378341675e-01,-3.109075427055358887e-01,-3.455311655998229980e-01
-9.272395074367523193e-02,6.571792066097259521e-02,8.276755213737487793e-01,-1.225392217747867107e-03,6.200444325804710388e-02,5.731176733970642090e-01,8.171230554580688477e-01,-1.750808805227279663e-01,3.334760069847106934e-01,1.546828299760818481e-01,4.818509519100189209e-01,-1.171453390270471573e-02,-4.319663718342781067e-02,-2.150066792964935303e-01,-2.563523352146148682e-01,-2.018257379531860352e-01,4.059733748435974121e-01,-1.511980593204498291e-01,6.921119242906570435e-02,-5.638848617672920227e-02,-1.766339987516403198e-01,2.989690303802490234e-01,-6.080751419067382812e-01,9.086858034133911133e-01,7.417133450508117676e-02,-2.855683565139770508e-01,5.669656768441200256e-02,-2.741949260234832764e-01,6.253835558891296387e-01,-2.358904927968978882e-01,-1.047199606895446777e+00,-3.140327930450439453e-01,-6.095947027206420898e-01,1.404383033514022827e-01,-3.134811222553253174e-01,-3.366772830486297607e-01
-8.852459490299224854e-02,6.902550160884857178e-02,8.391765356063842773e-01,1.034832280129194260e-02,6.899935752153396606e-02,5.625194311141967773e-01,8.238348960876464844e-01,-2.236199229955673218e-01,2.973685860633850098e-01,1.502357721328735352e-01,5.391199588775634766e-01,-1.267360337078571320e-02,-3.532413393259048462e-02,-1.895442903041839600e-01,-2.730307281017303467e-01,-1.848846673965454102e-01,3.442198038101196289e-01,-6.879039108753204346e-02,1.002411544322967529e-01,-2.418547682464122772e-02,-1.692363768815994263e-01,3.271541297435760498e-01,-5.808135271072387695e-01,8.172580599784851074e-01,4.582246765494346619e-02,-2.809821069240570068e-01,5.988184362649917603e-03,-2.877417206764221191e-01,6.302208304405212402e-01,-2.941059470176696777e-01,-9.560293555259704590e-01,-2.047371566295623779e-01,-6.454069018363952637e-01,1.571312844753265381e-01,-3.018221259117126465e-01,-3.268002569675445557e-01
-8.631090819835662842e-02,7.290053367614746094e-02,8.508322834968566895e-01,1.455348450690507889e-02,7.574844360351562500e-02,5.601075291633605957e-01,8.248211145401000977e-01,-3.054430186748504639e-01,2.635423243045806885e-01,1.621850878000259399e-01,5.935527086257934570e-01,2.816502377390861511e-02,-2.515410073101520538e-02,-1.830467730760574341e-01,-2.820740640163421631e-01,-1.672623604536056519e-01,3.055229187011718750e-01,3.503465652465820312e-02,1.379064023494720459e-01,1.060386352946807165e-06,-1.327996402978897095e-01,3.743344843387603760e-01,-5.272107720375061035e-01,6.666191816329956055e-01,-4.893397446721792221e-03,-2.566569745540618896e-01,-9.978637099266052246e-02,-3.117806315422058105e-01,5.830657482147216797e-01,-3.085601031780242920e-01,-8.131465315818786621e-01,-5.393853783607482910e-02,-6.322181224822998047e-01,2.466274052858352661e-01,-2.893177270889282227e-01,-2.651755511760711670e-01
-8.608521521091461182e-02,7.677045464515686035e-02,8.549141883850097656e-01,1.753729581832885742e-02,8.103217929601669312e-02,5.654900670051574707e-01,8.205773830413818359e-01,-3.986419439315795898e-01,2.345677316188812256e-01,1.811990290880203247e-01,6.015756130218505859e-01,4.941271990537643433e-02,-2.231266349554061890e-02,-1.814077496528625488e-01,-2.976738214492797852e-01,-1.621328592300415039e-01,3.030979633331298828e-01,6.421889364719390869e-02,1.362082064151763916e-01,3.331603854894638062e-02,-8.026932179927825928e-02,4.314872324466705322e-01,-4.581916630268096924e-01,5.041862726211547852e-01,-7.811906933784484863e-02,-2.042908370494842529e-01,-2.579696178436279297e-01,-3.308216035366058350e-01,5.092545151710510254e-01,-2.922334074974060059e-01,-6.659587025642395020e-01,8.113193511962890625e-02,-5.000298619270324707e-01,3.836670517921447754e-01,-2.797374129295349121e-01,-2.237602770328521729e-01
-8.727930486202239990e-02,8.119135349988937378e-02,8.522855043411254883e-01,1.516955718398094177e-02,8.119887858629226685e-02,5.748834013938903809e-01,8.140550851821899414e-01,-4.842664003372192383e-01,2.170527428388595581e-01,2.016051262617111206e-01,5.586301684379577637e-01,5.871064215898513794e-02,-3.176014497876167297e-02,-1.819928139448165894e-01,-3.023720085620880127e-01,-1.622320413589477539e-01,3.269278705120086670e-01,5.122821033000946045e-02,1.307252943515777588e-01,8.225123584270477295e-02,3.358481451869010925e-03,4.700054526329040527e-01,-3.487410545349121094e-01,4.273639023303985596e-01,-1.587712615728378296e-01,-1.237505376338958740e-01,-3.641935288906097412e-01,-3.310104608535766602e-01,4.188046157360076904e-01,-2.490957528352737427e-01,-5.712200999259948730e-01,1.860587298870086670e-01,-2.347893267869949341e-01,5.263553261756896973e-01,-2.590308487415313721e-01,-2.080883383750915527e-01
-8.945313096046447754e-02,8.687458187341690063e-02,8.434618711471557617e-01,1.364825665950775146e-02,7.238844037055969238e-02,5.785219073295593262e-01,8.123337030410766602e-01,-5.872160792350769043e-01,2.153135985136032104e-01,2.188260108232498169e-01,4.435442984104156494e-01,3.650068864226341248e-02,-6.001188606023788452e-02,-1.687896698713302612e-01,-2.993586659431457520e-01,-1.738766729831695557e-01,3.610206246376037598e-01,-1.608053781092166901e-02,1.368669867515563965e-01,1.843729168176651001e-01,1.428182423114776611e-01,4.927457571029663086e-01,-1.618865579366683960e-01,4.629737436771392822e-01,-2.952730953693389893e-01,-6.041243299841880798e-02,-4.185419678688049316e-01,-3.208924829959869385e-01,1.533563584089279175e-01,-2.764204144477844238e-01,-5.541005730628967285e-01,2.442484945058822632e-01,2.723858654499053955e-01,4.799498021602630615e-01,-2.057632058858871460e-01,-1.314883083105087280e-01
-9.154317528009414673e-02,9.207364916801452637e-02,8.313253521919250488e-01,5.546817556023597717e-03,6.356018781661987305e-02,5.798155665397644043e-01,8.122458457946777344e-01,-6.331040263175964355e-01,2.288203239440917969e-01,1.968927681446075439e-01,3.456945419311523438e-01,5.690321326255798340e-02,-8.321208506822586060e-02,-1.597683280706405640e-01,-2.710368633270263672e-01,-1.552648842334747314e-01,3.835482895374298096e-01,-1.012235060334205627e-01,1.301235556602478027e-01,2.406162470579147339e-01,2.172133028507232666e-01,5.013345479965209961e-01,-8.189814537763595581e-02,4.719651937484741211e-01,-3.215819001197814941e-01,-2.376605011522769928e-02,-4.436955451965332031e-01,-3.033305406570434570e-01,6.337512284517288208e-02,-2.862977087497711182e-01,-5.514137744903564453e-01,2.544199824333190918e-01,4.658839702606201172e-01,4.718582332134246826e-01,-1.927453875541687012e-01,-8.249717950820922852e-02
-9.248887002468109131e-02,1.011098027229309082e-01,8.163307309150695801e-01,-1.544581376947462559e-03,5.394710227847099304e-02,5.826882719993591309e-01,8.109017610549926758e-01,-6.739577651023864746e-01,2.374293804168701172e-01,1.646542400121688843e-01,2.584466934204101562e-01,7.311028242111206055e-02,-9.538001567125320435e-02,-1.448648273944854736e-01,-2.471923530101776123e-01,-1.443625092506408691e-01,4.167313873767852783e-01,-2.021373808383941650e-01,1.074323728680610657e-01,2.973216474056243896e-01,2.905015647411346436e-01,5.075064897537231445e-01,4.451394081115722656e-03,5.010182261466979980e-01,-3.214972615242004395e-01,8.178288699127733707e-04,-4.469695389270782471e-01,-2.884149849414825439e-01,-1.641703955829143524e-02,-2.800422608852386475e-01,-5.612767338752746582e-01,2.270709723234176636e-01,6.463137865066528320e-01,4.570328593254089355e-01,-1.743658334016799927e-01,-4.402291774749755859e-02
-9.241200983524322510e-02,1.127465963363647461e-01,7.983613610267639160e-01,-4.292895551770925522e-03,4.261039942502975464e-02,5.884015560150146484e-01,8.074339628219604492e-01,-7.234448790550231934e-01,2.418944537639617920e-01,1.602417081594467163e-01,2.268051952123641968e-01,3.272604569792747498e-02,-7.920679450035095215e-02,-1.160682514309883118e-01,-2.354959845542907715e-01,-1.531587541103363037e-01,4.582781195640563965e-01,-3.399085998535156250e-01,5.233985185623168945e-02,3.643769919872283936e-01,3.726098537445068359e-01,5.152980089187622070e-01,1.033455356955528259e-01,5.014020204544067383e-01,-2.588414549827575684e-01,1.653582416474819183e-02,-5.534517168998718262e-01,-2.829999923706054688e-01,-3.068724088370800018e-02,-3.373093605041503906e-01,-5.948733091354370117e-01,1.414351016283035278e-01,9.688750505447387695e-01,4.293917715549468994e-01,-1.219692751765251160e-01,-6.162533536553382874e-02
-9.176041185855865479e-02,1.113925650715827942e-01,7.817462682723999023e-01,-7.075296714901924133e-03,3.194344416260719299e-02,5.980695486068725586e-01,8.007761240005493164e-01,-7.503408789634704590e-01,2.338992804288864136e-01,1.474467664957046509e-01,2.020377218723297119e-01,2.023768797516822815e-02,-5.397363007068634033e-02,-1.128580346703529358e-01,-2.072466462850570679e-01,-1.260132789611816406e-01,5.150420665740966797e-01,-4.602804183959960938e-01,1.225595269352197647e-02,4.122427105903625488e-01,4.372290968894958496e-01,5.199999809265136719e-01,1.950825303792953491e-01,5.317959785461425781e-01,-1.621914803981781006e-01,7.934077829122543335e-02,-6.039721369743347168e-01,-2.837071418762207031e-01,2.311708591878414154e-02,-3.529612720012664795e-01,-6.514875888824462891e-01,-2.701044548302888870e-03,1.146775484085083008e+00,5.256521701812744141e-01,-1.151565089821815491e-01,-1.465404033660888672e-01
-9.587737172842025757e-02,1.410696804523468018e-01,7.694507837295532227e-01,-2.006428875029087067e-02,3.217472881078720093e-02,6.070473194122314453e-01,7.937605381011962891e-01,-7.877259850502014160e-01,2.282249629497528076e-01,1.441873610019683838e-01,2.229907959699630737e-01,1.914337649941444397e-02,-2.785646356642246246e-02,-9.438760578632354736e-02,-1.988780498504638672e-01,-1.157062053680419922e-01,5.497375130653381348e-01,-5.114178657531738281e-01,-1.146414969116449356e-02,4.437116384506225586e-01,4.629828631877899170e-01,5.199999809265136719e-01,2.639384269714355469e-01,5.723056197166442871e-01,-2.977209724485874176e-02,1.876499652862548828e-01,-6.221949458122253418e-01,-2.877910733222961426e-01,1.009620800614356995e-01,-3.380199670791625977e-01,-7.193607091903686523e-01,-1.710692197084426880e-01,1.197389721870422363e+00,7.177106738090515137e-01,-1.560122817754745483e-01,-2.531176507472991943e-01
-1.043099984526634216e-01,1.741853952407836914e-01,7.629848718643188477e-01,-3.550091758370399475e-02,4.195542261004447937e-02,6.159310340881347656e-01,7.858806252479553223e-01,-8.243384361267089844e-01,2.133772224187850952e-01,1.505536884069442749e-01,2.798568308353424072e-01,1.286525372415781021e-02,-1.650202088057994843e-03,-6.647013127803802490e-02,-2.001782506704330444e-01,-1.008038148283958435e-01,5.226621627807617188e-01,-5.247937440872192383e-01,-1.132522802799940109e-02,4.593968093395233154e-01,4.364616274833679199e-01,5.199999809265136719e-01,3.274644613265991211e-01,6.340073347091674805e-01,9.141717851161956787e-02,2.692084908485412598e-01,-6.008129119873046875e-01,-3.004697859287261963e-01,1.738557964563369751e-01,-2.808090150356292725e-01,-7.698911428451538086e-01,-2.969041466712951660e-01,1.119722247123718262e+00,8.587412238121032715e-01,-2.287271916866302490e-01,-3.353634178638458252e-01
-1.118500381708145142e-01,2.078216671943664551e-01,7.605814933776855469e-01,-5.153198540210723877e-02,5.435335636138916016e-02,6.212813854217529297e-01,7.799997925758361816e-01,-8.437787890434265137e-01,2.035314589738845825e-01,1.575485467910766602e-01,3.153723180294036865e-01,1.849292078986763954e-03,6.032661069184541702e-03,-2.577759511768817902e-02,-1.956356614828109741e-01,-7.364496588706970215e-02,4.499148130416870117e-01,-5.050364136695861816e-01,5.315763410180807114e-03,4.535995125770568848e-01,3.764891326427459717e-01,5.163964033126831055e-01,4.026305079460144043e-01,7.037687897682189941e-01,2.084755003452301025e-01,2.793540656566619873e-01,-5.532972812652587891e-01,-3.194593191146850586e-01,2.350424528121948242e-01,-1.660492867231369019e-01,-7.717413902282714844e-01,-3.858806490898132324e-01,8.906356096267700195e-01,8.989995121955871582e-01,-3.403255939483642578e-01,-4.223773181438446045e-01
-1.161341369152069092e-01,2.326011210680007935e-01,7.631214261054992676e-01,-5.801234766840934753e-02,6.455431133508682251e-02,6.262671947479248047e-01,7.747623920440673828e-01,-8.480026125907897949e-01,1.975137144327163696e-01,1.724638789892196655e-01,3.513792753219604492e-01,4.763138131238520145e-04,9.071867913007736206e-03,1.676380634307861328e-03,-2.023441046476364136e-01,-5.454712733626365662e-02,4.109313786029815674e-01,-4.438069164752960205e-01,2.615161053836345673e-02,4.488865435123443604e-01,3.166954219341278076e-01,5.122112035751342773e-01,4.471167922019958496e-01,7.370739579200744629e-01,2.695699930191040039e-01,2.350499182939529419e-01,-5.121093392372131348e-01,-3.338903486728668213e-01,2.796936035156250000e-01,-5.861236527562141418e-02,-7.454097867012023926e-01,-4.183097183704376221e-01,6.554943323135375977e-01,8.453314900398254395e-01,-3.899814188480377197e-01,-4.545639157295227051e-01
-1.149595826864242554e-01,2.379526495933532715e-01,7.676032185554504395e-01,-6.052735075354576111e-02,7.227405905723571777e-02,6.337220668792724609e-01,7.677950859069824219e-01,-8.329715728759765625e-01,1.950564831495285034e-01,1.818407326936721802e-01,3.656364381313323975e-01,2.247398532927036285e-02,1.119306427426636219e-03,6.430882029235363007e-03,-1.938647478818893433e-01,-2.172606997191905975e-02,3.945488333702087402e-01,-4.014707207679748535e-01,4.432158172130584717e-02,4.265471994876861572e-01,2.363367974758148193e-01,5.067398548126220703e-01,4.934987127780914307e-01,7.629752755165100098e-01,3.304808735847473145e-01,1.493354290723800659e-01,-4.465271830558776855e-01,-3.627944886684417725e-01,3.280206322669982910e-01,7.433364540338516235e-02,-6.827088594436645508e-01,-4.521819651126861572e-01,3.295385241508483887e-01,7.728158831596374512e-01,-4.463537335395812988e-01,-4.766639769077301025e-01
-1.150268912315368652e-01,2.439299523830413818e-01,7.725259065628051758e-01,-5.886194854974746704e-02,6.623390316963195801e-02,6.435579061508178711e-01,7.602509856224060059e-01,-7.985096573829650879e-01,2.045783996582031250e-01,1.949396878480911255e-01,3.735779821872711182e-01,5.341092497110366821e-02,-1.045778859406709671e-02,1.715447567403316498e-02,-1.847162693738937378e-01,-2.521316893398761749e-02,4.275745749473571777e-01,-3.136548399925231934e-01,5.921313166618347168e-02,3.926471471786499023e-01,1.714427769184112549e-01,5.005230903625488281e-01,5.106233954429626465e-01,7.801213264465332031e-01,3.531198799610137939e-01,4.002078250050544739e-02,-3.916595280170440674e-01,-3.820720911026000977e-01,3.568997383117675781e-01,1.748803555965423584e-01,-6.469448804855346680e-01,-4.602706134319305420e-01,1.449920535087585449e-01,7.074430584907531738e-01,-4.415706992149353027e-01,-4.542231857776641846e-01
-1.166895255446434021e-01,2.505619525909423828e-01,7.798153758049011230e-01,-5.571196600794792175e-02,5.912437289953231812e-02,6.542139649391174316e-01,7.519338726997375488e-01,-7.600982189178466797e-01,2.068581581115722656e-01,1.904371976852416992e-01,3.917706906795501709e-01,7.076868414878845215e-02,-1.310145203024148941e-02,-1.500591984950006008e-03,-1.870340853929519653e-01,-4.411307722330093384e-02,5.230236053466796875e-01,-1.837670505046844482e-01,5.724685639142990112e-02,3.556343615055084229e-01,1.231146231293678284e-01,4.967450797557830811e-01,4.829395115375518799e-01,7.722251415252685547e-01,3.322480916976928711e-01,-4.200375080108642578e-02,-3.465674519538879395e-01,-3.812730014324188232e-01,3.679354488849639893e-01,2.308128774166107178e-01,-6.229349970817565918e-01,-4.388718903064727783e-01,2.617464400827884674e-02,5.927127003669738770e-01,-4.090769886970520020e-01,-4.257871210575103760e-01
-1.183268576860427856e-01,2.717352509498596191e-01,7.821874618530273438e-01,-5.147672817111015320e-02,5.706314742565155029e-02,6.605386137962341309e-01,7.468485236167907715e-01,-7.329354286193847656e-01,2.068857699632644653e-01,1.929368227720260620e-01,4.331251382827758789e-01,5.096434801816940308e-02,2.686145948246121407e-03,4.019871819764375687e-03,-1.996333152055740356e-01,-4.801386594772338867e-02,5.876156091690063477e-01,-8.738752454519271851e-02,5.724569782614707947e-02,3.084795773029327393e-01,5.923215299844741821e-02,4.883996546268463135e-01,4.069694578647613525e-01,7.456249594688415527e-01,2.491552084684371948e-01,-1.320338398218154907e-01,-2.768734693527221680e-01,-3.884811997413635254e-01,3.723320960998535156e-01,2.407954484224319458e-01,-5.862501263618469238e-01,-3.629049956798553467e-01,-1.011944785714149475e-01,4.490735828876495361e-01,-3.749125003814697266e-01,-4.098471701145172119e-01
-1.200506538152694702e-01,2.751323580741882324e-01,7.783944010734558105e-01,-4.894521832466125488e-02,4.984936490654945374e-02,6.632390618324279785e-01,7.451398372650146484e-01,-7.006829380989074707e-01,2.168262749910354614e-01,1.982041299343109131e-01,4.410808682441711426e-01,3.892588987946510315e-02,1.183694321662187576e-02,-3.811324946582317352e-03,-2.049081325531005859e-01,-6.298115849494934082e-02,6.493310928344726562e-01,-7.614632695913314819e-02,5.464034900069236755e-02,2.756081819534301758e-01,3.537318855524063110e-02,4.837340712547302246e-01,3.394227623939514160e-01,7.285132408142089844e-01,1.850347071886062622e-01,-1.697723120450973511e-01,-2.401094287633895874e-01,-3.839159905910491943e-01,3.707698285579681396e-01,2.327594906091690063e-01,-5.596366524696350098e-01,-3.040936589241027832e-01,-1.604272127151489258e-01,3.844169080257415771e-01,-3.531191945075988770e-01,-4.033633470535278320e-01
-1.215903386473655701e-01,2.968530654907226562e-01,7.765401601791381836e-01,-4.731040820479393005e-02,3.294246643781661987e-02,6.706550121307373047e-01,7.395257949829101562e-01,-6.506678462028503418e-01,2.213561385869979858e-01,1.723285466432571411e-01,4.593366980552673340e-01,-5.838030017912387848e-03,2.388634718954563141e-02,-7.352773845195770264e-02,-1.918008178472518921e-01,-1.146997138857841492e-01,8.110089302062988281e-01,-1.550177186727523804e-01,8.388682268559932709e-03,2.274013310670852661e-01,3.612491115927696228e-02,4.815689027309417725e-01,2.427716106176376343e-01,6.973384618759155273e-01,1.006437763571739197e-01,-1.725755929946899414e-01,-2.094897776842117310e-01,-3.774670958518981934e-01,3.739520311355590820e-01,2.049273401498794556e-01,-5.215720534324645996e-01,-2.226215451955795288e-01,-2.063111215829849243e-01,3.368922173976898193e-01,-3.400483727455139160e-01,-4.035202562808990479e-01
-1.205420345067977905e-01,3.168354332447052002e-01,7.805000543594360352e-01,-4.320686683058738708e-02,1.959207281470298767e-02,6.780096888542175293e-01,7.335204482078552246e-01,-6.182735562324523926e-01,2.215798795223236084e-01,1.502928584814071655e-01,5.023276805877685547e-01,-6.236871331930160522e-02,3.004052489995956421e-02,-1.787821352481842041e-01,-2.162801027297973633e-01,-1.496972888708114624e-01,9.112940430641174316e-01,-2.111389636993408203e-01,-1.842396892607212067e-02,1.583907008171081543e-01,1.861353218555450439e-02,4.694221019744873047e-01,9.511976689100265503e-02,6.321148872375488281e-01,-4.220577701926231384e-02,-1.650784313678741455e-01,-2.025853097438812256e-01,-3.727142512798309326e-01,3.467623889446258545e-01,1.491510868072509766e-01,-4.685896039009094238e-01,-8.805250376462936401e-02,-2.701981961727142334e-01,3.121561110019683838e-01,-3.383120596408843994e-01,-3.793287575244903564e-01
-1.173936203122138977e-01,3.345160484313964844e-01,7.830618619918823242e-01,-4.173106327652931213e-02,8.257438428699970245e-03,6.829508543014526367e-01,7.292245626449584961e-01,-5.904446840286254883e-01,2.240819185972213745e-01,1.317101716995239258e-01,5.335287451744079590e-01,-1.125390455126762390e-01,3.713510930538177490e-02,-2.775805592536926270e-01,-2.383000999689102173e-01,-1.722859889268875122e-01,9.460280537605285645e-01,-2.584630846977233887e-01,-3.712939098477363586e-02,9.291736781597137451e-02,6.220025010406970978e-03,4.494600892066955566e-01,-7.503844052553176880e-02,5.516307950019836426e-01,-2.015472203493118286e-01,-9.404220432043075562e-02,-2.266093194484710693e-01,-3.600584268569946289e-01,3.077781200408935547e-01,6.964880228042602539e-02,-4.251556694507598877e-01,7.266438752412796021e-02,-3.136296272277832031e-01,3.462797105312347412e-01,-3.406108021736145020e-01,-3.294130563735961914e-01
-1.235456541180610657e-01,3.532541692256927490e-01,7.849138975143432617e-01,-3.757379204034805298e-02,5.767768016085028648e-05,6.853893995285034180e-01,7.272067070007324219e-01,-5.525467991828918457e-01,2.110771387815475464e-01,1.214527115225791931e-01,5.546506643295288086e-01,-1.707117110490798950e-01,4.758046194911003113e-02,-3.529279232025146484e-01,-2.541769742965698242e-01,-1.931947171688079834e-01,9.150477647781372070e-01,-2.747379541397094727e-01,-3.200166672468185425e-02,3.424916043877601624e-02,-2.661423059180378914e-03,4.389773607254028320e-01,-2.448162138462066650e-01,4.551994800567626953e-01,-3.143501281738281250e-01,2.024418488144874573e-02,-2.597786784172058105e-01,-3.394723534584045410e-01,3.039409220218658447e-01,-5.236459430307149887e-03,-4.002588689327239990e-01,2.036547809839248657e-01,-3.369260430335998535e-01,4.206207096576690674e-01,-3.280657529830932617e-01,-2.670872211456298828e-01
-1.299410909414291382e-01,3.614330291748046875e-01,7.868590950965881348e-01,-2.612100169062614441e-02,-8.876403793692588806e-03,6.862505674362182617e-01,7.268418073654174805e-01,-5.129062533378601074e-01,1.914124190807342529e-01,1.162861660122871399e-01,5.688123106956481934e-01,-1.868391484022140503e-01,4.574989527463912964e-02,-3.960080146789550781e-01,-2.656193971633911133e-01,-1.964947283267974854e-01,8.238089680671691895e-01,-2.562720775604248047e-01,-1.224445924162864685e-02,-7.780079264193773270e-03,-7.232008036226034164e-03,4.359776079654693604e-01,-3.555580675601959229e-01,3.761253654956817627e-01,-3.682850599288940430e-01,1.089481636881828308e-01,-3.091475963592529297e-01,-3.242018520832061768e-01,3.310608565807342529e-01,-7.265186309814453125e-02,-3.862400054931640625e-01,2.873603105545043945e-01,-3.443073928356170654e-01,4.595587253570556641e-01,-3.102846145629882812e-01,-2.300626635551452637e-01
-1.284504830837249756e-01,3.727078139781951904e-01,7.889854907989501953e-01,-9.195731021463871002e-03,-1.249605417251586914e-02,6.877143979072570801e-01,7.258155345916748047e-01,-4.678364098072052002e-01,1.621462702751159668e-01,1.029810309410095215e-01,5.809938311576843262e-01,-1.960612535476684570e-01,3.662322834134101868e-02,-4.093355238437652588e-01,-2.753763794898986816e-01,-1.795655637979507446e-01,6.972349882125854492e-01,-1.951725929975509644e-01,3.468796238303184509e-02,-5.307400226593017578e-02,-1.483639702200889587e-02,4.377447068691253662e-01,-4.650389254093170166e-01,3.187243640422821045e-01,-3.904716372489929199e-01,1.737445741891860962e-01,-3.740929663181304932e-01,-3.101688623428344727e-01,3.615946471691131592e-01,-1.496666371822357178e-01,-3.954388797283172607e-01,3.374031186103820801e-01,-3.592126071453094482e-01,4.789428412914276123e-01,-2.807812988758087158e-01,-1.893623471260070801e-01
-1.201833486557006836e-01,3.797820806503295898e-01,7.918183207511901855e-01,4.411749541759490967e-03,-1.563057675957679749e-02,6.899522542953491211e-01,7.236726284027099609e-01,-4.221765697002410889e-01,1.489632427692413330e-01,9.672300517559051514e-02,5.660525560379028320e-01,-1.980017125606536865e-01,2.127708308398723602e-02,-3.939132392406463623e-01,-2.829628586769104004e-01,-1.712758690118789673e-01,5.945963263511657715e-01,-1.395243257284164429e-01,6.603748351335525513e-02,-8.638995140790939331e-02,-1.869514957070350647e-02,4.347520768642425537e-01,-5.334470868110656738e-01,2.920578122138977051e-01,-4.077139794826507568e-01,2.056966871023178101e-01,-4.004711806774139404e-01,-3.106834292411804199e-01,3.736319839954376221e-01,-2.024477571249008179e-01,-3.977035880088806152e-01,3.592677414417266846e-01,-3.706201612949371338e-01,4.719094038009643555e-01,-2.714247405529022217e-01,-1.707313954830169678e-01
-9.936743974685668945e-02,3.899503648281097412e-01,7.933902740478515625e-01,2.302234247326850891e-02,-1.353031210601329803e-02,6.938925981521606445e-01,7.195832133293151855e-01,-3.680834174156188965e-01,1.333036273717880249e-01,8.009133487939834595e-02,5.386115908622741699e-01,-1.984464228153228760e-01,2.238270360976457596e-03,-3.554274439811706543e-01,-2.890383303165435791e-01,-1.255488395690917969e-01,4.717249274253845215e-01,-6.582726538181304932e-02,1.154591590166091919e-01,-1.214159801602363586e-01,-2.116508036851882935e-02,4.259298741817474365e-01,-6.076003909111022949e-01,2.590831816196441650e-01,-4.073286652565002441e-01,1.956053972244262695e-01,-4.672479927539825439e-01,-3.205342590808868408e-01,3.979365527629852295e-01,-2.625407576560974121e-01,-4.248184561729431152e-01,3.635677397251129150e-01,-4.149592518806457520e-01,4.605261683464050293e-01,-2.635756731033325195e-01,-1.604944765567779541e-01
-8.906595408916473389e-02,4.017639160156250000e-01,7.942125797271728516e-01,3.418595343828201294e-02,-7.944907993078231812e-03,6.967631578445434570e-01,7.164421081542968750e-01,-3.115343451499938965e-01,1.130650714039802551e-01,5.583903193473815918e-02,4.787837564945220947e-01,-2.145348787307739258e-01,-2.340747043490409851e-02,-2.977258265018463135e-01,-2.936328053474426270e-01,-7.619244605302810669e-02,3.800659477710723877e-01,-8.755168877542018890e-03,1.578283309936523438e-01,-1.503830701112747192e-01,-7.880662567913532257e-03,3.973835706710815430e-01,-6.978867053985595703e-01,2.438270896673202515e-01,-4.177665412425994873e-01,1.810537278652191162e-01,-5.441855788230895996e-01,-3.398264050483703613e-01,4.011251032352447510e-01,-3.249804973602294922e-01,-4.813258051872253418e-01,3.451185822486877441e-01,-4.505724310874938965e-01,4.283776283264160156e-01,-2.592732310295104980e-01,-1.711620986461639404e-01
-8.007974922657012939e-02,4.124584496021270752e-01,7.956896424293518066e-01,4.199867695569992065e-02,-7.236419245600700378e-03,6.957587599754333496e-01,7.170101404190063477e-01,-2.599933445453643799e-01,1.240312308073043823e-01,5.078085511922836304e-02,4.391165077686309814e-01,-2.094155102968215942e-01,-4.919553920626640320e-02,-2.462251186370849609e-01,-3.021853566169738770e-01,-7.768882811069488525e-02,3.387211561203002930e-01,-1.201500650495290756e-03,1.589496582746505737e-01,-1.524380296468734741e-01,3.138042055070400238e-03,3.567806184291839600e-01,-7.787275314331054688e-01,2.514120936393737793e-01,-3.779589235782623291e-01,1.284968256950378418e-01,-5.685275197029113770e-01,-3.748640120029449463e-01,4.058025181293487549e-01,-3.898902237415313721e-01,-5.371926426887512207e-01,2.852402627468109131e-01,-4.695073068141937256e-01,3.879585564136505127e-01,-2.602168619632720947e-01,-1.966689527034759521e-01
-7.197478413581848145e-02,4.057349860668182373e-01,7.962054610252380371e-01,4.715571552515029907e-02,-7.662225980311632156e-03,6.972050070762634277e-01,7.152781486511230469e-01,-2.266394197940826416e-01,1.377683132886886597e-01,4.613637179136276245e-02,4.030585885047912598e-01,-1.901499480009078979e-01,-7.496776431798934937e-02,-2.004309445619583130e-01,-2.998163700103759766e-01,-8.962902426719665527e-02,2.975653409957885742e-01,-2.099497988820075989e-02,1.463904976844787598e-01,-1.383521705865859985e-01,1.279160194098949432e-02,3.170290887355804443e-01,-8.326823711395263672e-01,2.909070551395416260e-01,-3.223356008529663086e-01,6.069141626358032227e-02,-5.348256826400756836e-01,-4.065448641777038574e-01,4.300414621829986572e-01,-4.237199723720550537e-01,-5.931095480918884277e-01,2.102964967489242554e-01,-4.283553659915924072e-01,3.906598687171936035e-01,-2.600634992122650146e-01,-2.540381848812103271e-01
-6.487040221691131592e-02,4.143942892551422119e-01,7.977366447448730469e-01,4.927103221416473389e-02,-8.769493550062179565e-03,6.998292207717895508e-01,7.125549316406250000e-01,-1.932518184185028076e-01,1.514154076576232910e-01,5.433651804924011230e-02,3.893055021762847900e-01,-1.844557374715805054e-01,-7.596476376056671143e-02,-1.519621312618255615e-01,-2.984223365783691406e-01,-1.144343540072441101e-01,2.620519399642944336e-01,-5.157007277011871338e-02,1.382204592227935791e-01,-9.953989833593368530e-02,1.200982555747032166e-02,2.895445823669433594e-01,-8.149413466453552246e-01,3.218696117401123047e-01,-2.594504058361053467e-01,-2.960072457790374756e-02,-5.308390855789184570e-01,-4.385189116001129150e-01,4.532329142093658447e-01,-4.635537564754486084e-01,-6.414318084716796875e-01,1.057252585887908936e-01,-3.180278241634368896e-01,4.234600365161895752e-01,-2.759295403957366943e-01,-3.533279001712799072e-01
-6.642883270978927612e-02,4.238545596599578857e-01,7.998195886611938477e-01,4.726793244481086731e-02,-9.162090718746185303e-03,7.018797397613525391e-01,7.106662988662719727e-01,-1.628758460283279419e-01,1.587712466716766357e-01,7.295088469982147217e-02,3.645175993442535400e-01,-1.893259435892105103e-01,-7.769376039505004883e-02,-1.211713925004005432e-01,-3.000831007957458496e-01,-1.347906291484832764e-01,2.347642183303833008e-01,-5.723024532198905945e-02,1.311505287885665894e-01,-6.219577789306640625e-02,1.135935261845588684e-02,2.526447176933288574e-01,-7.389252185821533203e-01,3.544086217880249023e-01,-2.493448704481124878e-01,-4.110351577401161194e-02,-5.354182124137878418e-01,-4.347573220729827881e-01,4.421686828136444092e-01,-5.085502862930297852e-01,-6.826932430267333984e-01,8.248987793922424316e-02,-1.580092459917068481e-01,4.567729234695434570e-01,-2.712077200412750244e-01,-3.907761871814727783e-01
-6.601029634475708008e-02,4.341220557689666748e-01,8.016971945762634277e-01,4.809548333287239075e-02,-7.160299923270940781e-03,7.063821554183959961e-01,7.061585187911987305e-01,-8.469939231872558594e-02,1.506657302379608154e-01,8.700767159461975098e-02,2.563017904758453369e-01,-1.932847648859024048e-01,-7.161329686641693115e-02,-5.910965427756309509e-02,-3.017749488353729248e-01,-1.595224589109420776e-01,1.549121588468551636e-01,-5.030608922243118286e-02,1.371637731790542603e-01,-2.412698045372962952e-02,-4.767086822539567947e-03,1.678117215633392334e-01,-5.396367311477661133e-01,4.027231335639953613e-01,-2.769669294357299805e-01,2.339529432356357574e-02,-5.528564453125000000e-01,-3.925353884696960449e-01,4.194755852222442627e-01,-6.198548674583435059e-01,-6.873162388801574707e-01,1.188876554369926453e-01,2.400283962488174438e-01,5.360962152481079102e-01,-2.474453598260879517e-01,-4.476628005504608154e-01
-6.755688786506652832e-02,4.246833026409149170e-01,8.012908697128295898e-01,4.897330701351165771e-02,-1.273534540086984634e-02,7.058532238006591797e-01,7.065483927726745605e-01,-4.351953044533729553e-02,1.564031988382339478e-01,9.885919094085693359e-02,1.983307749032974243e-01,-2.140480875968933105e-01,-5.338155850768089294e-02,-4.923957958817481995e-02,-2.908229529857635498e-01,-1.463338881731033325e-01,1.276016980409622192e-01,-3.598048537969589233e-02,1.501944512128829956e-01,2.487018518149852753e-02,-2.047644369304180145e-02,1.458469480276107788e-01,-3.239559829235076904e-01,5.284189581871032715e-01,-3.495678603649139404e-01,2.808533906936645508e-01,-5.289970636367797852e-01,-2.457870692014694214e-01,2.422317117452621460e-01,-9.489867687225341797e-01,-7.374480962753295898e-01,2.970992922782897949e-01,8.177455663681030273e-01,4.970631003379821777e-01,-1.239570379257202148e-01,-3.410656750202178955e-01
-7.274155318737030029e-02,4.311130344867706299e-01,8.016548752784729004e-01,4.270752146840095520e-02,-1.112863514572381973e-02,7.080568075180053711e-01,7.047749757766723633e-01,-2.716702036559581757e-02,1.563042700290679932e-01,1.066857054829597473e-01,1.668876260519027710e-01,-2.305240333080291748e-01,-4.806925356388092041e-02,-4.222491756081581116e-02,-2.913096547126770020e-01,-1.535255759954452515e-01,1.122343763709068298e-01,-3.303897753357887268e-02,1.580830663442611694e-01,4.956168681383132935e-02,-3.401238843798637390e-02,1.415352821350097656e-01,-1.913633048534393311e-01,5.694351196289062500e-01,-3.427645266056060791e-01,3.340338766574859619e-01,-4.953848719596862793e-01,-2.169596105813980103e-01,1.721407026052474976e-01,-1.027602076530456543e+00,-7.818590402603149414e-01,3.620501160621643066e-01,9.443982839584350586e-01,4.225395917892456055e-01,-8.501558750867843628e-02,-2.883405983448028564e-01
-7.916337251663208008e-02,4.406905174255371094e-01,8.013552427291870117e-01,3.399958834052085876e-02,-5.476845894008874893e-03,7.062592506408691406e-01,7.071151733398437500e-01,-1.368056982755661011e-02,1.521111130714416504e-01,1.097801923751831055e-01,1.299744844436645508e-01,-2.518618404865264893e-01,-4.274899140000343323e-02,-4.332027584314346313e-02,-2.946984767913818359e-01,-1.633563637733459473e-01,9.171551465988159180e-02,-3.122019022703170776e-02,1.674472391605377197e-01,9.416113048791885376e-02,-5.837522074580192566e-02,1.460180133581161499e-01,-6.037951447069644928e-03,6.139583587646484375e-01,-2.917324900627136230e-01,4.170377552509307861e-01,-4.839409589767456055e-01,-1.850651353597640991e-01,8.650182187557220459e-02,-1.116394281387329102e+00,-8.675130009651184082e-01,4.586981236934661865e-01,1.035734415054321289e+00,3.006707131862640381e-01,-5.579808726906776428e-02,-2.121237665414810181e-01
-8.316213637590408325e-02,4.450458288192749023e-01,8.029721975326538086e-01,2.757148072123527527e-02,-1.259902142919600010e-03,7.068182826042175293e-01,7.068564891815185547e-01,-1.322770956903696060e-02,1.494288742542266846e-01,1.135764271020889282e-01,1.080944314599037170e-01,-2.596810460090637207e-01,-4.260835424065589905e-02,-4.634989053010940552e-02,-2.977564930915832520e-01,-1.774730682373046875e-01,7.747485488653182983e-02,-2.432068623602390289e-02,1.755936145782470703e-01,1.179210990667343140e-01,-7.904552668333053589e-02,1.416466236114501953e-01,1.188309043645858765e-01,6.548056006431579590e-01,-2.267729789018630981e-01,4.490697979927062988e-01,-4.763375818729400635e-01,-1.820417344570159912e-01,7.424800191074609756e-03,-1.182395696640014648e+00,-9.603511095046997070e-01,5.974413752555847168e-01,1.070037484169006348e+00,1.638400554656982422e-01,-5.316835641860961914e-02,-9.774440526962280273e-02
-8.628228306770324707e-02,4.469299614429473877e-01,8.042156100273132324e-01,2.240527421236038208e-02,1.990187913179397583e-03,7.085782885551452637e-01,7.052736282348632812e-01,-1.843410357832908630e-02,1.472862511873245239e-01,1.165192276239395142e-01,9.427648782730102539e-02,-2.585820853710174561e-01,-4.661865159869194031e-02,-5.053541064262390137e-02,-3.007939457893371582e-01,-1.923590153455734253e-01,6.903055310249328613e-02,-1.509135216474533081e-02,1.796854585409164429e-01,1.364192068576812744e-01,-1.009023636579513550e-01,1.388023197650909424e-01,2.188781201839447021e-01,6.937148571014404297e-01,-1.587675362825393677e-01,4.353156089782714844e-01,-4.692089855670928955e-01,-1.931577175855636597e-01,-5.103420466184616089e-02,-1.223243832588195801e+00,-1.082449197769165039e+00,7.634762525558471680e-01,1.039596199989318848e+00,1.687958091497421265e-02,-7.639377564191818237e-02,6.933344155550003052e-02
-8.754691481590270996e-02,4.489614665508270264e-01,8.046206235885620117e-01,1.956511661410331726e-02,3.292443929240107536e-03,7.094606757164001465e-01,7.044656872749328613e-01,-1.948616467416286469e-02,1.479851454496383667e-01,1.178002357482910156e-01,8.819702267646789551e-02,-2.564030289649963379e-01,-5.305461212992668152e-02,-5.151898413896560669e-02,-3.009572923183441162e-01,-1.980624943971633911e-01,6.667529791593551636e-02,-1.279537379741668701e-02,1.819979548454284668e-01,1.442258208990097046e-01,-1.161267161369323730e-01,1.406492143869400024e-01,2.813505530357360840e-01,7.134303450584411621e-01,-1.024502217769622803e-01,4.113460183143615723e-01,-4.588394761085510254e-01,-2.079795449972152710e-01,-6.122573092579841614e-02,-1.224721074104309082e+00,-1.166252136230468750e+00,8.731320500373840332e-01,9.966782331466674805e-01,-4.580900818109512329e-02,-1.064724251627922058e-01,1.699358820915222168e-01
-7.683646678924560547e-02,4.429976046085357666e-01,8.018127083778381348e-01,2.353092841804027557e-02,4.373444709926843643e-03,7.135096788406372070e-01,7.002364397048950195e-01,-2.630253694951534271e-02,1.523956209421157837e-01,1.007948517799377441e-01,8.426204323768615723e-02,-2.237437367439270020e-01,-7.038123160600662231e-02,-5.040571466088294983e-02,-2.979030013084411621e-01,-2.128765136003494263e-01,6.842333078384399414e-02,-2.846590243279933929e-02,1.710471361875534058e-01,1.522714346647262573e-01,-1.374388039112091064e-01,1.417025178670883179e-01,3.164890408515930176e-01,7.361161112785339355e-01,-3.803433850407600403e-02,3.612581789493560791e-01,-4.547719955444335938e-01,-2.239483445882797241e-01,-1.025182902812957764e-01,-1.170107364654541016e+00,-1.307007670402526855e+00,1.041430473327636719e+00,8.755334615707397461e-01,-1.160850152373313904e-01,-1.559279710054397583e-01,3.810800015926361084e-01
-7.035001367330551147e-02,4.473779499530792236e-01,8.020066022872924805e-01,2.324018999934196472e-02,6.994337774813175201e-03,7.151416540145874023e-01,6.985580325126647949e-01,-2.710870653390884399e-02,1.580490469932556152e-01,9.598506242036819458e-02,8.709325641393661499e-02,-2.103609144687652588e-01,-7.849580794572830200e-02,-4.646749049425125122e-02,-2.945816218852996826e-01,-2.208248674869537354e-01,7.051753997802734375e-02,-4.781709611415863037e-02,1.607710272073745728e-01,1.526204943656921387e-01,-1.443319022655487061e-01,1.434709578752517700e-01,3.220512866973876953e-01,7.197017669677734375e-01,-7.355788256973028183e-03,3.158283233642578125e-01,-4.513235986232757568e-01,-2.299284487962722778e-01,-1.140592768788337708e-01,-1.116101264953613281e+00,-1.369785666465759277e+00,1.098703503608703613e+00,8.162840008735656738e-01,-1.144239082932472229e-01,-1.709180176258087158e-01,4.689289331436157227e-01
-5.624125152826309204e-02,4.491607546806335449e-01,8.049806952476501465e-01,2.563592605292797089e-02,9.031372144818305969e-03,7.185561656951904297e-01,6.949376463890075684e-01,-3.024602681398391724e-02,1.680751740932464600e-01,6.665912270545959473e-02,9.079213440418243408e-02,-1.815833002328872681e-01,-8.853912353515625000e-02,-3.919804096221923828e-02,-2.849051058292388916e-01,-2.329137474298477173e-01,7.373127341270446777e-02,-7.906287908554077148e-02,1.425200849771499634e-01,1.417725384235382080e-01,-1.509276330471038818e-01,1.438593864440917969e-01,2.808181345462799072e-01,6.671662926673889160e-01,2.343389391899108887e-02,2.627913951873779297e-01,-4.607544541358947754e-01,-2.382806539535522461e-01,-1.161492988467216492e-01,-9.757018685340881348e-01,-1.398685455322265625e+00,1.122346401214599609e+00,7.306611537933349609e-01,-7.208610326051712036e-02,-1.748230010271072388e-01,5.606427788734436035e-01
-4.907902330160140991e-02,4.545299112796783447e-01,8.071364760398864746e-01,2.488897554576396942e-02,1.262049283832311630e-02,7.216527462005615234e-01,6.916925311088562012e-01,-3.337416052818298340e-02,1.731104403734207153e-01,5.708515271544456482e-02,9.404738247394561768e-02,-1.681565046310424805e-01,-9.337021410465240479e-02,-3.514826297760009766e-02,-2.829675078392028809e-01,-2.489094287157058716e-01,7.746182382106781006e-02,-9.979090839624404907e-02,1.339186280965805054e-01,1.288844496011734009e-01,-1.605066210031509399e-01,1.409246772527694702e-01,2.460713088512420654e-01,6.277883648872375488e-01,3.182131424546241760e-02,2.245114296674728394e-01,-4.598200023174285889e-01,-2.357284277677536011e-01,-1.151704266667366028e-01,-8.560601472854614258e-01,-1.417090296745300293e+00,1.091534733772277832e+00,6.682246923446655273e-01,-4.950794950127601624e-02,-1.692675054073333740e-01,6.014661788940429688e-01
-4.079543426632881165e-02,4.547246396541595459e-01,8.086026310920715332e-01,2.519175224006175995e-02,1.283974107354879379e-02,7.263564467430114746e-01,6.867363452911376953e-01,-3.864093124866485596e-02,1.831405609846115112e-01,3.655983135104179382e-02,9.944660216569900513e-02,-1.488034725189208984e-01,-1.023113727569580078e-01,-3.112390823662281036e-02,-2.761805057525634766e-01,-2.650608420372009277e-01,8.398189395666122437e-02,-1.128796860575675964e-01,1.225506290793418884e-01,1.046353802084922791e-01,-1.712515056133270264e-01,1.340370923280715942e-01,1.831528097391128540e-01,5.588976144790649414e-01,3.599359467625617981e-02,1.715663224458694458e-01,-4.624607264995574951e-01,-2.431488484144210815e-01,-1.003074720501899719e-01,-6.915838718414306641e-01,-1.369905114173889160e+00,1.019056797027587891e+00,6.302648782730102539e-01,-1.819772273302078247e-02,-1.532131433486938477e-01,6.106766462326049805e-01
-3.613801673054695129e-02,4.571128189563751221e-01,8.095091581344604492e-01,2.481046132743358612e-02,1.548444945365190506e-02,7.310013175010681152e-01,6.817490458488464355e-01,-4.325853660702705383e-02,1.894206553697586060e-01,3.252738714218139648e-02,1.070479005575180054e-01,-1.284755319356918335e-01,-1.077787280082702637e-01,-2.694083377718925476e-02,-2.777157723903656006e-01,-2.859264612197875977e-01,8.672146499156951904e-02,-1.179150789976119995e-01,1.192407533526420593e-01,9.528941661119461060e-02,-1.871093660593032837e-01,1.307551413774490356e-01,1.284160315990447998e-01,5.179312229156494141e-01,2.992913126945495605e-02,1.386004537343978882e-01,-4.755575656890869141e-01,-2.447025179862976074e-01,-8.347005397081375122e-02,-5.348639488220214844e-01,-1.314653277397155762e+00,9.147275090217590332e-01,6.114012598991394043e-01,-1.898067654110491276e-03,-1.391043514013290405e-01,5.880419611930847168e-01
-3.542577102780342102e-02,4.560132920742034912e-01,8.088883161544799805e-01,2.481970563530921936e-02,1.720319688320159912e-02,7.370660305023193359e-01,6.751456856727600098e-01,-5.494501069188117981e-02,1.974271386861801147e-01,2.821922488510608673e-02,1.212411448359489441e-01,-1.049647554755210876e-01,-1.119777932763099670e-01,-2.456377074122428894e-02,-2.849411666393280029e-01,-3.069062530994415283e-01,8.991698175668716431e-02,-1.036038622260093689e-01,1.223212629556655884e-01,9.985686838626861572e-02,-2.127611190080642700e-01,1.331663727760314941e-01,3.508130460977554321e-02,4.595555365085601807e-01,-3.381779417395591736e-03,8.289001137018203735e-02,-5.404922366142272949e-01,-2.556949853897094727e-01,-6.588851660490036011e-02,-3.165627419948577881e-01,-1.166893005371093750e+00,7.243598699569702148e-01,6.229741573333740234e-01,3.415828570723533630e-02,-1.109579652547836304e-01,5.145037770271301270e-01
-3.711608424782752991e-02,4.535575807094573975e-01,8.071167469024658203e-01,2.560251206159591675e-02,1.769197173416614532e-02,7.408117055892944336e-01,6.709914803504943848e-01,-6.431034207344055176e-02,2.058669924736022949e-01,4.681724309921264648e-02,1.344356834888458252e-01,-8.295691013336181641e-02,-1.068353354930877686e-01,-2.357836812734603882e-02,-2.932763993740081787e-01,-3.211723566055297852e-01,9.321295469999313354e-02,-7.383245974779129028e-02,1.321793794631958008e-01,1.218602135777473450e-01,-2.229669690132141113e-01,1.480376869440078735e-01,-4.156804829835891724e-02,4.085162281990051270e-01,-4.748331382870674133e-02,4.584399610757827759e-02,-6.511669754981994629e-01,-2.785268723964691162e-01,-2.562069892883300781e-02,-1.436958312988281250e-01,-1.001453995704650879e+00,5.407942533493041992e-01,6.520485877990722656e-01,9.194041043519973755e-02,-9.078796207904815674e-02,4.082603156566619873e-01
-4.155221208930015564e-02,4.444649517536163330e-01,8.065654039382934570e-01,2.246726304292678833e-02,1.502733677625656128e-02,7.384633421897888184e-01,6.737516522407531738e-01,-1.036897227168083191e-01,2.189900726079940796e-01,2.976163662970066071e-02,1.743451207876205444e-01,-5.735496431589126587e-02,-9.976705908775329590e-02,-5.791931599378585815e-02,-2.992852032184600830e-01,-3.101869225502014160e-01,1.236336305737495422e-01,-2.391786128282546997e-02,1.376092880964279175e-01,1.362375169992446899e-01,-2.030827254056930542e-01,1.793099641799926758e-01,-1.152490973472595215e-01,3.691355586051940918e-01,-6.525892764329910278e-02,1.997772231698036194e-02,-7.318125963211059570e-01,-2.959786951541900635e-01,-1.494586816988885403e-03,-9.569428116083145142e-02,-8.541133999824523926e-01,4.548570215702056885e-01,6.738896965980529785e-01,1.466801315546035767e-01,-7.393357902765274048e-02,3.386699855327606201e-01
-4.567385464906692505e-02,4.510059058666229248e-01,8.111321330070495605e-01,2.316476032137870789e-02,1.952521689236164093e-02,7.376675605773925781e-01,6.744840741157531738e-01,-7.299552112817764282e-02,2.000664323568344116e-01,1.341180410236120224e-03,1.429613381624221802e-01,-6.654012203216552734e-02,-9.758257120847702026e-02,-3.400064259767532349e-02,-3.045664429664611816e-01,-3.083280026912689209e-01,9.368447959423065186e-02,-5.853978917002677917e-03,1.703403443098068237e-01,1.603571027517318726e-01,-1.897978186607360840e-01,1.829941272735595703e-01,-1.391247808933258057e-01,3.161999285221099854e-01,-9.976730495691299438e-02,-4.868607968091964722e-02,-7.938378453254699707e-01,-3.261618316173553467e-01,5.201399326324462891e-02,-6.793952081352472305e-03,-7.072337269783020020e-01,3.180153667926788330e-01,6.965011954307556152e-01,2.214202731847763062e-01,-7.563558220863342285e-02,2.050379812717437744e-01
-5.294896662235260010e-02,4.500835835933685303e-01,8.135677576065063477e-01,2.446843124926090240e-02,1.787096448242664337e-02,7.342868447303771973e-01,6.781628131866455078e-01,-6.659640371799468994e-02,1.986403912305831909e-01,-1.643656566739082336e-02,1.392272561788558960e-01,-6.320224702358245850e-02,-1.010469272732734680e-01,-3.707417845726013184e-02,-3.128449916839599609e-01,-2.987571358680725098e-01,9.535296261310577393e-02,3.046928346157073975e-02,1.850298345088958740e-01,1.700058281421661377e-01,-1.733550578355789185e-01,1.904522329568862915e-01,-1.396372169256210327e-01,3.235432505607604980e-01,-9.035573154687881470e-02,-7.706008851528167725e-02,-7.982600927352905273e-01,-3.349934220314025879e-01,9.794238954782485962e-02,5.911375395953655243e-03,-6.316682100296020508e-01,2.676281332969665527e-01,6.973094344139099121e-01,2.779057919979095459e-01,-7.771266251802444458e-02,1.438971757888793945e-01
-6.286036968231201172e-02,4.496665298938751221e-01,8.135741949081420898e-01,2.280818112194538116e-02,1.902964524924755096e-02,7.304006218910217285e-01,6.823727488517761230e-01,-5.967028439044952393e-02,1.974333226680755615e-01,-6.369116902351379395e-02,1.403149515390396118e-01,-6.337079405784606934e-02,-1.128356382250785828e-01,-4.864552989602088928e-02,-3.241004049777984619e-01,-2.824848294258117676e-01,9.640523046255111694e-02,5.235750228166580200e-02,1.957337111234664917e-01,1.621989607810974121e-01,-1.480155736207962036e-01,1.933260560035705566e-01,-1.358018666505813599e-01,3.322032690048217773e-01,-6.380634754896163940e-02,-1.094190776348114014e-01,-7.918664216995239258e-01,-3.503852486610412598e-01,1.503145098686218262e-01,-1.719374791719019413e-03,-5.331096053123474121e-01,2.179549634456634521e-01,6.850090026855468750e-01,3.636613786220550537e-01,-8.444063365459442139e-02,6.645570695400238037e-02
-7.478861510753631592e-02,4.494197666645050049e-01,8.108000159263610840e-01,1.997379772365093231e-02,1.995491236448287964e-02,7.228760719299316406e-01,6.904006600379943848e-01,-4.985768347978591919e-02,1.918080598115921021e-01,-9.784152358770370483e-02,1.521753817796707153e-01,-9.227834641933441162e-02,-1.137124896049499512e-01,-6.991223245859146118e-02,-3.341695964336395264e-01,-2.511167228221893311e-01,1.060336157679557800e-01,5.623919516801834106e-02,2.056690007448196411e-01,1.685236841440200806e-01,-1.353593915700912476e-01,1.977468878030776978e-01,-1.322651654481887817e-01,3.613767027854919434e-01,-7.077229209244251251e-03,-1.082918643951416016e-01,-7.850313186645507812e-01,-3.581728935241699219e-01,2.076745182275772095e-01,-2.114308252930641174e-02,-4.569531977176666260e-01,2.027325779199600220e-01,6.327915787696838379e-01,4.394724369049072266e-01,-9.870619326829910278e-02,9.047578088939189911e-03
-8.807481825351715088e-02,4.487643241882324219e-01,8.056952357292175293e-01,1.787552423775196075e-02,2.025839686393737793e-02,7.130130529403686523e-01,7.006300091743469238e-01,-4.848789423704147339e-02,1.863261908292770386e-01,-1.309661716222763062e-01,1.879940032958984375e-01,-1.563694626092910767e-01,-9.459452331066131592e-02,-1.006714254617691040e-01,-3.465671837329864502e-01,-2.140434533357620239e-01,1.311327069997787476e-01,4.660469666123390198e-02,2.051131576299667358e-01,1.685156673192977905e-01,-1.324255168437957764e-01,2.228057384490966797e-01,-1.382145881652832031e-01,4.155706465244293213e-01,4.662272334098815918e-02,-9.066919237375259399e-02,-7.593029141426086426e-01,-3.612806200981140137e-01,2.588973045349121094e-01,-7.014088332653045654e-02,-4.085167646408081055e-01,2.186164706945419312e-01,5.537502765655517578e-01,4.894304275512695312e-01,-1.143778488039970398e-01,-3.913000598549842834e-02
-1.034500971436500549e-01,4.389998912811279297e-01,7.991464734077453613e-01,1.223195809870958328e-02,1.261033583432435989e-02,7.021600008010864258e-01,7.118024230003356934e-01,-9.952616691589355469e-02,1.853032112121582031e-01,-1.398717314004898071e-01,3.079247772693634033e-01,-2.703241407871246338e-01,-4.607969149947166443e-02,-1.768795698881149292e-01,-3.501559793949127197e-01,-1.696683764457702637e-01,2.227001935243606567e-01,4.381552338600158691e-02,2.034745663404464722e-01,1.682925522327423096e-01,-1.269214898347854614e-01,3.035678565502166748e-01,-1.766237467527389526e-01,4.593162238597869873e-01,7.878454029560089111e-02,-2.048992924392223358e-02,-7.061990499496459961e-01,-3.548451662063598633e-01,3.268281519412994385e-01,-1.788931041955947876e-01,-3.682444989681243896e-01,2.479756474494934082e-01,4.494516551494598389e-01,4.980254769325256348e-01,-1.588137894868850708e-01,-1.097899004817008972e-01
-1.180771216750144958e-01,4.360700249671936035e-01,7.904701828956604004e-01,1.212015934288501740e-02,6.512015592306852341e-03,6.923201084136962891e-01,7.214593291282653809e-01,-1.244192421436309814e-01,1.792850345373153687e-01,-1.275897920131683350e-01,3.863652348518371582e-01,-3.452860713005065918e-01,-1.578987948596477509e-02,-2.080606818199157715e-01,-3.661228716373443604e-01,-1.741984784603118896e-01,2.671159505844116211e-01,2.893873490393161774e-02,1.787055581808090210e-01,1.707133799791336060e-01,-1.299055963754653931e-01,3.438602685928344727e-01,-1.954826414585113525e-01,4.744474291801452637e-01,1.014134362339973450e-01,1.670538261532783508e-02,-6.769561171531677246e-01,-3.497703075408935547e-01,3.688977062702178955e-01,-2.391869425773620605e-01,-3.402147591114044189e-01,2.760318815708160400e-01,3.764625787734985352e-01,4.859791696071624756e-01,-1.761742234230041504e-01,-1.524965465068817139e-01
-1.302049458026885986e-01,4.194959402084350586e-01,7.811401486396789551e-01,1.533313747495412827e-02,-2.217475557699799538e-03,6.839750409126281738e-01,7.293409109115600586e-01,-1.567232161760330200e-01,1.758900135755538940e-01,-1.131309270858764648e-01,4.598757922649383545e-01,-3.978289961814880371e-01,6.887460593134164810e-03,-2.404829263687133789e-01,-3.745764493942260742e-01,-1.696177124977111816e-01,2.952911555767059326e-01,2.165701426565647125e-02,1.694273501634597778e-01,1.667391657829284668e-01,-1.395017802715301514e-01,3.824518620967864990e-01,-2.055698186159133911e-01,4.707682728767395020e-01,9.088076651096343994e-02,5.416475236415863037e-02,-6.435758471488952637e-01,-3.335212767124176025e-01,3.803888559341430664e-01,-2.908316552639007568e-01,-3.076508641242980957e-01,3.133831918239593506e-01,2.984821498394012451e-01,4.673158526420593262e-01,-1.839192956686019897e-01,-1.702240854501724243e-01
-1.447208970785140991e-01,3.960144817829132080e-01,7.749958634376525879e-01,2.006866224110126495e-02,-1.275014411658048630e-02,6.742590069770812988e-01,7.381120920181274414e-01,-1.921936720609664917e-01,1.728302985429763794e-01,-9.400250762701034546e-02,5.289507508277893066e-01,-4.279842972755432129e-01,1.426432840526103973e-02,-2.765914201736450195e-01,-3.863033056259155273e-01,-1.838668286800384521e-01,3.149849474430084229e-01,3.277924284338951111e-02,1.674881428480148315e-01,1.698754131793975830e-01,-1.635129749774932861e-01,4.308947324752807617e-01,-2.171304672956466675e-01,4.232356548309326172e-01,6.156022474169731140e-02,7.953853905200958252e-02,-6.170626878738403320e-01,-3.210051655769348145e-01,3.777274489402770996e-01,-3.295518159866333008e-01,-2.672825455665588379e-01,3.676660954952239990e-01,1.713883578777313232e-01,4.436148405075073242e-01,-1.976951956748962402e-01,-1.598233878612518311e-01
-1.627463251352310181e-01,3.694528639316558838e-01,7.728634476661682129e-01,2.247439324855804443e-02,-2.136195264756679535e-02,6.664990782737731934e-01,7.448607683181762695e-01,-2.430248707532882690e-01,1.660668849945068359e-01,-7.606271654367446899e-02,5.970609188079833984e-01,-4.347675740718841553e-01,2.615218423306941986e-02,-3.071115314960479736e-01,-3.968521058559417725e-01,-2.015040516853332520e-01,3.043601512908935547e-01,4.692121595144271851e-02,1.777448207139968872e-01,1.644279360771179199e-01,-1.866305172443389893e-01,4.891194701194763184e-01,-1.985596418380737305e-01,3.315896391868591309e-01,1.702619250863790512e-03,1.370413750410079956e-01,-5.762947797775268555e-01,-2.890323102474212646e-01,3.533441424369812012e-01,-3.788824081420898438e-01,-2.311918288469314575e-01,4.416748583316802979e-01,9.881827980279922485e-02,3.767545223236083984e-01,-1.858880519866943359e-01,-1.272272318601608276e-01
-1.771394759416580200e-01,3.538337647914886475e-01,7.739208340644836426e-01,1.830923557281494141e-02,-2.497450821101665497e-02,6.600551009178161621e-01,7.505786418914794922e-01,-2.762148380279541016e-01,1.667311489582061768e-01,-6.347496062517166138e-02,6.216074824333190918e-01,-4.441394507884979248e-01,3.043315000832080841e-02,-3.433577418327331543e-01,-3.965494036674499512e-01,-2.002793848514556885e-01,3.047186434268951416e-01,5.685807392001152039e-02,1.886354684829711914e-01,1.344783455133438110e-01,-2.104010283946990967e-01,4.955308735370635986e-01,-2.011389732360839844e-01,2.959808409214019775e-01,-6.366015970706939697e-02,1.729794144630432129e-01,-5.486811399459838867e-01,-2.558266222476959229e-01,3.082482516765594482e-01,-3.787902593612670898e-01,-2.356132417917251587e-01,4.695906341075897217e-01,6.640178710222244263e-02,3.394697904586791992e-01,-1.652499139308929443e-01,-9.687021374702453613e-02
-1.909424215555191040e-01,3.438874483108520508e-01,7.762203812599182129e-01,1.417818292975425720e-02,-2.725409157574176788e-02,6.554687023162841797e-01,7.545972466468811035e-01,-2.932553291320800781e-01,1.661862134933471680e-01,-4.604435339570045471e-02,6.222866177558898926e-01,-4.348807930946350098e-01,2.105150744318962097e-02,-3.759767413139343262e-01,-3.959879279136657715e-01,-1.857778280973434448e-01,3.120222687721252441e-01,9.945372492074966431e-02,2.053804099559783936e-01,7.592081278562545776e-02,-2.390226125717163086e-01,4.996732175350189209e-01,-2.401329725980758667e-01,2.742176651954650879e-01,-1.779217869043350220e-01,2.572132945060729980e-01,-5.385332703590393066e-01,-2.115486860275268555e-01,2.247434854507446289e-01,-3.483047485351562500e-01,-2.528999149799346924e-01,4.613764286041259766e-01,6.317221373319625854e-02,3.736025094985961914e-01,-1.691533774137496948e-01,-7.847911864519119263e-02
-1.944560557603836060e-01,3.396543860435485840e-01,7.810067534446716309e-01,1.656424999237060547e-02,-3.069302253425121307e-02,6.456401348114013672e-01,7.628449201583862305e-01,-2.602326273918151855e-01,1.752291470766067505e-01,-2.115405537188053131e-02,5.754209756851196289e-01,-4.168494939804077148e-01,8.062354288995265961e-03,-3.947490751743316650e-01,-3.982141315937042236e-01,-2.162680923938751221e-01,3.346048295497894287e-01,1.597269475460052490e-01,2.037786990404129028e-01,1.786524429917335510e-02,-2.737637162208557129e-01,4.960982203483581543e-01,-3.157091140747070312e-01,2.818014621734619141e-01,-2.991431653499603271e-01,3.022486269474029541e-01,-5.600443482398986816e-01,-1.838930845260620117e-01,1.459225118160247803e-01,-3.057963848114013672e-01,-3.251862823963165283e-01,4.136446416378021240e-01,5.689439922571182251e-02,4.413551390171051025e-01,-1.830096989870071411e-01,-9.077928215265274048e-02
-1.993733495473861694e-01,3.369756639003753662e-01,7.919341921806335449e-01,-1.384263392537832260e-02,-3.391513973474502563e-02,6.118258237838745117e-01,7.901438474655151367e-01,-2.431601285934448242e-01,2.612811028957366943e-01,3.121971525251865387e-02,4.980264604091644287e-01,-3.639694452285766602e-01,-3.419383661821484566e-03,-3.765874207019805908e-01,-3.263159990310668945e-01,-2.682558596134185791e-01,4.644499123096466064e-01,3.313880786299705505e-02,1.874013692140579224e-01,2.930730208754539490e-02,-2.465864270925521851e-01,4.696161448955535889e-01,-3.972996175289154053e-01,2.793324887752532959e-01,-3.595216572284698486e-01,3.078536987304687500e-01,-5.758284926414489746e-01,-1.913200616836547852e-01,1.158186122775077820e-01,-2.782678902149200439e-01,-3.855975866317749023e-01,3.369606137275695801e-01,1.362327206879854202e-02,5.124744176864624023e-01,-1.882892102003097534e-01,-9.145309031009674072e-02
-1.973619610071182251e-01,3.340884149074554443e-01,7.952647805213928223e-01,-2.373527735471725464e-02,-2.315773814916610718e-02,5.777180790901184082e-01,8.155624866485595703e-01,-2.093058228492736816e-01,2.952799499034881592e-01,8.469761162996292114e-02,4.230685234069824219e-01,-3.082690536975860596e-01,-2.322392538189888000e-02,-3.391567170619964600e-01,-3.233336806297302246e-01,-3.273941576480865479e-01,5.133314132690429688e-01,4.720791056752204895e-02,1.722184568643569946e-01,-1.540386304259300232e-02,-2.602107524871826172e-01,4.174066483974456787e-01,-4.541136324405670166e-01,3.040775656700134277e-01,-4.185466170310974121e-01,2.325099408626556396e-01,-5.642897486686706543e-01,-2.007370889186859131e-01,7.009734213352203369e-02,-2.260058224201202393e-01,-4.892008602619171143e-01,2.131662815809249878e-01,-5.047237128019332886e-02,5.513211488723754883e-01,-2.136533856391906738e-01,-1.165048852562904358e-01
-1.922339797019958496e-01,3.327606618404388428e-01,7.951067686080932617e-01,-3.294161707162857056e-02,-8.575137704610824585e-03,5.325055718421936035e-01,8.457418084144592285e-01,-1.588522642850875854e-01,3.279836773872375488e-01,1.229559034109115601e-01,3.386418819427490234e-01,-2.485637813806533813e-01,-5.417396500706672668e-02,-3.095760345458984375e-01,-3.141714036464691162e-01,-3.688193261623382568e-01,5.757092237472534180e-01,5.481532588601112366e-02,1.576050817966461182e-01,-3.837232664227485657e-02,-2.661003768444061279e-01,3.608457148075103760e-01,-4.741957485675811768e-01,3.368346989154815674e-01,-3.963714241981506348e-01,8.757572621107101440e-02,-5.605574846267700195e-01,-2.509111762046813965e-01,6.253411620855331421e-02,-2.151499092578887939e-01,-6.081295609474182129e-01,9.330122172832489014e-02,-1.539204567670822144e-01,5.190477967262268066e-01,-2.346655279397964478e-01,-1.028475239872932434e-01
-1.816191673278808594e-01,3.307279944419860840e-01,7.973828315734863281e-01,-3.636905178427696228e-02,2.733493223786354065e-03,5.029421448707580566e-01,8.635502457618713379e-01,-1.327806264162063599e-01,3.479904830455780029e-01,1.294391900300979614e-01,3.092510998249053955e-01,-1.822730153799057007e-01,-6.472759693861007690e-02,-2.963605523109436035e-01,-3.132754564285278320e-01,-3.632541000843048096e-01,5.897954106330871582e-01,6.626942008733749390e-02,1.487113684415817261e-01,-4.855359345674514771e-02,-2.515096664428710938e-01,3.200315535068511963e-01,-4.699354767799377441e-01,3.877081274986267090e-01,-3.521771132946014404e-01,-1.217229058966040611e-03,-5.199180841445922852e-01,-2.786057591438293457e-01,7.566612958908081055e-02,-2.081679403781890869e-01,-6.761278510093688965e-01,7.013217546045780182e-03,-2.445518821477890015e-01,4.977268576622009277e-01,-2.482124716043472290e-01,-1.027152240276336670e-01
-1.700813919305801392e-01,3.268460929393768311e-01,8.038587570190429688e-01,-3.176588192582130432e-02,1.253970805555582047e-02,4.735744893550872803e-01,8.800914287567138672e-01,-1.195881366729736328e-01,3.571328818798065186e-01,1.263962239027023315e-01,3.059993386268615723e-01,-1.099934056401252747e-01,-7.689628750085830688e-02,-2.898848652839660645e-01,-3.129166066646575928e-01,-3.417597115039825439e-01,5.781352519989013672e-01,7.912970334291458130e-02,1.445495188236236572e-01,-4.448577389121055603e-02,-2.337359338998794556e-01,2.989962995052337646e-01,-4.376267194747924805e-01,4.315271377563476562e-01,-2.992869615554809570e-01,-5.368389189243316650e-02,-4.979658722877502441e-01,-2.927790284156799316e-01,8.651858568191528320e-02,-2.204725742340087891e-01,-7.098504304885864258e-01,-4.398944601416587830e-02,-3.209046721458435059e-01,4.702195823192596436e-01,-2.537324428558349609e-01,-9.829522669315338135e-02
-1.582857072353363037e-01,3.207143545150756836e-01,8.060961365699768066e-01,-2.377526462078094482e-02,1.628896221518516541e-02,4.536013305187225342e-01,8.907386064529418945e-01,-1.203899681568145752e-01,3.649091124534606934e-01,1.263279765844345093e-01,3.278029263019561768e-01,-5.823214724659919739e-02,-7.898292690515518188e-02,-2.805731892585754395e-01,-3.181448876857757568e-01,-3.184938728809356689e-01,5.532793402671813965e-01,7.623057812452316284e-02,1.361199766397476196e-01,-3.837292268872261047e-02,-2.193178385496139526e-01,2.966106235980987549e-01,-4.100378453731536865e-01,4.563039243221282959e-01,-2.560755610466003418e-01,-7.715296000242233276e-02,-4.899702668190002441e-01,-2.975121140480041504e-01,1.099134087562561035e-01,-2.453421056270599365e-01,-7.232616543769836426e-01,-5.180096626281738281e-02,-3.684876263141632080e-01,4.315949678421020508e-01,-2.513844370841979980e-01,-1.117729470133781433e-01
-1.472174227237701416e-01,3.139722347259521484e-01,8.056297302246093750e-01,-1.155271474272012711e-02,1.863235235214233398e-02,4.311269521713256836e-01,9.020249247550964355e-01,-1.354765295982360840e-01,3.620052337646484375e-01,1.039350554347038269e-01,3.790318369865417480e-01,-2.050195075571537018e-02,-8.378472924232482910e-02,-2.735444009304046631e-01,-3.217408955097198486e-01,-2.830497026443481445e-01,5.256417393684387207e-01,4.593011364340782166e-02,1.204525977373123169e-01,-2.392138168215751648e-02,-1.979594081640243530e-01,3.086586296558380127e-01,-3.791202306747436523e-01,4.768413901329040527e-01,-2.102783769369125366e-01,-8.250017464160919189e-02,-4.722444713115692139e-01,-2.986212670803070068e-01,1.483701169490814209e-01,-2.882325351238250732e-01,-7.173696756362915039e-01,-3.357809409499168396e-02,-3.947415053844451904e-01,3.853155970573425293e-01,-2.463552355766296387e-01,-1.400789171457290649e-01
-1.370382308959960938e-01,3.073868453502655029e-01,8.024893999099731445e-01,9.109457023441791534e-03,2.421817369759082794e-02,4.033811390399932861e-01,9.146661758422851562e-01,-1.966766715049743652e-01,3.352577984333038330e-01,3.122323192656040192e-02,5.171663165092468262e-01,-1.313646044582128525e-02,-9.997822344303131104e-02,-2.735398709774017334e-01,-3.225237727165222168e-01,-2.020656168460845947e-01,4.818913936614990234e-01,-1.948881521821022034e-02,9.568496048450469971e-02,5.787294358015060425e-03,-1.674848794937133789e-01,3.476893007755279541e-01,-3.325169682502746582e-01,4.849066138267517090e-01,-1.533206254243850708e-01,-8.416853100061416626e-02,-4.598585665225982666e-01,-2.999630868434906006e-01,2.070869058370590210e-01,-3.681488931179046631e-01,-6.767269968986511230e-01,2.140384912490844727e-02,-4.135036468505859375e-01,3.484733402729034424e-01,-2.354593873023986816e-01,-1.811841130256652832e-01
-1.293540447950363159e-01,3.026120960712432861e-01,7.985506057739257812e-01,4.330868646502494812e-02,2.783138677477836609e-02,3.719438612461090088e-01,9.268265962600708008e-01,-3.079584836959838867e-01,2.586238682270050049e-01,-7.184261828660964966e-02,7.527034282684326172e-01,-4.948071762919425964e-02,-1.057498455047607422e-01,-2.932919859886169434e-01,-3.171641826629638672e-01,-8.172053843736648560e-02,4.695143401622772217e-01,-1.132533624768257141e-01,4.236064851284027100e-02,4.801420494914054871e-02,-1.138312891125679016e-01,4.118419885635375977e-01,-2.376634776592254639e-01,4.853344857692718506e-01,-9.625270217657089233e-02,-3.937077894806861877e-02,-4.724131524562835693e-01,-2.792903482913970947e-01,2.278310209512710571e-01,-4.495469331741333008e-01,-6.153700947761535645e-01,1.209232732653617859e-01,-2.893674671649932861e-01,3.378418982028961182e-01,-1.913555562496185303e-01,-1.836117953062057495e-01
-1.274431198835372925e-01,3.021263778209686279e-01,7.947557568550109863e-01,5.952166393399238586e-02,3.007801249623298645e-02,3.555243909358978271e-01,9.322847723960876465e-01,-3.939151465892791748e-01,2.179598361253738403e-01,-1.118917688727378845e-01,8.909498453140258789e-01,-1.041516885161399841e-01,-9.403539448976516724e-02,-3.082649707794189453e-01,-3.213597238063812256e-01,4.733057692646980286e-03,4.887740015983581543e-01,-1.728920638561248779e-01,3.304200619459152222e-02,6.779040396213531494e-02,-7.644144445657730103e-02,4.553985297679901123e-01,-1.948177963495254517e-01,4.612746536731719971e-01,-7.091296464204788208e-02,-1.577055640518665314e-02,-4.432213604450225830e-01,-2.664301097393035889e-01,2.490731626749038696e-01,-5.022396445274353027e-01,-5.847639441490173340e-01,1.734734326601028442e-01,-1.891959756612777710e-01,3.514101505279541016e-01,-1.847281157970428467e-01,-2.001137286424636841e-01
-1.298186182975769043e-01,3.049397170543670654e-01,7.905282974243164062e-01,6.695530563592910767e-02,4.098455235362052917e-02,3.380999565124511719e-01,9.378303289413452148e-01,-5.214702486991882324e-01,1.460150778293609619e-01,-1.654846370220184326e-01,9.957605004310607910e-01,-1.505449265241622925e-01,-8.153700828552246094e-02,-3.623857498168945312e-01,-3.200471699237823486e-01,8.652304857969284058e-02,5.252516269683837891e-01,-2.164207845926284790e-01,2.207326516509056091e-02,9.670984745025634766e-02,-1.197656709700822830e-02,4.901930391788482666e-01,-1.238194555044174194e-01,4.345122277736663818e-01,-7.125625014305114746e-02,4.405011981725692749e-02,-4.162950515747070312e-01,-2.593142092227935791e-01,2.779437601566314697e-01,-5.618989467620849609e-01,-5.633421540260314941e-01,2.539577484130859375e-01,5.527069792151451111e-02,3.498725295066833496e-01,-1.723599582910537720e-01,-2.300841510295867920e-01
-1.351767480373382568e-01,3.098736703395843506e-01,7.887877225875854492e-01,6.660354137420654297e-02,5.779459327459335327e-02,3.242347240447998047e-01,9.418575167655944824e-01,-6.373856663703918457e-01,5.656016618013381958e-02,-1.947955787181854248e-01,1.023198127746582031e+00,-1.959662288427352905e-01,-8.468170464038848877e-02,-4.231679141521453857e-01,-3.135741651058197021e-01,1.527530848979949951e-01,5.434719324111938477e-01,-2.605031430721282959e-01,3.228920325636863708e-02,1.266064643859863281e-01,5.397022515535354614e-02,5.116442441940307617e-01,-3.225877508521080017e-02,4.244426786899566650e-01,-1.033392995595932007e-01,7.610187679529190063e-02,-4.056925475597381592e-01,-2.683041095733642578e-01,2.835564017295837402e-01,-6.285409927368164062e-01,-5.722013115882873535e-01,3.107119500637054443e-01,4.118734002113342285e-01,3.190873563289642334e-01,-1.492564678192138672e-01,-2.494032979011535645e-01
-1.418154239654541016e-01,2.982735633850097656e-01,7.868108749389648438e-01,6.086805462837219238e-02,6.697504222393035889e-02,3.168522715568542480e-01,9.441472887992858887e-01,-6.880402565002441406e-01,-1.638151332736015320e-02,-2.375507950782775879e-01,9.928693771362304688e-01,-2.049964815378189087e-01,-9.081280231475830078e-02,-4.742387831211090088e-01,-2.695116102695465088e-01,2.178431004285812378e-01,5.599346160888671875e-01,-2.868499457836151123e-01,4.410303011536598206e-02,1.320936679840087891e-01,1.018913090229034424e-01,5.199999809265136719e-01,2.633566781878471375e-02,4.128086864948272705e-01,-1.211135834455490112e-01,6.632065773010253906e-02,-4.214367568492889404e-01,-2.821213603019714355e-01,2.912115454673767090e-01,-6.919159293174743652e-01,-5.957399606704711914e-01,3.244140446186065674e-01,6.462606787681579590e-01,3.536188602447509766e-01,-1.373938918113708496e-01,-2.299695909023284912e-01
-1.483912467956542969e-01,3.058953285217285156e-01,7.830337285995483398e-01,5.309255793690681458e-02,7.830595225095748901e-02,2.984393239021301270e-01,9.497280120849609375e-01,-7.526593804359436035e-01,-6.326724588871002197e-02,-2.491326630115509033e-01,9.224109053611755371e-01,-2.195167541503906250e-01,-1.110860183835029602e-01,-5.268651247024536133e-01,-2.495390027761459351e-01,2.541002631187438965e-01,5.754359364509582520e-01,-3.053664267063140869e-01,4.439765214920043945e-02,1.692668199539184570e-01,1.831096261739730835e-01,5.199999809265136719e-01,8.167184144258499146e-02,4.383712708950042725e-01,-1.425068676471710205e-01,2.194592729210853577e-02,-5.154938697814941406e-01,-2.923969924449920654e-01,2.270335406064987183e-01,-7.734420299530029297e-01,-7.066791057586669922e-01,2.710618972778320312e-01,1.061103463172912598e+00,3.893985450267791748e-01,-6.331335753202438354e-02,-1.636092662811279297e-01
-1.537593752145767212e-01,3.151998817920684814e-01,7.812442183494567871e-01,4.509609565138816833e-02,8.903031051158905029e-02,2.679665386676788330e-01,9.582452178001403809e-01,-7.785719633102416992e-01,-9.941626340150833130e-02,-2.638449370861053467e-01,8.332596421241760254e-01,-2.227960824966430664e-01,-1.198747679591178894e-01,-5.700061917304992676e-01,-2.228503525257110596e-01,2.825420796871185303e-01,5.625752806663513184e-01,-3.006085753440856934e-01,4.144584760069847107e-02,1.880510896444320679e-01,2.287615984678268433e-01,5.199999809265136719e-01,1.175672933459281921e-01,4.855473041534423828e-01,-1.217134520411491394e-01,-5.271580070257186890e-02,-5.836278796195983887e-01,-3.111839592456817627e-01,1.801175624132156372e-01,-8.406672477722167969e-01,-8.292986750602722168e-01,1.865797340869903564e-01,1.211878299713134766e+00,4.863593578338623047e-01,-4.258103668689727783e-02,-1.420219540596008301e-01
-1.578875780105590820e-01,3.263735175132751465e-01,7.818601131439208984e-01,3.504151105880737305e-02,1.081912517547607422e-01,2.217984348535537720e-01,9.684380292892456055e-01,-7.629346251487731934e-01,-1.537046879529953003e-01,-3.201594650745391846e-01,7.563449740409851074e-01,-2.142697870731353760e-01,-1.244649067521095276e-01,-6.071103811264038086e-01,-1.770984083414077759e-01,3.442546725273132324e-01,4.906833767890930176e-01,-2.605948448181152344e-01,5.768350139260292053e-02,1.626373529434204102e-01,2.102432399988174438e-01,5.199999809265136719e-01,1.306342631578445435e-01,5.310974121093750000e-01,-7.252250611782073975e-02,-1.304656118154525757e-01,-6.020599603652954102e-01,-3.397512435913085938e-01,2.000298351049423218e-01,-9.115706682205200195e-01,-9.943746924400329590e-01,1.456408053636550903e-01,1.198596715927124023e+00,5.399547219276428223e-01,-7.427699118852615356e-02,-1.696419715881347656e-01
-1.620749682188034058e-01,3.411062061786651611e-01,7.822468280792236328e-01,3.150396049022674561e-02,1.185486614704132080e-01,1.916241049766540527e-01,9.737730026245117188e-01,-7.499850988388061523e-01,-1.761320978403091431e-01,-3.169520497322082520e-01,7.219752669334411621e-01,-2.115559875965118408e-01,-1.129722818732261658e-01,-6.116457581520080566e-01,-1.724333763122558594e-01,3.746847510337829590e-01,4.151373803615570068e-01,-2.077042162418365479e-01,7.164893299341201782e-02,1.396142244338989258e-01,1.923367828130722046e-01,5.199999809265136719e-01,1.161177828907966614e-01,5.531309843063354492e-01,-4.414162412285804749e-02,-1.812531799077987671e-01,-6.235455870628356934e-01,-3.608592748641967773e-01,2.177211195230484009e-01,-9.479584693908691406e-01,-1.108793377876281738e+00,1.329966336488723755e-01,1.202785372734069824e+00,5.514418482780456543e-01,-7.936938852071762085e-02,-1.900966167449951172e-01
-1.674606651067733765e-01,3.388082385063171387e-01,7.864224314689636230e-01,3.053887374699115753e-02,1.308874338865280151e-01,1.555263847112655640e-01,9.786456823348999023e-01,-7.326099872589111328e-01,-1.796520054340362549e-01,-2.673753499984741211e-01,6.858169436454772949e-01,-2.235047221183776855e-01,-7.410411536693572998e-02,-6.063885688781738281e-01,-1.487443596124649048e-01,4.271584451198577881e-01,2.899889051914215088e-01,-1.551991999149322510e-01,9.358909726142883301e-02,6.945022195577621460e-02,1.338223069906234741e-01,5.199999809265136719e-01,6.372669339179992676e-02,5.520782470703125000e-01,-3.708558157086372375e-02,-2.158733606338500977e-01,-5.898814201354980469e-01,-3.782015740871429443e-01,2.659184038639068604e-01,-9.780178070068359375e-01,-1.195115923881530762e+00,1.381189823150634766e-01,1.153078198432922363e+00,5.531930923461914062e-01,-1.066333428025245667e-01,-2.437773495912551880e-01
-1.715162694454193115e-01,3.556332588195800781e-01,7.821092009544372559e-01,3.336085751652717590e-02,1.325585991144180298e-01,1.284933537244796753e-01,9.822447299957275391e-01,-7.089262008666992188e-01,-1.787032783031463623e-01,-1.918107718229293823e-01,6.645551919937133789e-01,-2.273582518100738525e-01,-4.248055815696716309e-02,-5.954683423042297363e-01,-1.683276891708374023e-01,4.221318662166595459e-01,2.184049487113952637e-01,-2.804235927760601044e-02,1.231340467929840088e-01,1.087648142129182816e-02,7.125617563724517822e-02,5.199999809265136719e-01,3.779468685388565063e-02,5.260673165321350098e-01,-5.058834701776504517e-02,-2.442758530378341675e-01,-5.777104496955871582e-01,-3.808394670486450195e-01,2.841439843177795410e-01,-9.731247425079345703e-01,-1.232599496841430664e+00,1.591804027557373047e-01,1.134889125823974609e+00,5.191757082939147949e-01,-1.060920283198356628e-01,-2.654103040695190430e-01
-1.802359670400619507e-01,3.493452370166778564e-01,7.759974002838134766e-01,1.742632873356342316e-02,1.374098360538482666e-01,5.422258004546165466e-02,9.888755083084106445e-01,-6.984032988548278809e-01,-7.973116636276245117e-02,-8.808254450559616089e-02,6.657657027244567871e-01,-2.779277265071868896e-01,-2.673448994755744934e-03,-5.684661269187927246e-01,-2.306641191244125366e-01,4.249472916126251221e-01,1.188854724168777466e-01,6.797060370445251465e-02,2.415695637464523315e-01,-5.847860127687454224e-02,-2.481886558234691620e-02,5.199999809265136719e-01,-2.323873154819011688e-02,5.114313364028930664e-01,-7.062107324600219727e-02,-2.533084452152252197e-01,-5.596713423728942871e-01,-3.759754598140716553e-01,3.169365525245666504e-01,-9.698855280876159668e-01,-1.208819866180419922e+00,2.031451910734176636e-01,1.043077588081359863e+00,5.062526464462280273e-01,-1.316216588020324707e-01,-2.844730317592620850e-01
-1.859618127346038818e-01,3.680777549743652344e-01,7.913318872451782227e-01,1.441218517720699310e-02,1.280774176120758057e-01,-3.490014746785163879e-02,9.910451173782348633e-01,-6.429219245910644531e-01,-1.992578618228435516e-02,1.036891131661832333e-03,6.566305756568908691e-01,-3.037000596523284912e-01,3.054587636142969131e-03,-5.718595385551452637e-01,-2.429321557283401489e-01,3.365792036056518555e-01,5.569524317979812622e-02,1.503564566373825073e-01,2.454982697963714600e-01,-1.201534122228622437e-01,-1.257803291082382202e-01,5.199999809265136719e-01,-9.023768454790115356e-02,4.714964330196380615e-01,-3.551460802555084229e-02,-2.353739887475967407e-01,-4.892126619815826416e-01,-3.808358907699584961e-01,4.077854454517364502e-01,-9.023157358169555664e-01,-1.173200130462646484e+00,1.775984168052673340e-01,8.974093794822692871e-01,5.198435187339782715e-01,-1.872313767671585083e-01,-3.699899017810821533e-01
-1.837949305772781372e-01,3.696246147155761719e-01,8.082317709922790527e-01,1.159909088164567947e-02,1.072745919227600098e-01,-1.214645653963088989e-01,9.867137074470520020e-01,-5.514402985572814941e-01,2.104864269495010376e-02,6.396979093551635742e-02,6.257508993148803711e-01,-3.243122696876525879e-01,2.817977219820022583e-03,-5.407699346542358398e-01,-2.335705310106277466e-01,2.444872558116912842e-01,7.621374726295471191e-02,1.842191517353057861e-01,2.608467638492584229e-01,-1.926158666610717773e-01,-2.372468262910842896e-01,5.199999809265136719e-01,-1.303116828203201294e-01,4.649344682693481445e-01,-1.252746861428022385e-02,-2.365884631872177124e-01,-4.621785283088684082e-01,-3.607296347618103027e-01,4.135012626647949219e-01,-7.756782174110412598e-01,-1.243741035461425781e+00,1.771018654108047485e-01,8.978856801986694336e-01,4.433074593544006348e-01,-1.699025332927703857e-01,-3.297137022018432617e-01
-1.760425269603729248e-01,3.848333060741424561e-01,8.247872591018676758e-01,7.377346511930227280e-03,7.320935279130935669e-02,-2.234470248222351074e-01,9.719348549842834473e-01,-4.127550423145294189e-01,6.433009356260299683e-02,1.233167722821235657e-01,5.666130781173706055e-01,-3.164903521537780762e-01,-1.660033315420150757e-02,-4.714383184909820557e-01,-2.034129053354263306e-01,1.191681995987892151e-01,1.123353019356727600e-01,2.423228472471237183e-01,2.578920722007751465e-01,-2.295935004949569702e-01,-3.404856324195861816e-01,5.058420300483703613e-01,-1.860019266605377197e-01,4.660383760929107666e-01,-2.193702384829521179e-02,-2.521928548812866211e-01,-4.570285975933074951e-01,-3.470169901847839355e-01,3.878257870674133301e-01,-5.410341024398803711e-01,-1.337888002395629883e+00,1.792277097702026367e-01,9.327237010002136230e-01,1.967657357454299927e-01,-1.351535767316818237e-01,-1.383652240037918091e-01
-1.583741009235382080e-01,3.924377858638763428e-01,8.264331221580505371e-01,1.654567196965217590e-03,4.330781847238540649e-02,-3.027154207229614258e-01,9.520950913429260254e-01,-2.771666646003723145e-01,7.532666623592376709e-02,1.225798502564430237e-01,5.066747069358825684e-01,-2.832069396972656250e-01,-2.949901856482028961e-02,-3.993722200393676758e-01,-1.733198612928390503e-01,3.463531285524368286e-02,1.578571498394012451e-01,2.335496097803115845e-01,2.236555516719818115e-01,-2.887550294399261475e-01,-3.869607746601104736e-01,4.492578506469726562e-01,-2.935405075550079346e-01,4.560423791408538818e-01,-7.705751061439514160e-02,-2.525278031826019287e-01,-3.684659898281097412e-01,-3.135046362876892090e-01,3.275700211524963379e-01,-3.464057147502899170e-01,-1.394765734672546387e+00,1.081208512187004089e-01,9.428657293319702148e-01,4.394194111227989197e-02,-1.377246677875518799e-01,-9.266431443393230438e-03
-1.380894333124160767e-01,3.894730508327484131e-01,8.297300934791564941e-01,7.857649587094783783e-03,3.539726510643959045e-02,-3.781773149967193604e-01,9.250228404998779297e-01,-2.062562406063079834e-01,6.013269722461700439e-02,1.350293755531311035e-01,4.989039599895477295e-01,-2.591490745544433594e-01,-2.709135599434375763e-02,-3.625856935977935791e-01,-1.600598692893981934e-01,-9.831940755248069763e-03,1.963750422000885010e-01,2.643524408340454102e-01,2.123311907052993774e-01,-3.501617610454559326e-01,-4.077679812908172607e-01,3.071677684783935547e-01,-4.847497344017028809e-01,4.412940442562103271e-01,-2.781582772731781006e-01,-2.562345266342163086e-01,-2.415496855974197388e-01,-2.698237299919128418e-01,2.373819947242736816e-01,7.836403325200080872e-03,-1.419667005538940430e+00,-1.275287568569183350e-01,9.128885269165039062e-01,-8.766046166419982910e-02,-1.367530077695846558e-01,8.057005703449249268e-02
-1.196795776486396790e-01,3.830096721649169922e-01,8.329299092292785645e-01,1.094011403620243073e-02,2.597983181476593018e-02,-4.332198202610015869e-01,9.008473753929138184e-01,-1.388306468725204468e-01,3.211237490177154541e-02,1.231379359960556030e-01,4.812482595443725586e-01,-2.257492095232009888e-01,-2.082620374858379364e-02,-3.338525891304016113e-01,-1.372732371091842651e-01,-3.737390041351318359e-02,2.314095944166183472e-01,2.595005631446838379e-01,2.001851797103881836e-01,-4.049427509307861328e-01,-3.862272202968597412e-01,2.027027904987335205e-01,-5.500377416610717773e-01,4.736843407154083252e-01,-3.533799052238464355e-01,-2.352255135774612427e-01,-2.136748880147933960e-01,-2.499689310789108276e-01,1.625335514545440674e-01,1.204601973295211792e-01,-1.425639510154724121e+00,-1.657696068286895752e-01,9.203429222106933594e-01,-1.247808560729026794e-01,-1.278000622987747192e-01,1.446054726839065552e-01
-1.021716296672821045e-01,3.770310878753662109e-01,8.355870246887207031e-01,2.233085036277770996e-02,2.251725085079669952e-02,-5.267618298530578613e-01,8.494211435317993164e-01,-7.247874140739440918e-02,-2.302420698106288910e-02,9.862506389617919922e-02,4.279929101467132568e-01,-1.918733417987823486e-01,7.074671797454357147e-03,-3.309226334095001221e-01,-8.779847621917724609e-02,-5.130564048886299133e-02,2.686443626880645752e-01,2.517286241054534912e-01,1.823778450489044189e-01,-4.393116831779479980e-01,-3.241315484046936035e-01,7.803703099489212036e-02,-5.432934165000915527e-01,5.696223378181457520e-01,-3.501628637313842773e-01,-1.860339045524597168e-01,-1.767778843641281128e-01,-2.622427046298980713e-01,1.251138895750045776e-01,3.480943143367767334e-01,-1.420903205871582031e+00,-3.540045917034149170e-01,8.641908764839172363e-01,-1.677266359329223633e-01,-1.271308213472366333e-01,1.680642515420913696e-01
-9.016066789627075195e-02,3.689414560794830322e-01,8.372674584388732910e-01,3.030513785779476166e-02,1.861468516290187836e-02,-6.272605061531066895e-01,7.779970169067382812e-01,-8.735215291380882263e-03,-7.423420250415802002e-02,7.660663127899169922e-02,3.671714663505554199e-01,-1.523344963788986206e-01,3.847343474626541138e-02,-3.040962815284729004e-01,-4.635148867964744568e-02,-4.636914655566215515e-02,2.768638730049133301e-01,2.476285845041275024e-01,1.822530031204223633e-01,-4.769118726253509521e-01,-2.599472999572753906e-01,4.525147378444671631e-03,-4.503114521503448486e-01,7.120441794395446777e-01,-2.446573525667190552e-01,-1.189180165529251099e-01,-1.344691514968872070e-01,-2.955642938613891602e-01,1.456224769353866577e-01,4.466539025306701660e-01,-1.384915709495544434e+00,-4.895558059215545654e-01,8.187789320945739746e-01,-1.518446803092956543e-01,-1.585013717412948608e-01,1.245812848210334778e-01
-8.027564734220504761e-02,3.585938811302185059e-01,8.407745957374572754e-01,3.233472257852554321e-02,1.201792992651462555e-02,-7.200124859809875488e-01,6.931031942367553711e-01,7.533013354986906052e-03,5.759679246693849564e-03,8.931713551282882690e-02,2.729648649692535400e-01,-5.160903930664062500e-02,-1.711581833660602570e-02,-2.702565789222717285e-01,-3.351370617747306824e-02,-6.162304431200027466e-02,3.018177747726440430e-01,2.268713265657424927e-01,1.634958237409591675e-01,-4.653007388114929199e-01,-1.848030388355255127e-01,-2.783886902034282684e-02,-3.213436305522918701e-01,8.467987179756164551e-01,-8.751744031906127930e-02,-6.511149555444717407e-02,-1.207204386591911316e-01,-3.278414905071258545e-01,1.597710102796554565e-01,6.526569128036499023e-01,-1.317711353302001953e+00,-7.269504070281982422e-01,7.013328671455383301e-01,-1.130430996417999268e-01,-1.865278780460357666e-01,7.955422252416610718e-02
-7.359674572944641113e-02,3.506733179092407227e-01,8.459594249725341797e-01,3.025938943028450012e-02,1.947316341102123260e-02,-7.955538034439086914e-01,6.048134565353393555e-01,2.005320973694324493e-02,1.524750702083110809e-02,1.142036691308021545e-01,2.397018671035766602e-01,-4.706260189414024353e-02,-1.806845772080123425e-03,-2.490686178207397461e-01,-2.924611605703830719e-02,-6.772774457931518555e-02,3.563072979450225830e-01,1.873807162046432495e-01,1.334997415542602539e-01,-4.552371799945831299e-01,-9.565731883049011230e-02,-5.026528984308242798e-02,-2.131000459194183350e-01,9.503248333930969238e-01,3.803148493170738220e-02,-2.596489898860454559e-02,-1.121488362550735474e-01,-3.296844959259033203e-01,1.446980684995651245e-01,7.572222948074340820e-01,-1.244601488113403320e+00,-8.653374314308166504e-01,6.293528079986572266e-01,-8.005075901746749878e-02,-1.841591447591781616e-01,3.492634370923042297e-02
-6.454673409461975098e-02,3.450371026992797852e-01,8.494696021080017090e-01,2.891185507178306580e-02,2.586823888123035431e-02,-8.411141037940979004e-01,5.394645929336547852e-01,1.902961172163486481e-02,2.634801715612411499e-02,1.321048736572265625e-01,2.169914543628692627e-01,-4.156788438558578491e-02,1.474870601668953896e-03,-2.456392943859100342e-01,-3.206165879964828491e-02,-6.022027134895324707e-02,4.021222293376922607e-01,1.606478244066238403e-01,1.204070374369621277e-01,-4.542545378208160400e-01,-2.045135200023651123e-02,-4.425487294793128967e-02,-1.153848916292190552e-01,9.829915165901184082e-01,1.303207725286483765e-01,1.166538521647453308e-02,-1.693165153264999390e-01,-3.204082548618316650e-01,1.311989724636077881e-01,8.101108670234680176e-01,-1.199341893196105957e+00,-9.600133895874023438e-01,6.139718890190124512e-01,-3.673563152551651001e-02,-1.805867701768875122e-01,2.089104615151882172e-02
-5.216018483042716980e-02,3.409223556518554688e-01,8.510185480117797852e-01,2.503922209143638611e-02,3.112273104488849640e-02,-8.979043960571289062e-01,4.383744001388549805e-01,1.468636933714151382e-02,4.229279235005378723e-02,2.231556028127670288e-01,1.804464310407638550e-01,-6.550523918122053146e-03,-3.905340563505887985e-03,-2.555008530616760254e-01,-5.736627057194709778e-02,-8.122023195028305054e-02,4.435138702392578125e-01,1.028886735439300537e-01,9.179597347974777222e-02,-4.890841543674468994e-01,1.313526481389999390e-01,-1.976757310330867767e-02,6.390096247196197510e-02,9.561043977737426758e-01,2.580585479736328125e-01,-1.392262428998947144e-02,-3.930701613426208496e-01,-3.442989587783813477e-01,1.076426282525062561e-01,8.869102597236633301e-01,-1.140900373458862305e+00,-1.090705513954162598e+00,5.520829558372497559e-01,6.616875529289245605e-02,-2.095237970352172852e-01,-6.643654406070709229e-02
-4.147300124168395996e-02,3.397474884986877441e-01,8.502566218376159668e-01,3.414620086550712585e-02,3.003311343491077423e-02,-9.409692287445068359e-01,3.354235887527465820e-01,5.667180288583040237e-03,6.523770838975906372e-02,3.275713324546813965e-01,1.723351776599884033e-01,-4.582077264785766602e-03,1.513936673291027546e-03,-2.721208930015563965e-01,-7.712005823850631714e-02,-5.462691932916641235e-02,4.989888072013854980e-01,5.138465389609336853e-02,9.207154065370559692e-02,-5.189111828804016113e-01,2.563510835170745850e-01,2.612234652042388916e-02,1.421086788177490234e-01,8.866999149322509766e-01,2.686778903007507324e-01,-8.864805102348327637e-03,-6.506317257881164551e-01,-3.714926242828369141e-01,9.078268706798553467e-02,8.722214102745056152e-01,-1.157094359397888184e+00,-1.171365380287170410e+00,5.045763254165649414e-01,1.590211987495422363e-01,-2.452431917190551758e-01,-1.517616361379623413e-01
-2.887299656867980957e-02,3.398506939411163330e-01,8.423076868057250977e-01,3.866473585367202759e-02,1.927448250353336334e-02,-9.779227972030639648e-01,2.044517546892166138e-01,-1.598606631159782410e-02,6.959597766399383545e-02,4.145252108573913574e-01,1.740658879280090332e-01,-1.404319517314434052e-02,2.189442515373229980e-02,-2.784367501735687256e-01,-1.371976733207702637e-01,-4.499964416027069092e-02,4.901261925697326660e-01,1.712065562605857849e-02,8.380097150802612305e-02,-5.053856372833251953e-01,3.552888333797454834e-01,9.216929227113723755e-02,2.264951765537261963e-01,8.593330383300781250e-01,2.736819982528686523e-01,-2.798471413552761078e-02,-7.382795810699462891e-01,-3.696748614311218262e-01,6.841840595006942749e-02,8.078716397285461426e-01,-1.157806515693664551e+00,-1.231954932212829590e+00,4.077796339988708496e-01,2.238937616348266602e-01,-2.586140632629394531e-01,-2.214106470346450806e-01
-1.724368520081043243e-02,3.388674259185791016e-01,8.319800496101379395e-01,4.062871634960174561e-02,4.283521324396133423e-03,-9.966612458229064941e-01,7.069137692451477051e-02,-2.782522141933441162e-02,7.510741055011749268e-02,5.711107850074768066e-01,2.134005874395370483e-01,-7.318206131458282471e-02,4.436407238245010376e-02,-2.867047488689422607e-01,-2.555162906646728516e-01,-1.166749224066734314e-01,4.951061606407165527e-01,1.589963585138320923e-02,7.256295531988143921e-02,-4.639145433902740479e-01,4.251612722873687744e-01,1.442788243293762207e-01,2.614381015300750732e-01,8.013747930526733398e-01,2.535913884639739990e-01,-9.114277362823486328e-02,-8.063228726387023926e-01,-3.831559717655181885e-01,3.997349739074707031e-02,6.873912811279296875e-01,-1.163578152656555176e+00,-1.243620276451110840e+00,3.169492185115814209e-01,2.989977002143859863e-01,-2.699995338916778564e-01,-3.021726906299591064e-01
-5.545550957322120667e-03,3.390361368656158447e-01,8.193146586418151855e-01,5.232406780123710632e-02,-7.949183695018291473e-03,-9.969564080238342285e-01,-5.724419280886650085e-02,-5.270152911543846130e-02,7.989016920328140259e-02,6.545497775077819824e-01,2.753434777259826660e-01,-1.462357938289642334e-01,7.600533217191696167e-02,-3.119094371795654297e-01,-3.465090394020080566e-01,-1.412839442491531372e-01,5.062319636344909668e-01,-6.200849544256925583e-03,6.068250536918640137e-02,-4.152680635452270508e-01,4.691350162029266357e-01,2.070804387331008911e-01,2.645813524723052979e-01,7.292251586914062500e-01,2.433841973543167114e-01,-1.553377360105514526e-01,-7.804638743400573730e-01,-3.922803997993469238e-01,5.244255810976028442e-02,5.373846888542175293e-01,-1.165879607200622559e+00,-1.196663260459899902e+00,2.119224816560745239e-01,3.343140184879302979e-01,-2.642402052879333496e-01,-3.794033825397491455e-01
4.350300412625074387e-03,3.393923938274383545e-01,8.069494962692260742e-01,5.502650514245033264e-02,-2.214675210416316986e-02,-9.825585484504699707e-01,-1.762391924858093262e-01,-8.887737989425659180e-02,9.721927344799041748e-02,7.097263336181640625e-01,3.640587925910949707e-01,-2.214880287647247314e-01,1.100095883011817932e-01,-3.655436038970947266e-01,-4.238535463809967041e-01,-1.358016133308410645e-01,5.377122759819030762e-01,-2.416806109249591827e-02,6.913124024868011475e-02,-3.523267209529876709e-01,4.920793473720550537e-01,2.652238607406616211e-01,2.167269289493560791e-01,6.854647397994995117e-01,1.824047118425369263e-01,-2.104055583477020264e-01,-7.486136555671691895e-01,-3.544504344463348389e-01,5.517117679119110107e-02,3.052680194377899170e-01,-1.170333981513977051e+00,-1.043689370155334473e+00,1.274983584880828857e-01,4.140550494194030762e-01,-2.527225017547607422e-01,-3.935997486114501953e-01
1.429684273898601532e-02,3.421296477317810059e-01,7.958835959434509277e-01,5.334560573101043701e-02,-3.230249509215354919e-02,-9.662681818008422852e-01,-2.498731464147567749e-01,-1.154562011361122131e-01,1.078635826706886292e-01,7.368841171264648438e-01,4.273783862590789795e-01,-2.730029523372650146e-01,1.341607868671417236e-01,-4.205916523933410645e-01,-4.470567405223846436e-01,-1.082100346684455872e-01,5.658917427062988281e-01,-5.546749383211135864e-02,8.119838684797286987e-02,-3.288439214229583740e-01,4.924034774303436279e-01,3.214817345142364502e-01,1.624904870986938477e-01,6.498062610626220703e-01,1.378293335437774658e-01,-2.355612814426422119e-01,-7.147369384765625000e-01,-3.431974649429321289e-01,8.245330303907394409e-02,1.167228519916534424e-01,-1.149525165557861328e+00,-8.844081163406372070e-01,7.997609674930572510e-02,4.283453822135925293e-01,-2.487729340791702271e-01,-4.138228297233581543e-01
2.468955144286155701e-02,3.444703221321105957e-01,7.862510681152343750e-01,4.940821602940559387e-02,-4.207344725728034973e-02,-9.415262937545776367e-01,-3.306310474872589111e-01,-1.315403133630752563e-01,1.186396181583404541e-01,7.147717475891113281e-01,4.961912333965301514e-01,-3.368994891643524170e-01,1.383124142885208130e-01,-5.035217404365539551e-01,-4.403960406780242920e-01,-6.573092937469482422e-02,6.147689223289489746e-01,-8.813969045877456665e-02,1.042328029870986938e-01,-3.210017979145050049e-01,4.862724244594573975e-01,3.995256423950195312e-01,8.760309964418411255e-02,6.250085234642028809e-01,9.752169251441955566e-02,-2.309454977512359619e-01,-5.841940641403198242e-01,-3.383845984935760498e-01,1.519984155893325806e-01,-1.054474562406539917e-01,-1.080998301506042480e+00,-6.468768119812011719e-01,1.019865274429321289e-01,4.681722521781921387e-01,-2.254429459571838379e-01,-4.174979329109191895e-01
3.449743986129760742e-02,3.482343256473541260e-01,7.776997089385986328e-01,4.696000739932060242e-02,-4.895096272230148315e-02,-9.162605404853820801e-01,-3.947975933551788330e-01,-1.521988064050674438e-01,1.319557130336761475e-01,6.799235343933105469e-01,5.608125925064086914e-01,-3.900562524795532227e-01,1.470446586608886719e-01,-5.790311694145202637e-01,-3.887567222118377686e-01,-1.122646778821945190e-02,6.574442982673645020e-01,-1.283277422189712524e-01,1.209581345319747925e-01,-3.374652266502380371e-01,4.754475951194763184e-01,4.676174521446228027e-01,2.919048070907592773e-02,5.955369472503662109e-01,6.308492273092269897e-02,-1.985450237989425659e-01,-5.049334168434143066e-01,-3.151994943618774414e-01,2.175959199666976929e-01,-2.686232030391693115e-01,-1.004747986793518066e+00,-4.489285945892333984e-01,1.380617767572402954e-01,5.055982470512390137e-01,-2.098280936479568481e-01,-4.037883281707763672e-01
3.977352008223533630e-02,3.541389703750610352e-01,7.735659480094909668e-01,4.179789870977401733e-02,-6.145395711064338684e-02,-8.860797882080078125e-01,-4.575358033180236816e-01,-2.602461278438568115e-01,1.744547784328460693e-01,6.197004914283752441e-01,6.650172472000122070e-01,-3.951414227485656738e-01,1.658200025558471680e-01,-6.513463258743286133e-01,-3.475873470306396484e-01,3.072011284530162811e-02,7.006984949111938477e-01,-1.646509915590286255e-01,1.186729148030281067e-01,-3.409528434276580811e-01,4.365385770797729492e-01,4.973730146884918213e-01,-1.974987611174583435e-02,5.668570399284362793e-01,1.331604551523923874e-02,-1.440674066543579102e-01,-4.002127647399902344e-01,-3.008277714252471924e-01,2.956224679946899414e-01,-3.847953379154205322e-01,-9.227937459945678711e-01,-2.669213116168975830e-01,2.942760288715362549e-01,5.363557338714599609e-01,-1.915088146924972534e-01,-4.210061132907867432e-01
4.557235538959503174e-02,3.593385219573974609e-01,7.698019146919250488e-01,3.601183369755744934e-02,-7.189208269119262695e-02,-8.607426285743713379e-01,-5.026497244834899902e-01,-3.091503679752349854e-01,1.906313449144363403e-01,5.334632396697998047e-01,7.110854387283325195e-01,-4.152150452136993408e-01,1.729690283536911011e-01,-7.191817760467529297e-01,-2.994970679283142090e-01,6.495926529169082642e-02,7.470576763153076172e-01,-1.929730623960494995e-01,1.096574515104293823e-01,-3.238121867179870605e-01,4.242904782295227051e-01,5.086543560028076172e-01,-7.763838768005371094e-02,5.401185154914855957e-01,-6.097186729311943054e-02,-1.233707889914512634e-01,-3.070675134658813477e-01,-2.848271429538726807e-01,3.215408027172088623e-01,-4.848104715347290039e-01,-8.788769841194152832e-01,-1.434555947780609131e-01,5.465682148933410645e-01,5.480338931083679199e-01,-1.499624550342559814e-01,-4.162676632404327393e-01
5.190603807568550110e-02,3.639279901981353760e-01,7.678235173225402832e-01,3.522358834743499756e-02,-8.054239302873611450e-02,-8.434182405471801758e-01,-5.300168991088867188e-01,-3.443022966384887695e-01,1.942397803068161011e-01,4.831605851650238037e-01,7.347527742385864258e-01,-4.262390136718750000e-01,1.720642149448394775e-01,-7.595055699348449707e-01,-2.653422355651855469e-01,8.873638510704040527e-02,7.665956616401672363e-01,-2.078655958175659180e-01,1.079439222812652588e-01,-3.177597224712371826e-01,4.123757183551788330e-01,5.151838660240173340e-01,-1.138064116239547729e-01,5.146144628524780273e-01,-9.335576742887496948e-02,-1.053044870495796204e-01,-2.844828069210052490e-01,-2.809490561485290527e-01,3.182526528835296631e-01,-5.296050310134887695e-01,-8.621918559074401855e-01,-9.594956040382385254e-02,6.593807339668273926e-01,5.598121881484985352e-01,-1.409480571746826172e-01,-3.890630304813385010e-01
5.689496546983718872e-02,3.679738938808441162e-01,7.671757936477661133e-01,3.117797710001468658e-02,-9.201027452945709229e-02,-8.254970908164978027e-01,-5.559825301170349121e-01,-3.968712687492370605e-01,2.019326984882354736e-01,4.166200459003448486e-01,7.689102292060852051e-01,-4.336840808391571045e-01,1.677510738372802734e-01,-8.009068369865417480e-01,-2.408631592988967896e-01,1.107402890920639038e-01,7.905335426330566406e-01,-2.127672135829925537e-01,1.036220043897628784e-01,-2.922497391700744629e-01,4.061519801616668701e-01,5.199999809265136719e-01,-1.572334617376327515e-01,4.796793162822723389e-01,-1.357414424419403076e-01,-7.966268807649612427e-02,-2.434000223875045776e-01,-2.764773070812225342e-01,3.191736638545989990e-01,-5.841821432113647461e-01,-8.624526858329772949e-01,-5.535359680652618408e-02,8.435102105140686035e-01,5.645722746849060059e-01,-1.122849956154823303e-01,-3.562521934509277344e-01
5.940968543291091919e-02,3.707820177078247070e-01,7.685105800628662109e-01,2.944936044514179230e-02,-1.001451984047889709e-01,-8.117501139640808105e-01,-5.746002197265625000e-01,-4.305288791656494141e-01,2.062970846891403198e-01,3.792878985404968262e-01,7.855050563812255859e-01,-4.321432411670684814e-01,1.644965410232543945e-01,-8.200206160545349121e-01,-2.214118242263793945e-01,1.259027123451232910e-01,7.880519628524780273e-01,-2.116858810186386108e-01,1.032728850841522217e-01,-2.845785021781921387e-01,3.975253701210021973e-01,5.199999809265136719e-01,-1.750086396932601929e-01,4.628061354160308838e-01,-1.490303874015808105e-01,-6.697243452072143555e-02,-2.433908879756927490e-01,-2.787961065769195557e-01,3.107131719589233398e-01,-6.005079150199890137e-01,-8.718240857124328613e-01,-4.987800866365432739e-02,8.816491365432739258e-01,6.000949144363403320e-01,-1.209785267710685730e-01,-3.396075069904327393e-01
5.822665616869926453e-02,3.746508061885833740e-01,7.718703150749206543e-01,2.824281714856624603e-02,-1.047520339488983154e-01,-8.003222346305847168e-01,-5.896725058555603027e-01,-4.516991078853607178e-01,2.064149826765060425e-01,3.470390439033508301e-01,7.816568613052368164e-01,-4.205903112888336182e-01,1.598119288682937622e-01,-8.190912604331970215e-01,-2.044712007045745850e-01,1.417205035686492920e-01,7.689389586448669434e-01,-2.063031792640686035e-01,9.834135323762893677e-02,-2.819199860095977783e-01,3.858817219734191895e-01,5.199999809265136719e-01,-1.929649412631988525e-01,4.506695568561553955e-01,-1.413428783416748047e-01,-5.613686516880989075e-02,-2.393487989902496338e-01,-2.818850278854370117e-01,3.016968369483947754e-01,-5.934219360351562500e-01,-8.813293576240539551e-01,-5.876148492097854614e-02,8.286018967628479004e-01,6.279213428497314453e-01,-1.487342715263366699e-01,-3.286873996257781982e-01
5.836795642971992493e-02,3.783071935176849365e-01,7.772821187973022461e-01,2.588337659835815430e-02,-1.070422530174255371e-01,-7.918440699577331543e-01,-6.007120609283447266e-01,-4.661370515823364258e-01,2.015063017606735229e-01,3.256609439849853516e-01,7.661304473876953125e-01,-4.069115519523620605e-01,1.544197499752044678e-01,-8.065740466117858887e-01,-1.888534426689147949e-01,1.568885445594787598e-01,7.440468668937683105e-01,-1.899338215589523315e-01,9.274622797966003418e-02,-2.826437950134277344e-01,3.678883016109466553e-01,5.199999809265136719e-01,-2.126269340515136719e-01,4.520206749439239502e-01,-1.345989555120468140e-01,-5.048384144902229309e-02,-2.313690483570098877e-01,-2.834814190864562988e-01,3.188311457633972168e-01,-5.804948806762695312e-01,-8.879428505897521973e-01,-6.379928439855575562e-02,7.557367682456970215e-01,6.413590312004089355e-01,-1.776950210332870483e-01,-3.370074629783630371e-01
5.765247717499732971e-02,3.845051229000091553e-01,7.833499908447265625e-01,2.628685534000396729e-02,-1.089545413851737976e-01,-7.823137044906616211e-01,-6.127178072929382324e-01,-4.736889004707336426e-01,1.904230415821075439e-01,3.079828321933746338e-01,7.303916811943054199e-01,-3.867522478103637695e-01,1.431395411491394043e-01,-7.861686944961547852e-01,-1.709643900394439697e-01,1.682464629411697388e-01,7.037742733955383301e-01,-1.770043522119522095e-01,8.604181557893753052e-02,-2.902676761150360107e-01,3.399285972118377686e-01,5.199999809265136719e-01,-2.426861524581909180e-01,4.586798548698425293e-01,-1.260900348424911499e-01,-2.982484921813011169e-02,-2.388596385717391968e-01,-2.849885821342468262e-01,3.337200582027435303e-01,-5.493714213371276855e-01,-8.768908977508544922e-01,-6.619141250848770142e-02,5.770332813262939453e-01,6.396125555038452148e-01,-2.152986228466033936e-01,-3.379296660423278809e-01
5.830610916018486023e-02,3.855594098567962646e-01,7.906680703163146973e-01,2.280443906784057617e-02,-1.094483956694602966e-01,-7.760496139526367188e-01,-6.206834912300109863e-01,-4.770692884922027588e-01,1.761808842420578003e-01,2.963805794715881348e-01,7.041252255439758301e-01,-3.784269392490386963e-01,1.336265057325363159e-01,-7.621988654136657715e-01,-1.641707867383956909e-01,1.741313934326171875e-01,6.625400185585021973e-01,-1.451420783996582031e-01,9.211432188749313354e-02,-2.957641184329986572e-01,3.145797252655029297e-01,5.199999809265136719e-01,-2.725623846054077148e-01,4.642034769058227539e-01,-1.353288590908050537e-01,-8.181940764188766479e-03,-2.385302335023880005e-01,-2.836730182170867920e-01,3.452351987361907959e-01,-5.264937877655029297e-01,-8.741289973258972168e-01,-5.530694499611854553e-02,4.655109643936157227e-01,6.100487112998962402e-01,-2.259618341922760010e-01,-3.435766696929931641e-01
5.546529218554496765e-02,3.897680342197418213e-01,7.979522943496704102e-01,2.225926704704761505e-02,-1.076514944434165955e-01,-7.691052556037902832e-01,-6.295973062515258789e-01,-4.718563258647918701e-01,1.592652797698974609e-01,2.846569418907165527e-01,6.574522256851196289e-01,-3.574671149253845215e-01,1.188723519444465637e-01,-7.281426191329956055e-01,-1.530901789665222168e-01,1.826582401990890503e-01,6.101147532463073730e-01,-1.230928525328636169e-01,9.332495927810668945e-02,-3.068600893020629883e-01,2.786065936088562012e-01,5.199999809265136719e-01,-3.098681271076202393e-01,4.684004783630371094e-01,-1.517888009548187256e-01,2.636852487921714783e-02,-2.468069940805435181e-01,-2.809361219406127930e-01,3.524678349494934082e-01,-5.108705759048461914e-01,-8.678742051124572754e-01,-3.472800925374031067e-02,3.175441026687622070e-01,5.502749681472778320e-01,-2.406395673751831055e-01,-3.501751720905303955e-01
5.868470296263694763e-02,3.970789015293121338e-01,8.049860000610351562e-01,2.158782444894313812e-02,-1.063112840056419373e-01,-7.610871195793151855e-01,-6.395141482353210449e-01,-4.614687561988830566e-01,1.360809057950973511e-01,2.591134905815124512e-01,6.108713746070861816e-01,-3.245891034603118896e-01,9.840949624776840210e-02,-6.843720078468322754e-01,-1.345369368791580200e-01,1.878913193941116333e-01,5.445146560668945312e-01,-1.148612350225448608e-01,8.971747756004333496e-02,-3.184715211391448975e-01,2.283633947372436523e-01,5.199999809265136719e-01,-3.943755924701690674e-01,4.466345012187957764e-01,-1.929119974374771118e-01,1.078335791826248169e-01,-2.486062645912170410e-01,-2.630251646041870117e-01,3.515043854713439941e-01,-5.077581405639648438e-01,-8.406539559364318848e-01,1.859134063124656677e-02,1.776018589735031128e-01,4.396437406539916992e-01,-2.458834648132324219e-01,-3.521082103252410889e-01
5.697541311383247375e-02,3.961159586906433105e-01,8.121810555458068848e-01,1.831568963825702667e-02,-1.047749966382980347e-01,-7.554403543472290039e-01,-6.465265750885009766e-01,-4.536811113357543945e-01,1.179489269852638245e-01,2.439779192209243774e-01,5.844586491584777832e-01,-3.094071447849273682e-01,9.338366240262985229e-02,-6.582930684089660645e-01,-1.321812421083450317e-01,1.920690387487411499e-01,4.996142387390136719e-01,-7.077122479677200317e-02,1.053202226758003235e-01,-3.229153156280517578e-01,1.957209110260009766e-01,5.186614990234375000e-01,-4.706216752529144287e-01,4.284612536430358887e-01,-2.233081609010696411e-01,1.644585132598876953e-01,-2.439744025468826294e-01,-2.614338696002960205e-01,3.536323010921478271e-01,-5.103706121444702148e-01,-8.135085701942443848e-01,6.270951777696609497e-02,8.604069799184799194e-02,3.802043199539184570e-01,-2.381203919649124146e-01,-3.573019504547119141e-01
5.431836843490600586e-02,3.964793980121612549e-01,8.186508417129516602e-01,1.510038226842880249e-02,-1.009961813688278198e-01,-7.486078143119812012e-01,-6.551015377044677734e-01,-4.397533833980560303e-01,1.018931567668914795e-01,2.227543294429779053e-01,5.515458583831787109e-01,-2.976614236831665039e-01,7.956579327583312988e-02,-6.202036738395690918e-01,-1.290733516216278076e-01,1.899866163730621338e-01,4.409553408622741699e-01,-4.004418849945068359e-02,1.193705871701240540e-01,-3.343339264392852783e-01,1.501579284667968750e-01,5.148383975028991699e-01,-5.833268761634826660e-01,3.732205033302307129e-01,-2.876105010509490967e-01,2.660753726959228516e-01,-2.614895403385162354e-01,-2.366794943809509277e-01,3.152908086776733398e-01,-5.316578745841979980e-01,-7.562869191169738770e-01,1.418190449476242065e-01,-1.549060456454753876e-02,3.356053531169891357e-01,-2.321533858776092529e-01,-3.256829380989074707e-01
4.568267613649368286e-02,3.990419209003448486e-01,8.247536420822143555e-01,1.152380835264921188e-02,-9.419339150190353394e-02,-7.414078116416931152e-01,-6.643111109733581543e-01,-4.074121713638305664e-01,9.542355686426162720e-02,2.153093218803405762e-01,5.373053550720214844e-01,-2.950304448604583740e-01,6.889199465513229370e-02,-5.786034464836120605e-01,-1.326160877943038940e-01,1.770149916410446167e-01,3.928154408931732178e-01,-1.287952158600091934e-02,1.411997824907302856e-01,-3.391005098819732666e-01,1.016657501459121704e-01,5.066447854042053223e-01,-7.127655148506164551e-01,3.171028792858123779e-01,-3.341423571109771729e-01,3.396403491497039795e-01,-2.706351578235626221e-01,-2.127598226070404053e-01,2.793620824813842773e-01,-5.693822503089904785e-01,-6.875904798507690430e-01,2.390276640653610229e-01,-1.122016683220863342e-01,3.028083145618438721e-01,-2.135657668113708496e-01,-2.748895883560180664e-01
4.409243911504745483e-02,3.956544697284698486e-01,8.301469683647155762e-01,3.019041614606976509e-03,-8.799228072166442871e-02,-7.369365692138671875e-01,-6.702035069465637207e-01,-3.763156235218048096e-01,8.541543036699295044e-02,2.066140621900558472e-01,5.283133983612060547e-01,-2.953352928161621094e-01,6.396288424730300903e-02,-5.420115590095520020e-01,-1.361151337623596191e-01,1.704952418804168701e-01,3.536862134933471680e-01,1.707048714160919189e-02,1.566255837678909302e-01,-3.472591340541839600e-01,6.550571322441101074e-02,5.029670000076293945e-01,-7.898734807968139648e-01,2.929996550083160400e-01,-3.700119256973266602e-01,3.811533749103546143e-01,-2.687031924724578857e-01,-1.982684582471847534e-01,2.484197616577148438e-01,-6.010758876800537109e-01,-6.559303998947143555e-01,2.996297776699066162e-01,-1.714265495538711548e-01,2.877038419246673584e-01,-2.003189027309417725e-01,-2.267944216728210449e-01
3.852272406220436096e-02,3.960873186588287354e-01,8.350718021392822266e-01,-6.241782102733850479e-03,-7.608053833246231079e-02,-7.319079041481018066e-01,-6.771141290664672852e-01,-3.244638442993164062e-01,8.613863587379455566e-02,1.991379112005233765e-01,5.174634456634521484e-01,-2.987406849861145020e-01,5.951136723160743713e-02,-4.943811297416687012e-01,-1.362264007329940796e-01,1.619279682636260986e-01,3.244725763797760010e-01,3.688178211450576782e-02,1.732830107212066650e-01,-3.505273759365081787e-01,2.157379873096942902e-02,4.931737780570983887e-01,-8.718402981758117676e-01,2.685932517051696777e-01,-3.914786577224731445e-01,3.936448693275451660e-01,-2.979946732521057129e-01,-1.914264112710952759e-01,2.342435121536254883e-01,-6.551157832145690918e-01,-6.158844828605651855e-01,3.513832092285156250e-01,-2.434351742267608643e-01,2.762817740440368652e-01,-1.860387921333312988e-01,-1.898060888051986694e-01
3.649994358420372009e-02,4.014848172664642334e-01,8.388361930847167969e-01,-1.278535835444927216e-02,-6.928396224975585938e-02,-7.255808115005493164e-01,-6.845207810401916504e-01,-2.668116688728332520e-01,8.088614791631698608e-02,1.913558840751647949e-01,4.911395609378814697e-01,-3.040176033973693848e-01,5.765493214130401611e-02,-4.518542289733886719e-01,-1.378077119588851929e-01,1.426678150892257690e-01,2.912633717060089111e-01,3.806630894541740417e-02,1.836317181587219238e-01,-3.469281792640686035e-01,-3.963399212807416916e-03,4.779907166957855225e-01,-9.306405782699584961e-01,2.708672583103179932e-01,-4.054914712905883789e-01,3.653015792369842529e-01,-3.527074754238128662e-01,-2.057976424694061279e-01,2.286041676998138428e-01,-7.065648436546325684e-01,-6.087639927864074707e-01,3.851274251937866211e-01,-3.003939092159271240e-01,2.719728946685791016e-01,-1.716995984315872192e-01,-1.597778350114822388e-01
3.061878122389316559e-02,4.079859554767608643e-01,8.414751887321472168e-01,-1.282441616058349609e-02,-6.172805279493331909e-02,-7.233632206916809082e-01,-6.875833272933959961e-01,-2.144697755575180054e-01,8.142983168363571167e-02,1.934194266796112061e-01,4.533989131450653076e-01,-3.092899620532989502e-01,5.359272286295890808e-02,-4.159764051437377930e-01,-1.374630779027938843e-01,1.253603994846343994e-01,2.617230713367462158e-01,3.881714120507240295e-02,1.928043365478515625e-01,-3.461370468139648438e-01,-2.174408361315727234e-02,4.446722269058227539e-01,-9.824944734573364258e-01,2.804499268531799316e-01,-4.084029495716094971e-01,3.058794736862182617e-01,-4.013440608978271484e-01,-2.340896874666213989e-01,2.236586213111877441e-01,-7.505073547363281250e-01,-6.232355833053588867e-01,4.031400680541992188e-01,-3.364356160163879395e-01,2.710655331611633301e-01,-1.587943434715270996e-01,-1.431616693735122681e-01
2.207215130329132080e-02,4.215579330921173096e-01,8.425229787826538086e-01,-1.022442802786827087e-02,-5.782111361622810364e-02,-7.220495939254760742e-01,-6.893450021743774414e-01,-1.586001068353652954e-01,7.812634855508804321e-02,2.058863043785095215e-01,4.074348807334899902e-01,-3.215920031070709229e-01,5.048714205622673035e-02,-3.778087496757507324e-01,-1.466621309518814087e-01,9.674111008644104004e-02,2.269414216279983521e-01,1.649759709835052490e-02,1.956418603658676147e-01,-3.439652025699615479e-01,-2.838638983666896820e-02,4.094948768615722656e-01,-1.018823385238647461e+00,2.923430800437927246e-01,-3.792991340160369873e-01,2.089978158473968506e-01,-4.323508441448211670e-01,-2.841483950614929199e-01,2.668676078319549561e-01,-7.787601351737976074e-01,-6.483027935028076172e-01,3.708264529705047607e-01,-3.573326468467712402e-01,2.357040941715240479e-01,-1.607624888420104980e-01,-1.864051073789596558e-01
1.445481833070516586e-02,4.212271869182586670e-01,8.427550196647644043e-01,-1.529270876199007034e-02,-5.108873918652534485e-02,-7.186432480812072754e-01,-6.933310627937316895e-01,-1.133254617452621460e-01,6.752145290374755859e-02,2.144969999790191650e-01,3.717258572578430176e-01,-3.279975056648254395e-01,5.196405574679374695e-02,-3.507677316665649414e-01,-1.610005497932434082e-01,5.835175514221191406e-02,2.056344449520111084e-01,1.941539347171783447e-02,2.104297280311584473e-01,-3.320533633232116699e-01,-3.759076073765754700e-02,3.764005601406097412e-01,-1.037070751190185547e+00,3.109065890312194824e-01,-3.069891035556793213e-01,9.705284982919692993e-02,-4.448137879371643066e-01,-3.412097096443176270e-01,3.327665328979492188e-01,-7.605122923851013184e-01,-6.714000105857849121e-01,3.035296201705932617e-01,-3.229140639305114746e-01,2.374930381774902344e-01,-1.627202481031417847e-01,-2.540579438209533691e-01
8.241469971835613251e-03,4.156351089477539062e-01,8.431361317634582520e-01,-2.544459700584411621e-02,-4.168504476547241211e-02,-7.147465348243713379e-01,-6.976763606071472168e-01,-6.800284236669540405e-02,5.759007111191749573e-02,2.316600978374481201e-01,3.402204215526580811e-01,-3.289707899093627930e-01,5.080360174179077148e-02,-3.216781914234161377e-01,-1.760121732950210571e-01,2.176401764154434204e-02,1.877855956554412842e-01,3.537882119417190552e-02,2.258206158876419067e-01,-3.088536560535430908e-01,-4.167961329221725464e-02,3.547695279121398926e-01,-1.013634800910949707e+00,3.326479792594909668e-01,-2.084503620862960815e-01,-1.091497484594583511e-02,-4.839165508747100830e-01,-3.992054164409637451e-01,4.446513056755065918e-01,-7.200243473052978516e-01,-6.965482234954833984e-01,1.753605753183364868e-01,-2.098909616470336914e-01,2.632959187030792236e-01,-1.738898307085037231e-01,-3.798255026340484619e-01
-1.991390716284513474e-03,4.061800837516784668e-01,8.439516425132751465e-01,-3.331412747502326965e-02,-2.964571118354797363e-02,-7.104654908180236816e-01,-7.023176550865173340e-01,-3.020589426159858704e-02,4.721964895725250244e-02,2.378636151552200317e-01,3.068109452724456787e-01,-3.352600932121276855e-01,5.186035484075546265e-02,-3.022142946720123291e-01,-1.875943094491958618e-01,-4.080480895936489105e-03,1.817299872636795044e-01,7.056074589490890503e-02,2.438412457704544067e-01,-2.888221144676208496e-01,-4.507212340831756592e-02,3.313857316970825195e-01,-9.304595589637756348e-01,3.522034287452697754e-01,-1.680345982313156128e-01,-3.840149939060211182e-02,-5.158320069313049316e-01,-4.141450226306915283e-01,4.953139126300811768e-01,-6.919804215431213379e-01,-7.132086753845214844e-01,1.165796965360641479e-01,-1.212930828332901001e-01,3.198354542255401611e-01,-1.877423673868179321e-01,-4.350475668907165527e-01
-6.882936693727970123e-03,3.953992426395416260e-01,8.456750512123107910e-01,-4.240890592336654663e-02,-1.826386153697967529e-02,-7.097707390785217285e-01,-7.029178142547607422e-01,1.292497618123888969e-03,4.133268445730209351e-02,2.431704401969909668e-01,2.787311971187591553e-01,-3.300130367279052734e-01,4.910342767834663391e-02,-2.841439545154571533e-01,-2.010633051395416260e-01,-3.465581685304641724e-02,1.828503161668777466e-01,9.888206422328948975e-02,2.421357482671737671e-01,-2.669586241245269775e-01,-4.546502232551574707e-02,3.041851520538330078e-01,-7.822376489639282227e-01,3.676064312458038330e-01,-9.563042223453521729e-02,9.467666037380695343e-03,-5.598368644714355469e-01,-4.219466447830200195e-01,5.473186969757080078e-01,-6.641107201576232910e-01,-7.050401568412780762e-01,3.385762870311737061e-02,-3.537863492965698242e-03,4.095971882343292236e-01,-2.210786044597625732e-01,-5.110061168670654297e-01
-1.569389551877975464e-02,4.006409347057342529e-01,8.481794595718383789e-01,-4.765016585588455200e-02,-3.100043162703514099e-03,-7.095745801925659180e-01,-7.030104994773864746e-01,8.567418158054351807e-02,2.767639979720115662e-02,2.308081984519958496e-01,1.879263669252395630e-01,-3.306219279766082764e-01,5.098441988229751587e-02,-2.124193161725997925e-01,-2.115443944931030273e-01,-7.176124304533004761e-02,1.337677240371704102e-01,1.071492731571197510e-01,2.303872555494308472e-01,-2.531050145626068115e-01,-3.894099220633506775e-02,2.334254682064056396e-01,-4.672408998012542725e-01,4.345947206020355225e-01,-1.342465728521347046e-01,1.130162701010704041e-01,-6.540802717208862305e-01,-3.535780310630798340e-01,3.982926607131958008e-01,-6.190919280052185059e-01,-7.147414088249206543e-01,2.296769525855779648e-04,6.570685654878616333e-02,5.122398734092712402e-01,-2.463937699794769287e-01,-5.068295001983642578e-01
-1.920850202441215515e-02,3.953317403793334961e-01,8.507095575332641602e-01,-4.776271432638168335e-02,6.235854700207710266e-03,-7.057794928550720215e-01,-7.067921757698059082e-01,1.086887046694755554e-01,3.599203005433082581e-02,2.400077283382415771e-01,1.597657352685928345e-01,-3.232735097408294678e-01,4.713155329227447510e-02,-2.022073864936828613e-01,-2.162729799747467041e-01,-1.217821165919303894e-01,1.330805718898773193e-01,1.070176362991333008e-01,2.120624780654907227e-01,-2.380664944648742676e-01,-2.699649147689342499e-02,2.065288573503494263e-01,-2.838723361492156982e-01,4.985551536083221436e-01,-1.699090301990509033e-01,1.918194144964218140e-01,-6.504365801811218262e-01,-2.913951277732849121e-01,2.990476489067077637e-01,-6.398495435714721680e-01,-7.269880175590515137e-01,-5.559664219617843628e-03,9.885561466217041016e-02,5.477492809295654297e-01,-2.353598028421401978e-01,-4.838048815727233887e-01
-2.061829902231693268e-02,3.844983875751495361e-01,8.532888889312744141e-01,-4.691945016384124756e-02,9.656458161771297455e-03,-6.980026960372924805e-01,-7.144911289215087891e-01,9.328231960535049438e-02,5.011271312832832336e-02,2.527354657649993896e-01,1.726614683866500854e-01,-3.112335503101348877e-01,5.047436058521270752e-02,-2.353736758232116699e-01,-2.301094979047775269e-01,-1.573555320501327515e-01,1.695824116468429565e-01,8.975333720445632935e-02,1.758780032396316528e-01,-2.053285092115402222e-01,-1.965212449431419373e-02,2.214207649230957031e-01,-2.050810009241104126e-01,5.107716917991638184e-01,-1.717111766338348389e-01,2.472980171442031860e-01,-6.456812024116516113e-01,-2.635405659675598145e-01,2.564041912555694580e-01,-6.741853952407836914e-01,-7.121654152870178223e-01,-9.949895553290843964e-03,1.177125573158264160e-01,5.711743831634521484e-01,-2.427268177270889282e-01,-4.865351319313049316e-01
-1.845439895987510681e-02,3.906875550746917725e-01,8.549300432205200195e-01,-4.301827400922775269e-02,1.728759333491325378e-02,-6.989721655845642090e-01,-7.136445045471191406e-01,1.316254138946533203e-01,6.278552114963531494e-02,2.586298286914825439e-01,1.279069185256958008e-01,-3.094755709171295166e-01,3.348383307456970215e-02,-1.852281838655471802e-01,-2.296570539474487305e-01,-2.221506685018539429e-01,1.384288519620895386e-01,4.056663438677787781e-02,1.552946120500564575e-01,-2.060918211936950684e-01,-4.044367000460624695e-03,1.685207188129425049e-01,-6.436084955930709839e-02,5.358659029006958008e-01,-2.002552300691604614e-01,3.258407711982727051e-01,-6.407524943351745605e-01,-2.225824296474456787e-01,1.709681153297424316e-01,-7.096778750419616699e-01,-7.116104960441589355e-01,-4.053216893225908279e-03,1.585392653942108154e-01,6.242145299911499023e-01,-2.467174232006072998e-01,-4.854581952095031738e-01
-1.620597764849662781e-02,3.827718198299407959e-01,8.565412759780883789e-01,-4.437879845499992371e-02,1.692177541553974152e-02,-6.951839327812194824e-01,-7.172610759735107422e-01,1.120680645108222961e-01,7.195033133029937744e-02,2.595318257808685303e-01,1.470893025398254395e-01,-2.919042408466339111e-01,3.798338025808334351e-02,-2.074936479330062866e-01,-2.405342906713485718e-01,-2.139136344194412231e-01,1.698373854160308838e-01,3.322366252541542053e-02,1.443202346563339233e-01,-1.803393959999084473e-01,3.204100066795945168e-03,1.873964071273803711e-01,-1.722124405205249786e-02,5.190137624740600586e-01,-1.849276423454284668e-01,3.773588538169860840e-01,-6.645709276199340820e-01,-2.046725302934646606e-01,1.491987109184265137e-01,-7.356598377227783203e-01,-6.820718646049499512e-01,-1.150403823703527451e-02,1.790709346532821655e-01,6.702287793159484863e-01,-2.637363970279693604e-01,-4.978613257408142090e-01
-1.209782902151346207e-02,3.832838535308837891e-01,8.573583364486694336e-01,-4.443041607737541199e-02,1.656347140669822693e-02,-6.974218487739562988e-01,-7.150904536247253418e-01,1.117336228489875793e-01,7.663895189762115479e-02,2.549760341644287109e-01,1.448420137166976929e-01,-2.821376323699951172e-01,2.948438748717308044e-02,-1.964363008737564087e-01,-2.407177835702896118e-01,-2.073074579238891602e-01,1.739706993103027344e-01,1.545715611428022385e-02,1.407836824655532837e-01,-1.733452379703521729e-01,1.372634619474411011e-02,1.820722073316574097e-01,1.319929119199514389e-02,5.067764520645141602e-01,-1.680470108985900879e-01,4.006111025810241699e-01,-6.897159814834594727e-01,-1.968063861131668091e-01,1.209691539406776428e-01,-7.455347180366516113e-01,-6.629133820533752441e-01,-3.060248494148254395e-02,1.827366352081298828e-01,7.037589550018310547e-01,-2.835004925727844238e-01,-5.065586566925048828e-01
-6.679971236735582352e-03,3.990511298179626465e-01,8.576763272285461426e-01,-3.875977918505668640e-02,1.685645431280136108e-02,-7.074888348579406738e-01,-7.054594755172729492e-01,1.388545036315917969e-01,8.327302336692810059e-02,2.387602627277374268e-01,1.087395921349525452e-01,-2.818750739097595215e-01,1.729189418256282806e-02,-1.365962326526641846e-01,-2.329945415258407593e-01,-2.346042692661285400e-01,1.360667496919631958e-01,-4.678199533373117447e-03,1.428473144769668579e-01,-1.771556437015533447e-01,3.408867865800857544e-02,1.353902369737625122e-01,8.449993282556533813e-02,4.823457300662994385e-01,-1.308798491954803467e-01,4.178315401077270508e-01,-7.433299422264099121e-01,-1.950163692235946655e-01,9.971797466278076172e-02,-7.158399224281311035e-01,-6.311568617820739746e-01,-8.402297645807266235e-02,1.643569022417068481e-01,7.734090089797973633e-01,-3.157984316349029541e-01,-5.180727839469909668e-01
-2.973912749439477921e-03,4.061878621578216553e-01,8.579711914062500000e-01,-3.674225136637687683e-02,1.586098223924636841e-02,-7.155324816703796387e-01,-6.974322199821472168e-01,1.421280950307846069e-01,8.835399895906448364e-02,2.219684123992919922e-01,1.009541377425193787e-01,-2.764629125595092773e-01,1.195679977536201477e-02,-1.173080950975418091e-01,-2.284153550863265991e-01,-2.231435179710388184e-01,1.322086155414581299e-01,-6.920355837792158127e-03,1.439715027809143066e-01,-1.770210713148117065e-01,5.278546735644340515e-02,1.248062402009963989e-01,1.127745583653450012e-01,4.529241919517517090e-01,-8.025787025690078735e-02,4.029028713703155518e-01,-7.941963076591491699e-01,-2.064538002014160156e-01,1.036233976483345032e-01,-6.660274863243103027e-01,-5.735107064247131348e-01,-1.368350088596343994e-01,1.157082244753837585e-01,8.247854709625244141e-01,-3.580605089664459229e-01,-5.263455510139465332e-01
-2.969281631521880627e-04,4.135423600673675537e-01,8.577051758766174316e-01,-3.540680930018424988e-02,1.347034331411123276e-02,-7.216482758522033691e-01,-6.912226080894470215e-01,1.434377133846282959e-01,8.897464722394943237e-02,2.050083130598068237e-01,9.808536618947982788e-02,-2.759132087230682373e-01,1.112766843289136887e-02,-1.044475957751274109e-01,-2.228949666023254395e-01,-2.024449259042739868e-01,1.296995729207992554e-01,-1.282986812293529510e-02,1.462337672710418701e-01,-1.807211637496948242e-01,6.410739570856094360e-02,1.171412840485572815e-01,1.345527321100234985e-01,4.404816329479217529e-01,-4.387660697102546692e-02,3.901550769805908203e-01,-8.182065486907958984e-01,-2.137802392244338989e-01,1.048159152269363403e-01,-6.140881180763244629e-01,-5.281447172164916992e-01,-1.835481077432632446e-01,4.619022458791732788e-02,8.497436046600341797e-01,-3.961669206619262695e-01,-5.283725857734680176e-01
3.654823172837495804e-03,4.194651246070861816e-01,8.574734330177307129e-01,-3.323847427964210510e-02,9.979405440390110016e-03,-7.284409999847412109e-01,-6.842289566993713379e-01,1.381294280290603638e-01,9.040597081184387207e-02,1.820216327905654907e-01,9.574624896049499512e-02,-2.734686434268951416e-01,1.302613504230976105e-02,-9.847036749124526978e-02,-2.179939448833465576e-01,-1.831987202167510986e-01,1.352126449346542358e-01,-1.582823507487773895e-02,1.447935849428176880e-01,-1.755524128675460815e-01,7.612692564725875854e-02,1.178218051791191101e-01,1.355917453765869141e-01,4.155531227588653564e-01,1.570377964526414871e-03,3.655271530151367188e-01,-8.585389852523803711e-01,-2.305620610713958740e-01,1.179808825254440308e-01,-5.239490270614624023e-01,-4.504570364952087402e-01,-2.376439720392227173e-01,-7.830724865198135376e-02,9.076829552650451660e-01,-4.437676966190338135e-01,-5.166797041893005371e-01
7.469066418707370758e-03,4.285543262958526611e-01,8.571812510490417480e-01,-2.946036495268344879e-02,6.063657347112894058e-03,-7.372825145721435547e-01,-6.749146580696105957e-01,1.317159235477447510e-01,9.393963217735290527e-02,1.565705686807632446e-01,9.519880264997482300e-02,-2.728800177574157715e-01,1.480393949896097183e-02,-9.178227931261062622e-02,-2.128288298845291138e-01,-1.696592122316360474e-01,1.401071995496749878e-01,-2.418723516166210175e-02,1.392076611518859863e-01,-1.740578413009643555e-01,8.847419917583465576e-02,1.155258342623710632e-01,1.352840960025787354e-01,4.044809639453887939e-01,2.723720483481884003e-02,3.474583923816680908e-01,-8.913019299507141113e-01,-2.439064234495162964e-01,1.245317682623863220e-01,-4.317864775657653809e-01,-3.798117339611053467e-01,-2.827043235301971436e-01,-2.011231184005737305e-01,9.464848637580871582e-01,-4.753639698028564453e-01,-4.951300024986267090e-01
1.311576087027788162e-02,4.387006461620330811e-01,8.569475412368774414e-01,-2.589013427495956421e-02,2.257344080135226250e-03,-7.457821965217590332e-01,-6.656827330589294434e-01,1.261405646800994873e-01,1.014068350195884705e-01,1.359555870294570923e-01,9.649544209241867065e-02,-2.683233618736267090e-01,8.824698626995086670e-03,-8.477141708135604858e-02,-2.052215188741683960e-01,-1.681297123432159424e-01,1.432660669088363647e-01,-3.547447174787521362e-02,1.293035447597503662e-01,-1.746303886175155640e-01,1.015454828739166260e-01,1.087999418377876282e-01,1.456251740455627441e-01,3.974737226963043213e-01,4.880235716700553894e-02,3.346006870269775391e-01,-9.046519398689270020e-01,-2.593255639076232910e-01,1.294965147972106934e-01,-3.473413288593292236e-01,-3.362329900264739990e-01,-3.219101727008819580e-01,-2.890824377536773682e-01,9.388169646263122559e-01,-4.958031773567199707e-01,-4.835557341575622559e-01
1.584364473819732666e-02,4.465092122554779053e-01,8.567533493041992188e-01,-2.221070416271686554e-02,-1.204244559630751610e-03,-7.524379491806030273e-01,-6.582874655723571777e-01,1.180173158645629883e-01,1.053170859813690186e-01,1.182589530944824219e-01,1.003907173871994019e-01,-2.665744423866271973e-01,5.322610493749380112e-03,-8.204789459705352783e-02,-2.000425010919570923e-01,-1.653647869825363159e-01,1.449534296989440918e-01,-4.776473343372344971e-02,1.146113947033882141e-01,-1.760609447956085205e-01,1.094712764024734497e-01,1.064148768782615662e-01,1.514570713043212891e-01,3.977378308773040771e-01,6.195891276001930237e-02,3.300212621688842773e-01,-9.040218591690063477e-01,-2.683607935905456543e-01,1.344138383865356445e-01,-2.745169699192047119e-01,-3.090479075908660889e-01,-3.497163653373718262e-01,-3.597602546215057373e-01,9.159976243972778320e-01,-5.033563375473022461e-01,-4.774798750877380371e-01
2.113417908549308777e-02,4.556257426738739014e-01,8.569234013557434082e-01,-1.773594319820404053e-02,-5.340884905308485031e-03,-7.593297958374023438e-01,-6.504423022270202637e-01,1.078978106379508972e-01,1.143144294619560242e-01,1.073634773492813110e-01,1.069645062088966370e-01,-2.593074142932891846e-01,-2.119104145094752312e-03,-7.973197102546691895e-02,-1.942859739065170288e-01,-1.743568629026412964e-01,1.494438946247100830e-01,-6.645165383815765381e-02,9.524685889482498169e-02,-1.752301305532455444e-01,1.173749193549156189e-01,1.100150719285011292e-01,1.525620073080062866e-01,4.099941551685333252e-01,7.842004299163818359e-02,3.394685387611389160e-01,-8.943056464195251465e-01,-2.770992815494537354e-01,1.495653390884399414e-01,-2.195301800966262817e-01,-3.013315200805664062e-01,-3.833194077014923096e-01,-4.065619111061096191e-01,8.829400539398193359e-01,-5.136643052101135254e-01,-4.921373724937438965e-01
2.805707231163978577e-02,4.618547856807708740e-01,8.573164343833923340e-01,-1.427160948514938354e-02,-1.031821314245462418e-02,-7.669739723205566406e-01,-6.414364576339721680e-01,9.481598436832427979e-02,1.233212873339653015e-01,1.189209222793579102e-01,1.153124272823333740e-01,-2.429696172475814819e-01,-1.295567769557237625e-02,-7.854621857404708862e-02,-1.910797208547592163e-01,-1.880059838294982910e-01,1.499500572681427002e-01,-8.413801342248916626e-02,7.506508380174636841e-02,-1.768804788589477539e-01,1.185866743326187134e-01,1.136860921978950500e-01,1.508221924304962158e-01,4.405452609062194824e-01,9.628997743129730225e-02,3.615021705627441406e-01,-8.799186944961547852e-01,-2.828577756881713867e-01,1.665182262659072876e-01,-1.823360919952392578e-01,-3.424686193466186523e-01,-4.170662164688110352e-01,-4.169801175594329834e-01,8.462817668914794922e-01,-5.089574456214904785e-01,-5.081028342247009277e-01
3.665149211883544922e-02,4.571979939937591553e-01,8.591502904891967773e-01,-1.319393422454595566e-02,-1.474717911332845688e-02,-7.723604440689086914e-01,-6.348761916160583496e-01,6.062738224864006042e-02,1.347839087247848511e-01,1.538970470428466797e-01,1.601955890655517578e-01,-2.084949761629104614e-01,-1.799538545310497284e-02,-1.090779826045036316e-01,-1.939144432544708252e-01,-1.810555607080459595e-01,1.798892319202423096e-01,-8.828603476285934448e-02,5.726879462599754333e-02,-1.779592633247375488e-01,1.110693961381912231e-01,1.426929384469985962e-01,1.080719232559204102e-01,4.751276075839996338e-01,1.112478598952293396e-01,3.904339671134948730e-01,-8.763718605041503906e-01,-2.792692482471466064e-01,1.801231205463409424e-01,-1.830326467752456665e-01,-4.118435680866241455e-01,-4.395644664764404297e-01,-3.896364569664001465e-01,8.274623751640319824e-01,-4.922363460063934326e-01,-5.193146467208862305e-01
4.525260627269744873e-02,4.522497951984405518e-01,8.601346611976623535e-01,-1.119906175881624222e-02,-2.275311201810836792e-02,-7.811183333396911621e-01,-6.238677501678466797e-01,3.731879219412803650e-02,1.349408626556396484e-01,2.064265310764312744e-01,1.874595731496810913e-01,-1.737457066774368286e-01,-2.748588286340236664e-02,-1.255080997943878174e-01,-2.024103999137878418e-01,-1.949399858713150024e-01,1.759159862995147705e-01,-8.914285898208618164e-02,4.727081209421157837e-02,-1.795552670955657959e-01,9.926854819059371948e-02,1.460114568471908569e-01,5.307353660464286804e-02,5.433607697486877441e-01,1.388777494430541992e-01,4.378491938114166260e-01,-8.966518640518188477e-01,-2.756898403167724609e-01,1.880352795124053955e-01,-1.892553716897964478e-01,-5.654904246330261230e-01,-4.780009686946868896e-01,-2.958933413028717041e-01,8.409702181816101074e-01,-4.599033594131469727e-01,-5.225121974945068359e-01
4.900072887539863586e-02,4.424084424972534180e-01,8.615593910217285156e-01,-1.105953007936477661e-02,-2.861689962446689606e-02,-7.927696108818054199e-01,-6.087487936019897461e-01,2.356497943401336670e-02,1.284867376089096069e-01,2.734529376029968262e-01,2.122002393007278442e-01,-1.558813750743865967e-01,-3.514625877141952515e-02,-1.322261095046997070e-01,-2.208695858716964722e-01,-2.174406349658966064e-01,1.604699790477752686e-01,-7.468932867050170898e-02,4.174149036407470703e-02,-1.939766705036163330e-01,7.791505753993988037e-02,1.372446715831756592e-01,-1.099598966538906097e-02,6.652222275733947754e-01,1.746815592050552368e-01,4.826720058917999268e-01,-9.021262526512145996e-01,-2.653110623359680176e-01,1.671030521392822266e-01,-1.940068006515502930e-01,-8.327637314796447754e-01,-5.188782215118408203e-01,-9.582040458917617798e-02,8.344557881355285645e-01,-3.955997526645660400e-01,-4.728971123695373535e-01
5.629431083798408508e-02,4.205110967159271240e-01,8.640728592872619629e-01,-1.850506477057933807e-02,-3.658556938171386719e-02,-8.176394104957580566e-01,-5.742689371109008789e-01,2.853786759078502655e-02,1.155650541186332703e-01,4.077396094799041748e-01,2.946249544620513916e-01,-1.527194678783416748e-01,-5.454371869564056396e-02,-1.318807303905487061e-01,-2.704474329948425293e-01,-2.725954055786132812e-01,1.463484317064285278e-01,-5.541956052184104919e-02,3.562146797776222229e-02,-2.192728221416473389e-01,2.737103588879108429e-02,1.220843344926834106e-01,-1.814862936735153198e-01,9.157171249389648438e-01,2.039649039506912231e-01,6.002533435821533203e-01,-8.075752854347229004e-01,-2.381663173437118530e-01,5.558513104915618896e-02,-1.847621202468872070e-01,-1.442370772361755371e+00,-5.192294120788574219e-01,4.684786200523376465e-01,6.370576620101928711e-01,-2.076563239097595215e-01,-1.371533870697021484e-01
7.080980390310287476e-02,4.127260744571685791e-01,8.665281534194946289e-01,-2.424728870391845703e-02,-4.533400386571884155e-02,-8.338736295700073242e-01,-5.495558381080627441e-01,3.774750605225563049e-02,1.141657978296279907e-01,4.628736972808837891e-01,3.377847969532012939e-01,-1.500720977783203125e-01,-6.562666594982147217e-02,-1.325937509536743164e-01,-2.960246503353118896e-01,-2.974196374416351318e-01,1.444519758224487305e-01,-5.515258014202117920e-02,2.719824388623237610e-02,-2.158073186874389648e-01,-6.401924416422843933e-03,1.076654866337776184e-01,-3.270897567272186279e-01,1.116061329841613770e+00,1.708021312952041626e-01,6.495419144630432129e-01,-6.318443417549133301e-01,-1.999535709619522095e-01,2.671820856630802155e-02,-1.736521869897842407e-01,-1.817139387130737305e+00,-4.905683398246765137e-01,8.099970817565917969e-01,3.159936368465423584e-01,-9.231480211019515991e-02,1.620959639549255371e-01
8.172155171632766724e-02,4.127001464366912842e-01,8.685346245765686035e-01,-2.444188669323921204e-02,-5.157770216464996338e-02,-8.443881273269653320e-01,-5.326828360557556152e-01,5.450037866830825806e-02,1.203435361385345459e-01,4.920042753219604492e-01,3.600095212459564209e-01,-1.445027589797973633e-01,-7.115107029676437378e-02,-1.285813301801681519e-01,-3.030046820640563965e-01,-3.242308199405670166e-01,1.365686506032943726e-01,-5.882103741168975830e-02,1.976969651877880096e-02,-2.230577766895294189e-01,-1.784198544919490814e-02,8.996812999248504639e-02,-3.911542296409606934e-01,1.203815102577209473e+00,1.475775092840194702e-01,6.464292407035827637e-01,-6.007512807846069336e-01,-1.989264488220214844e-01,4.251958802342414856e-02,-1.836002320051193237e-01,-1.934780836105346680e+00,-5.088740587234497070e-01,8.779824972152709961e-01,2.720947861671447754e-01,-8.788135647773742676e-02,1.946739852428436279e-01
9.279055893421173096e-02,4.137861132621765137e-01,8.707106113433837891e-01,-2.325870282948017120e-02,-5.946259573101997375e-02,-8.546288609504699707e-01,-5.152986645698547363e-01,7.726643234491348267e-02,1.238532066345214844e-01,5.135523676872253418e-01,3.918159008026123047e-01,-1.330134421586990356e-01,-8.424304425716400146e-02,-1.241691857576370239e-01,-3.110101819038391113e-01,-3.578489422798156738e-01,1.198710128664970398e-01,-5.944488197565078735e-02,1.849625818431377411e-02,-2.335870563983917236e-01,-3.567612543702125549e-02,6.918186694383621216e-02,-4.959778487682342529e-01,1.293916106224060059e+00,1.220585107803344727e-01,5.918917655944824219e-01,-5.602280497550964355e-01,-2.167992442846298218e-01,7.628363370895385742e-02,-1.863528639078140259e-01,-2.058503150939941406e+00,-5.622831583023071289e-01,8.873652219772338867e-01,2.203589975833892822e-01,-1.008511334657669067e-01,2.074617743492126465e-01
9.895510226488113403e-02,4.163063168525695801e-01,8.724643588066101074e-01,-1.884320750832557678e-02,-6.551687419414520264e-02,-8.639271855354309082e-01,-4.989812374114990234e-01,1.072733402252197266e-01,1.281027495861053467e-01,5.271155238151550293e-01,4.084331095218658447e-01,-1.114866435527801514e-01,-9.076265245676040649e-02,-1.214860975742340088e-01,-3.168731033802032471e-01,-3.940623402595520020e-01,1.081337407231330872e-01,-5.686748772859573364e-02,2.443825267255306244e-02,-2.438799887895584106e-01,-3.994636237621307373e-02,5.328126624226570129e-02,-6.020637750625610352e-01,1.333265066146850586e+00,8.975379914045333862e-02,5.115413665771484375e-01,-5.342361927032470703e-01,-2.439619898796081543e-01,1.402320265769958496e-01,-1.795964241027832031e-01,-2.139639377593994141e+00,-6.527530550956726074e-01,8.133440017700195312e-01,2.196709215641021729e-01,-1.345376819372177124e-01,1.493928730487823486e-01
1.068755090236663818e-01,4.143756628036499023e-01,8.735927939414978027e-01,-1.436717808246612549e-02,-6.821582466363906860e-02,-8.739524483680725098e-01,-4.809857606887817383e-01,1.351138353347778320e-01,1.321529746055603027e-01,5.409981012344360352e-01,3.996663093566894531e-01,-8.572278171777725220e-02,-9.443809092044830322e-02,-1.240723058581352234e-01,-3.188640475273132324e-01,-4.271855354309082031e-01,1.018853411078453064e-01,-4.616618528962135315e-02,2.690953202545642853e-02,-2.591826021671295166e-01,-3.452382609248161316e-02,3.853949904441833496e-02,-6.904002428054809570e-01,1.339311718940734863e+00,5.180208757519721985e-02,4.209972023963928223e-01,-5.249111652374267578e-01,-2.757547199726104736e-01,2.072921097278594971e-01,-1.396564692258834839e-01,-2.195517301559448242e+00,-7.344273924827575684e-01,7.186931967735290527e-01,2.309110760688781738e-01,-1.639378666877746582e-01,7.944343984127044678e-02
1.164076700806617737e-01,4.085031747817993164e-01,8.740344047546386719e-01,-1.004177983850240707e-02,-6.998834013938903809e-02,-8.841830492019653320e-01,-4.617587924003601074e-01,1.671445816755294800e-01,1.257135570049285889e-01,5.641591548919677734e-01,3.787081837654113770e-01,-6.316438317298889160e-02,-1.049533337354660034e-01,-1.270893216133117676e-01,-3.201948702335357666e-01,-4.698145389556884766e-01,8.932040631771087646e-02,-3.219682350754737854e-02,3.206683322787284851e-02,-2.825658917427062988e-01,-3.394127264618873596e-02,6.408622488379478455e-03,-7.872208952903747559e-01,1.358122110366821289e+00,8.154164068400859833e-03,2.583712339401245117e-01,-4.618678390979766846e-01,-3.274956345558166504e-01,2.670629918575286865e-01,-9.295699000358581543e-02,-2.251499652862548828e+00,-8.240417242050170898e-01,5.132068395614624023e-01,1.681591421365737915e-01,-2.196850180625915527e-01,-2.531092148274183273e-03
1.261919587850570679e-01,3.989804983139038086e-01,8.737062811851501465e-01,-2.770611550658941269e-03,-6.855490803718566895e-02,-8.977053165435791016e-01,-4.352214634418487549e-01,2.008313685655593872e-01,1.134746670722961426e-01,5.815783739089965820e-01,3.063248395919799805e-01,-4.486697539687156677e-02,-1.224703788757324219e-01,-1.327813714742660522e-01,-3.219292759895324707e-01,-5.206234455108642578e-01,7.540370523929595947e-02,-4.244076088070869446e-03,4.540574550628662109e-02,-2.872990071773529053e-01,-2.364972420036792755e-02,-2.163405157625675201e-02,-9.135521650314331055e-01,1.333279132843017578e+00,-5.765657499432563782e-02,5.123989656567573547e-02,-3.295613229274749756e-01,-3.699148595333099365e-01,4.095228314399719238e-01,-4.995811264961957932e-03,-2.251499891281127930e+00,-9.552814364433288574e-01,2.310610413551330566e-01,4.705374315381050110e-02,-2.350951433181762695e-01,-1.371072232723236084e-01
1.300568282604217529e-01,3.920441865921020508e-01,8.726106286048889160e-01,3.075061831623315811e-03,-6.530869007110595703e-02,-9.089446663856506348e-01,-4.117583632469177246e-01,2.215505391359329224e-01,1.124198362231254578e-01,6.104984283447265625e-01,2.759245932102203369e-01,-3.882634639739990234e-02,-1.259609460830688477e-01,-1.309258490800857544e-01,-3.248544931411743164e-01,-5.786440968513488770e-01,7.572042942047119141e-02,-3.117589745670557022e-03,5.440394207835197449e-02,-2.741794586181640625e-01,-1.566957682371139526e-02,-3.873984143137931824e-02,-9.888105392456054688e-01,1.294617414474487305e+00,-9.471753984689712524e-02,-7.851043343544006348e-02,-2.708857357501983643e-01,-3.942568898200988770e-01,4.793280363082885742e-01,3.658007085323333740e-02,-2.251499891281127930e+00,-1.052492499351501465e+00,7.909149676561355591e-02,1.272996235638856888e-02,-2.479143291711807251e-01,-2.336011677980422974e-01
1.309589147567749023e-01,3.835485875606536865e-01,8.716145753860473633e-01,8.128421381115913391e-03,-6.121387705206871033e-02,-9.197914600372314453e-01,-3.875183165073394775e-01,2.338922619819641113e-01,1.125803887844085693e-01,6.427443623542785645e-01,2.516847550868988037e-01,-3.913865983486175537e-02,-1.258145272731781006e-01,-1.270718574523925781e-01,-3.341943919658660889e-01,-6.351165175437927246e-01,7.688351720571517944e-02,1.632042112760245800e-03,6.559901684522628784e-02,-2.456943094730377197e-01,-4.726257175207138062e-03,-4.186434671282768250e-02,-1.053175091743469238e+00,1.236391544342041016e+00,-1.290794461965560913e-01,-1.815695464611053467e-01,-2.170688211917877197e-01,-3.983058035373687744e-01,5.387474298477172852e-01,8.912292867898941040e-02,-2.251499891281127930e+00,-1.156277179718017578e+00,-3.691357746720314026e-02,-5.022744648158550262e-03,-2.438827306032180786e-01,-3.297650814056396484e-01
1.299799978733062744e-01,3.742297589778900146e-01,8.702063560485839844e-01,1.223313994705677032e-02,-5.487610399723052979e-02,-9.322004914283752441e-01,-3.575488328933715820e-01,2.401492744684219360e-01,1.097514033317565918e-01,6.845020055770874023e-01,2.260048389434814453e-01,-6.761839240789413452e-02,-1.218859180808067322e-01,-1.150967180728912354e-01,-3.465154170989990234e-01,-6.988276839256286621e-01,8.094003051519393921e-02,2.958929864689707756e-03,7.641088962554931641e-02,-1.947730928659439087e-01,1.041952427476644516e-02,-3.512407094240188599e-02,-1.125113248825073242e+00,1.155863523483276367e+00,-1.632340848445892334e-01,-2.741388678550720215e-01,-1.544404029846191406e-01,-3.895184695720672607e-01,5.920912623405456543e-01,1.614235043525695801e-01,-2.251499891281127930e+00,-1.275174021720886230e+00,-1.385383456945419312e-01,5.418170709162950516e-03,-2.389097064733505249e-01,-4.306619167327880859e-01
1.302676796913146973e-01,3.602833747863769531e-01,8.691935539245605469e-01,1.104134880006313324e-02,-4.469279572367668152e-02,-9.443199038505554199e-01,-3.257922232151031494e-01,2.395649999380111694e-01,1.152181252837181091e-01,7.035368680953979492e-01,2.175838202238082886e-01,-1.148825064301490784e-01,-1.068704873323440552e-01,-9.388674050569534302e-02,-3.578245341777801514e-01,-7.395617961883544922e-01,7.786748558282852173e-02,1.601113751530647278e-02,8.775851875543594360e-02,-1.460392326116561890e-01,1.719236746430397034e-02,-2.676393836736679077e-02,-1.188857555389404297e+00,1.058285832405090332e+00,-2.255081832408905029e-01,-3.515511155128479004e-01,-5.763641372323036194e-02,-3.387439250946044922e-01,6.670817732810974121e-01,4.132188558578491211e-01,-2.251499891281127930e+00,-1.537280678749084473e+00,-2.542298436164855957e-01,-1.109767332673072815e-02,-2.090397775173187256e-01,-5.409227013587951660e-01
1.341036111116409302e-01,3.475952148437500000e-01,8.681030273437500000e-01,1.190606225281953812e-02,-3.639665618538856506e-02,-9.580594897270202637e-01,-2.839992940425872803e-01,2.242631167173385620e-01,1.129620298743247986e-01,6.947559118270874023e-01,2.077694684267044067e-01,-1.801652461290359497e-01,-7.735992968082427979e-02,-7.873562723398208618e-02,-3.705694973468780518e-01,-7.671307325363159180e-01,8.836588263511657715e-02,1.210416201502084732e-02,9.152879565954208374e-02,-7.245785742998123169e-02,3.347690403461456299e-02,-5.345235578715801239e-03,-1.228982210159301758e+00,9.563041329383850098e-01,-2.306293249130249023e-01,-3.938820362091064453e-01,-7.013273239135742188e-02,-3.478645682334899902e-01,6.734698414802551270e-01,5.269971489906311035e-01,-2.251499891281127930e+00,-1.678663015365600586e+00,-3.198668956756591797e-01,4.008797183632850647e-02,-2.372076213359832764e-01,-6.081660389900207520e-01
1.391469687223434448e-01,3.335909247398376465e-01,8.681237101554870605e-01,1.173413358628749847e-02,-2.411086857318878174e-02,-9.739559292793273926e-01,-2.251460999250411987e-01,1.919666081666946411e-01,1.267026364803314209e-01,6.677255630493164062e-01,2.159107774496078491e-01,-2.585559189319610596e-01,-2.382682263851165771e-02,-4.202282801270484924e-02,-3.834982216358184814e-01,-8.136810064315795898e-01,9.873672574758529663e-02,1.263312716037034988e-02,9.412311762571334839e-02,3.476217389106750488e-02,7.932148128747940063e-02,1.130249910056591034e-02,-1.259588122367858887e+00,8.080943226814270020e-01,-2.303838282823562622e-01,-3.955755829811096191e-01,-1.149452105164527893e-01,-3.255636394023895264e-01,6.522058248519897461e-01,8.543855547904968262e-01,-2.251499891281127930e+00,-1.999999046325683594e+00,-4.478013813495635986e-01,1.197815239429473877e-01,-2.743144035339355469e-01,-6.843360662460327148e-01
1.427055597305297852e-01,3.214179873466491699e-01,8.674352765083312988e-01,1.161454245448112488e-02,-1.928946003317832947e-02,-9.833086729049682617e-01,-1.805467009544372559e-01,1.698696762323379517e-01,1.171113401651382446e-01,6.377689838409423828e-01,2.102946937084197998e-01,-2.962409257888793945e-01,-5.146032199263572693e-03,-2.159539237618446350e-02,-3.873963952064514160e-01,-8.078527450561523438e-01,1.001017689704895020e-01,3.780282568186521530e-03,1.006612032651901245e-01,9.989390522241592407e-02,1.077281311154365540e-01,1.379559375345706940e-02,-1.274098753929138184e+00,7.301365733146667480e-01,-2.262969315052032471e-01,-3.983567357063293457e-01,-1.392823755741119385e-01,-3.190836012363433838e-01,6.655660867691040039e-01,8.834566473960876465e-01,-2.251499891281127930e+00,-2.000000000000000000e+00,-4.606210291385650635e-01,1.497684270143508911e-01,-2.879770696163177490e-01,-7.306984663009643555e-01
1.355458647012710571e-01,3.063853085041046143e-01,8.685463070869445801e-01,1.461561303585767746e-02,-1.272034645080566406e-02,-9.932907819747924805e-01,-1.140089258551597595e-01,1.424584239721298218e-01,1.100570335984230042e-01,5.912823081016540527e-01,2.067124992609024048e-01,-3.117130696773529053e-01,6.446653977036476135e-03,3.902603639289736748e-03,-3.875020444393157959e-01,-7.887891530990600586e-01,1.214216277003288269e-01,8.903063833713531494e-03,1.059937626123428345e-01,1.753588467836380005e-01,1.643796563148498535e-01,2.423822879791259766e-02,-1.290220499038696289e+00,6.430568695068359375e-01,-2.095791250467300415e-01,-3.760892450809478760e-01,-1.762954443693161011e-01,-3.013117611408233643e-01,6.704417467117309570e-01,9.055557250976562500e-01,-2.251499891281127930e+00,-2.000000000000000000e+00,-4.594052135944366455e-01,1.551580727100372314e-01,-2.874382436275482178e-01,-7.791517972946166992e-01
1.232690140604972839e-01,2.957261502742767334e-01,8.711495399475097656e-01,1.971068046987056732e-02,-5.659822840243577957e-03,-9.994517564773559570e-01,-2.599211968481540680e-02,1.114057004451751709e-01,1.101838797330856323e-01,5.274431705474853516e-01,2.015193849802017212e-01,-3.105812966823577881e-01,9.083233773708343506e-03,2.888352237641811371e-02,-3.765539824962615967e-01,-7.772487998008728027e-01,1.641647070646286011e-01,1.241528335958719254e-02,9.503947943449020386e-02,2.416480928659439087e-01,2.373674362897872925e-01,3.193646296858787537e-02,-1.322704195976257324e+00,5.738645792007446289e-01,-1.934702247381210327e-01,-3.327996730804443359e-01,-2.449364513158798218e-01,-2.890422344207763672e-01,6.514958739280700684e-01,9.367113709449768066e-01,-2.251499891281127930e+00,-2.000000000000000000e+00,-4.660894274711608887e-01,1.600653231143951416e-01,-2.894781529903411865e-01,-7.943467497825622559e-01
1.152816116809844971e-01,2.872297465801239014e-01,8.743033409118652344e-01,2.164234034717082977e-02,2.499040216207504272e-03,-9.984208941459655762e-01,5.177956447005271912e-02,7.939380407333374023e-02,1.135032624006271362e-01,4.461661577224731445e-01,2.086859941482543945e-01,-2.989146709442138672e-01,1.564737036824226379e-02,4.657683894038200378e-02,-3.539392352104187012e-01,-7.466016411781311035e-01,1.972438693046569824e-01,6.551587488502264023e-03,7.974240183830261230e-02,2.924056351184844971e-01,2.740026712417602539e-01,3.902428969740867615e-02,-1.346459746360778809e+00,5.250186920166015625e-01,-1.894082129001617432e-01,-2.839857935905456543e-01,-3.592796623706817627e-01,-3.105704188346862793e-01,5.959427356719970703e-01,9.389230608940124512e-01,-2.251499891281127930e+00,-2.000000000000000000e+00,-4.593217670917510986e-01,1.706370115280151367e-01,-2.897868454456329346e-01,-7.444272041320800781e-01
1.101465225219726562e-01,2.834329009056091309e-01,8.785778284072875977e-01,2.293239906430244446e-02,1.088974531739950180e-02,-9.915115833282470703e-01,1.275157034397125244e-01,3.920598328113555908e-02,1.216411590576171875e-01,3.580413460731506348e-01,2.245225757360458374e-01,-2.771658003330230713e-01,1.943002827465534210e-02,4.574639350175857544e-02,-3.109267950057983398e-01,-6.634391546249389648e-01,2.767417132854461670e-01,-3.112887032330036163e-02,5.170164257287979126e-02,3.230801820755004883e-01,3.260727226734161377e-01,5.530626699328422546e-02,-1.369584560394287109e+00,5.193358659744262695e-01,-1.826475113630294800e-01,-2.183730155229568481e-01,-4.366669952869415283e-01,-3.061293065547943115e-01,5.566109418869018555e-01,9.356675744056701660e-01,-2.251499891281127930e+00,-2.000000000000000000e+00,-4.171932935714721680e-01,1.983199864625930786e-01,-2.968410551548004150e-01,-7.605883479118347168e-01
1.098474860191345215e-01,2.915821671485900879e-01,8.854120969772338867e-01,1.292325276881456375e-02,2.131254039704799652e-02,-9.786589145660400391e-01,2.039743512868881226e-01,-5.725551862269639969e-03,1.487452238798141479e-01,2.467826604843139648e-01,2.636201083660125732e-01,-2.472781687974929810e-01,3.270857036113739014e-02,6.424027029424905777e-03,-2.890993654727935791e-01,-5.733715295791625977e-01,4.868112504482269287e-01,-6.808663904666900635e-02,1.363397855311632156e-02,3.690671622753143311e-01,3.980924487113952637e-01,9.446541219949722290e-02,-1.364575147628784180e+00,5.316528677940368652e-01,-1.922260820865631104e-01,-1.387696415185928345e-01,-5.077813863754272461e-01,-2.953632175922393799e-01,4.579372406005859375e-01,9.636656641960144043e-01,-2.251499891281127930e+00,-2.000000000000000000e+00,-3.598092496395111084e-01,2.310753464698791504e-01,-3.288761377334594727e-01,-7.450485825538635254e-01
1.112161129713058472e-01,2.950005829334259033e-01,8.897738456726074219e-01,7.452875375747680664e-03,2.715929038822650909e-02,-9.666412472724914551e-01,2.545810341835021973e-01,-3.757233172655105591e-02,1.569549590349197388e-01,1.904754042625427246e-01,2.850084006786346436e-01,-2.311286926269531250e-01,3.726728633046150208e-02,-2.063644677400588989e-02,-2.699824869632720947e-01,-5.172058343887329102e-01,6.463943123817443848e-01,-8.224060386419296265e-02,7.442064117640256882e-03,3.929548859596252441e-01,4.327066242694854736e-01,1.124237626791000366e-01,-1.326360106468200684e+00,5.130530595779418945e-01,-1.981865763664245605e-01,-9.256646782159805298e-02,-5.116900801658630371e-01,-2.876164913177490234e-01,3.902761936187744141e-01,9.811694622039794922e-01,-2.251499891281127930e+00,-2.000000000000000000e+00,-2.936956286430358887e-01,2.334578484296798706e-01,-3.248159885406494141e-01,-7.216613888740539551e-01
1.148339286446571350e-01,2.947825491428375244e-01,8.934943675994873047e-01,1.537640765309333801e-02,2.183474227786064148e-02,-9.448977708816528320e-01,3.262744545936584473e-01,-8.570947498083114624e-02,1.130549162626266479e-01,1.194448843598365784e-01,2.640592157840728760e-01,-2.029475867748260498e-01,6.672681123018264771e-02,-1.374389827251434326e-01,-2.993150949478149414e-01,-3.990924060344696045e-01,1.035441040992736816e+00,-1.040212959051132202e-01,2.500758878886699677e-02,4.192619025707244873e-01,4.443923532962799072e-01,1.335599124431610107e-01,-1.199409365653991699e+00,4.286419451236724854e-01,-2.163180410861968994e-01,-5.475714802742004395e-02,-4.659117162227630615e-01,-2.557698488235473633e-01,3.191955089569091797e-01,1.008411884307861328e+00,-2.251499891281127930e+00,-2.000000000000000000e+00,-1.586838513612747192e-01,2.917729616165161133e-01,-3.192762136459350586e-01,-7.108639478683471680e-01
1.145622804760932922e-01,2.999918460845947266e-01,8.926061987876892090e-01,2.775515057146549225e-02,2.138669602572917938e-02,-9.247506856918334961e-01,3.789569735527038574e-01,-1.469354778528213501e-01,8.644855022430419922e-02,9.235609322786331177e-02,2.752839624881744385e-01,-1.967347264289855957e-01,1.041920781135559082e-01,-2.163066565990447998e-01,-3.349752128124237061e-01,-3.114874064922332764e-01,1.279327988624572754e+00,-1.218297258019447327e-01,5.781473219394683838e-02,4.295769333839416504e-01,4.475050270557403564e-01,1.351439654827117920e-01,-1.075507640838623047e+00,3.318961262702941895e-01,-2.352315187454223633e-01,-2.068049460649490356e-02,-4.291948974132537842e-01,-2.366616129875183105e-01,2.706275880336761475e-01,1.071519732475280762e+00,-2.251499891281127930e+00,-2.000000000000000000e+00,-9.218486398458480835e-02,3.638902902603149414e-01,-3.389379084110260010e-01,-6.691614985466003418e-01
1.143695041537284851e-01,3.111306726932525635e-01,8.921762704849243164e-01,5.907699093222618103e-02,3.061468340456485748e-02,-8.805922865867614746e-01,4.691799581050872803e-01,-2.762693166732788086e-01,2.349663339555263519e-02,2.258765744045376778e-03,2.785771489143371582e-01,-1.480928659439086914e-01,1.488861888647079468e-01,-3.895109295845031738e-01,-3.762021362781524658e-01,-1.513170450925827026e-01,1.878773808479309082e+00,-2.567885816097259521e-01,1.043267324566841125e-01,4.190846681594848633e-01,4.622389376163482666e-01,2.565855979919433594e-01,-9.649264216423034668e-01,1.852796822786331177e-01,-2.769595086574554443e-01,-2.026272378861904144e-02,-4.331234693527221680e-01,-2.095866948366165161e-01,1.887211948633193970e-01,1.149000048637390137e+00,-2.251499891281127930e+00,-2.000000000000000000e+00,2.332495339214801788e-02,5.546963810920715332e-01,-3.006954193115234375e-01,-4.666271209716796875e-01
1.101093739271163940e-01,3.220053911209106445e-01,8.908125162124633789e-01,7.828436791896820068e-02,4.549173265695571899e-02,-8.528588414192199707e-01,5.142313241958618164e-01,-3.825241923332214355e-01,1.872635679319500923e-03,-5.882857739925384521e-02,3.241921961307525635e-01,-1.421942561864852905e-01,1.426267027854919434e-01,-4.989094734191894531e-01,-3.814773857593536377e-01,-5.092112720012664795e-02,2.192793130874633789e+00,-2.742671668529510498e-01,1.350525915622711182e-01,4.179489314556121826e-01,4.754717051982879639e-01,4.187771975994110107e-01,-1.029800295829772949e+00,1.153570041060447693e-01,-2.984721064567565918e-01,-2.645484544336795807e-02,-5.246234536170959473e-01,-1.686574369668960571e-01,1.108246967196464539e-01,1.149000048637390137e+00,-2.251499891281127930e+00,-2.000000000000000000e+00,1.483129058033227921e-02,7.881819605827331543e-01,-2.272496223449707031e-01,-1.272833496332168579e-01
1.018908694386482239e-01,3.308015763759613037e-01,8.895846009254455566e-01,9.596004337072372437e-02,9.493975341320037842e-02,-8.246341943740844727e-01,5.493236780166625977e-01,-5.026047229766845703e-01,5.551265180110931396e-02,-9.794387221336364746e-02,3.298561275005340576e-01,-1.640454828739166260e-01,1.388253867626190186e-01,-6.274262666702270508e-01,-3.658061325550079346e-01,-2.031150460243225098e-02,2.358351707458496094e+00,-2.276994287967681885e-01,1.418193280696868896e-01,4.923989176750183105e-01,4.835868477821350098e-01,4.416311979293823242e-01,-1.105129837989807129e+00,6.024903059005737305e-02,-3.474296927452087402e-01,-1.992401108145713806e-02,-5.690594315528869629e-01,-1.302387565374374390e-01,2.665571123361587524e-02,1.149000048637390137e+00,-2.251499891281127930e+00,-1.982143521308898926e+00,4.550376161932945251e-02,9.844406843185424805e-01,-9.197380393743515015e-02,1.524378657341003418e-01
9.362040460109710693e-02,3.367195725440979004e-01,8.894175887107849121e-01,9.447610378265380859e-02,1.151667386293411255e-01,-8.108152151107788086e-01,5.660296678543090820e-01,-5.402915477752685547e-01,9.657790511846542358e-02,-1.078872606158256531e-01,3.404900729656219482e-01,-1.586703658103942871e-01,1.263741999864578247e-01,-7.045751214027404785e-01,-3.487620949745178223e-01,-1.935465075075626373e-02,2.397210597991943359e+00,-2.059332430362701416e-01,1.392771452665328979e-01,5.452643632888793945e-01,4.856304824352264404e-01,4.389801621437072754e-01,-1.106362223625183105e+00,4.166386276483535767e-02,-3.823010027408599854e-01,1.338059268891811371e-02,-6.113773584365844727e-01,-9.805244207382202148e-02,-1.227596588432788849e-02,1.149000048637390137e+00,-2.251499891281127930e+00,-1.953185796737670898e+00,9.530606120824813843e-02,1.026843070983886719e+00,-2.374136447906494141e-02,2.595399916172027588e-01
8.689579367637634277e-02,3.393534123897552490e-01,8.901791572570800781e-01,8.667085319757461548e-02,1.181844100356101990e-01,-7.915444374084472656e-01,5.932773351669311523e-01,-5.504819154739379883e-01,1.150718033313751221e-01,-1.155487000942230225e-01,3.637019395828247070e-01,-1.324421763420104980e-01,8.032102882862091064e-02,-7.706664204597473145e-01,-3.794744312763214111e-01,-9.503494016826152802e-03,2.353550910949707031e+00,-2.209066152572631836e-01,1.302122175693511963e-01,5.553671717643737793e-01,4.859162569046020508e-01,4.352312386035919189e-01,-1.081370949745178223e+00,4.087543115019798279e-02,-4.369098544120788574e-01,5.676141381263732910e-02,-6.993440985679626465e-01,-6.322620809078216553e-02,-3.469906374812126160e-02,1.149000048637390137e+00,-2.251499891281127930e+00,-1.948958516120910645e+00,1.440432518720626831e-01,1.054878830909729004e+00,5.781561601907014847e-03,2.943827211856842041e-01
7.907889783382415771e-02,3.385879695415496826e-01,8.918191790580749512e-01,7.966522872447967529e-02,1.101727634668350220e-01,-7.663442492485046387e-01,6.278788447380065918e-01,-5.230246782302856445e-01,1.145592331886291504e-01,-1.042663753032684326e-01,3.678171932697296143e-01,-1.171589791774749756e-01,3.726926818490028381e-02,-8.055561780929565430e-01,-4.547146260738372803e-01,-7.066950201988220215e-03,2.111219882965087891e+00,-2.329586148262023926e-01,1.290798485279083252e-01,5.209913253784179688e-01,4.801989197731018066e-01,4.311532080173492432e-01,-1.045740127563476562e+00,4.451449587941169739e-02,-4.669174849987030029e-01,1.137783750891685486e-01,-7.706673145294189453e-01,-5.287900939583778381e-02,-1.972822286188602448e-02,1.149000048637390137e+00,-2.251499891281127930e+00,-1.922763228416442871e+00,2.014364004135131836e-01,1.099079251289367676e+00,3.847920894622802734e-02,3.172356188297271729e-01
6.938540935516357422e-02,3.322724401950836182e-01,9.053096175193786621e-01,7.503481954336166382e-02,8.698517829179763794e-02,-7.437790036201477051e-01,6.584801673889160156e-01,-4.569065570831298828e-01,1.138098388910293579e-01,-8.036883175373077393e-02,3.340395689010620117e-01,-5.181602388620376587e-02,-4.030667990446090698e-02,-8.006768226623535156e-01,-5.544512867927551270e-01,-5.262646079063415527e-02,1.701786994934082031e+00,-1.642089039087295532e-01,1.259332895278930664e-01,4.530316889286041260e-01,4.727507829666137695e-01,4.335756897926330566e-01,-9.998158216476440430e-01,6.219344586133956909e-02,-4.706777334213256836e-01,1.733387857675552368e-01,-8.108806014060974121e-01,-6.381175667047500610e-02,1.370333600789308548e-02,1.149000048637390137e+00,-2.251499891281127930e+00,-1.860617160797119141e+00,2.795493900775909424e-01,1.169157862663269043e+00,9.005358070135116577e-02,3.094428479671478271e-01
5.576299503445625305e-02,3.244330883026123047e-01,9.190511703491210938e-01,8.023714274168014526e-02,6.145253032445907593e-02,-7.232373356819152832e-01,6.831641793251037598e-01,-3.840819299221038818e-01,1.405956894159317017e-01,2.630430087447166443e-02,2.890820205211639404e-01,1.264433097094297409e-02,-9.227074682712554932e-02,-6.956218481063842773e-01,-6.617872118949890137e-01,-1.557800024747848511e-01,1.122485995292663574e+00,2.927867881953716278e-02,1.639952510595321655e-01,3.602844476699829102e-01,4.585205316543579102e-01,4.368155896663665771e-01,-9.436305165290832520e-01,6.233600899577140808e-02,-4.680412113666534424e-01,2.124550789594650269e-01,-8.367467522621154785e-01,-8.794251829385757446e-02,2.724088542163372040e-02,1.149000048637390137e+00,-2.251499891281127930e+00,-1.784992098808288574e+00,2.659229636192321777e-01,1.193279266357421875e+00,9.978781640529632568e-02,2.969870567321777344e-01
3.481846302747726440e-02,3.162044584751129150e-01,9.254491925239562988e-01,7.934104651212692261e-02,1.924302615225315094e-02,-7.165737748146057129e-01,6.927168965339660645e-01,-3.037993311882019043e-01,1.422094702720642090e-01,1.141678392887115479e-01,2.887309193611145020e-01,3.723016753792762756e-02,-1.615707725286483765e-01,-5.200260877609252930e-01,-6.915193200111389160e-01,-2.324614971876144409e-01,5.753946900367736816e-01,2.257305532693862915e-01,2.548221945762634277e-01,2.768183648586273193e-01,4.383884668350219727e-01,4.391499161720275879e-01,-8.893944025039672852e-01,7.202509790658950806e-02,-4.863023757934570312e-01,2.670901715755462646e-01,-7.701805233955383301e-01,-1.314304023981094360e-01,6.559444963932037354e-02,1.149000048637390137e+00,-2.251499891281127930e+00,-1.706478595733642578e+00,1.377142220735549927e-01,1.142755746841430664e+00,5.041313543915748596e-02,2.819975018501281738e-01
9.470855817198753357e-03,3.110442459583282471e-01,9.289826154708862305e-01,8.008571714162826538e-02,-6.114123854786157608e-03,-7.063123583793640137e-01,7.033290863037109375e-01,-2.733783423900604248e-01,1.424820721149444580e-01,1.222430318593978882e-01,3.160690367221832275e-01,1.744484528899192810e-02,-1.859587132930755615e-01,-4.422142803668975830e-01,-6.826389431953430176e-01,-2.448980510234832764e-01,3.604496121406555176e-01,2.884005308151245117e-01,2.617999911308288574e-01,2.211684435606002808e-01,4.376493394374847412e-01,4.439385235309600830e-01,-8.565239906311035156e-01,4.040416330099105835e-02,-4.786917865276336670e-01,3.054045438766479492e-01,-7.318798303604125977e-01,-1.571501493453979492e-01,9.899832308292388916e-02,1.149000048637390137e+00,-2.251499891281127930e+00,-1.679309844970703125e+00,5.761512368917465210e-02,1.215930581092834473e+00,2.950776601210236549e-03,2.287907898426055908e-01
-1.225693151354789734e-02,3.052782416343688965e-01,9.291548132896423340e-01,9.346774220466613770e-02,-2.070363983511924744e-02,-6.871058940887451172e-01,7.202226519584655762e-01,-2.792904078960418701e-01,1.319119334220886230e-01,1.036416217684745789e-01,3.565238416194915771e-01,-3.363782167434692383e-02,-1.991842091083526611e-01,-4.045341908931732178e-01,-6.996139883995056152e-01,-1.781150698661804199e-01,2.415741235017776489e-01,2.616769075393676758e-01,2.617999911308288574e-01,1.616636663675308228e-01,4.483317136764526367e-01,4.514746665954589844e-01,-8.413930535316467285e-01,-1.206323504447937012e-02,-4.535633325576782227e-01,3.503629565238952637e-01,-6.865102648735046387e-01,-1.681906729936599731e-01,1.282345056533813477e-01,1.149000048637390137e+00,-2.251499891281127930e+00,-1.692467927932739258e+00,6.267651170492172241e-02,1.288574218750000000e+00,-5.460666958242654800e-03,1.505403369665145874e-01
-2.375850826501846313e-02,3.021982610225677490e-01,9.266478419303894043e-01,1.175580620765686035e-01,-2.487123012542724609e-02,-6.697909832000732422e-01,7.327629923820495605e-01,-3.049729466438293457e-01,1.059121116995811462e-01,9.180189669132232666e-02,3.856164216995239258e-01,-8.499021828174591064e-02,-1.878806203603744507e-01,-4.244162142276763916e-01,-7.653859853744506836e-01,-1.663239449262619019e-01,2.381304502487182617e-01,2.196981906890869141e-01,2.617999911308288574e-01,1.062433347105979919e-01,4.581872820854187012e-01,4.584370553493499756e-01,-8.604642748832702637e-01,-1.160821318626403809e-01,-4.181079268455505371e-01,4.145264327526092529e-01,-6.942149996757507324e-01,-1.568062603473663330e-01,1.314520388841629028e-01,1.149000048637390137e+00,-2.251499891281127930e+00,-1.716237664222717285e+00,1.071601137518882751e-01,1.445224523544311523e+00,8.676589466631412506e-03,9.093514084815979004e-02
-1.088678650557994843e-02,3.022617399692535400e-01,9.246445894241333008e-01,1.276405453681945801e-01,-2.005007676780223846e-02,-6.648118495941162109e-01,7.357520461082458496e-01,-3.195632398128509521e-01,8.952515572309494019e-02,4.605956003069877625e-02,3.941208422183990479e-01,-1.364928632974624634e-01,-1.880604773759841919e-01,-4.552203714847564697e-01,-7.946237921714782715e-01,-1.740532815456390381e-01,2.439024448394775391e-01,2.195031046867370605e-01,2.617999911308288574e-01,9.261390566825866699e-02,4.702176451683044434e-01,4.639697968959808350e-01,-8.798293471336364746e-01,-1.656063497066497803e-01,-4.391343295574188232e-01,4.363000094890594482e-01,-7.532237172126770020e-01,-1.364072859287261963e-01,9.241415560245513916e-02,1.149000048637390137e+00,-2.251499891281127930e+00,-1.747160434722900391e+00,5.262529477477073669e-02,1.539307117462158203e+00,-2.214491367340087891e-02,9.421208500862121582e-02
1.293534645810723305e-03,3.050660789012908936e-01,9.228374361991882324e-01,1.340994834899902344e-01,-1.306422241032123566e-02,-6.585157513618469238e-01,7.404077649116516113e-01,-3.472477197647094727e-01,7.732269167900085449e-02,2.263626269996166229e-02,3.934143483638763428e-01,-1.770063042640686035e-01,-1.818524301052093506e-01,-4.823861718177795410e-01,-8.122556805610656738e-01,-1.734268069267272949e-01,2.470726966857910156e-01,2.411679625511169434e-01,2.617999911308288574e-01,8.517467975616455078e-02,4.795335829257965088e-01,4.680606424808502197e-01,-8.979517221450805664e-01,-1.566430777311325073e-01,-4.777460992336273193e-01,4.446541965007781982e-01,-7.852614521980285645e-01,-1.174421608448028564e-01,4.258478805422782898e-02,1.149000048637390137e+00,-2.251499891281127930e+00,-1.771756649017333984e+00,2.055185614153742790e-04,1.575996994972229004e+00,-8.375711739063262939e-02,9.470364451408386230e-02
9.695353917777538300e-03,3.054375052452087402e-01,9.214702844619750977e-01,1.407826095819473267e-01,-3.515432821586728096e-03,-6.502212285995483398e-01,7.465789914131164551e-01,-3.857741057872772217e-01,7.443024963140487671e-02,2.642051130533218384e-02,4.083986878395080566e-01,-1.997257173061370850e-01,-1.721138358116149902e-01,-5.030707120895385742e-01,-8.268429040908813477e-01,-1.719115972518920898e-01,2.520039975643157959e-01,2.552413344383239746e-01,2.617999911308288574e-01,8.352937549352645874e-02,4.844818711280822754e-01,4.706653654575347900e-01,-9.101536870002746582e-01,-1.280794292688369751e-01,-5.107877850532531738e-01,4.313927590847015381e-01,-8.106853365898132324e-01,-1.038896739482879639e-01,8.244842290878295898e-03,1.149000048637390137e+00,-2.251499891281127930e+00,-1.784828424453735352e+00,-3.075392358005046844e-02,1.591506361961364746e+00,-1.275873184204101562e-01,8.434642106294631958e-02
1.284967828541994095e-02,3.070532083511352539e-01,9.184468388557434082e-01,1.465512961149215698e-01,6.590639706701040268e-03,-6.441426873207092285e-01,7.507060170173645020e-01,-4.257064759731292725e-01,7.977729290723800659e-02,2.661524713039398193e-02,4.258910715579986572e-01,-2.200958132743835449e-01,-1.600870192050933838e-01,-5.279288887977600098e-01,-8.348574638366699219e-01,-1.702996045351028442e-01,2.596587240695953369e-01,2.461902648210525513e-01,2.617999911308288574e-01,8.825713396072387695e-02,4.858082234859466553e-01,4.730561375617980957e-01,-9.141516089439392090e-01,-1.008133664727210999e-01,-5.238863229751586914e-01,3.997864127159118652e-01,-8.292061090469360352e-01,-1.045455783605575562e-01,-1.411424670368432999e-02,1.149000048637390137e+00,-2.251499891281127930e+00,-1.793463230133056641e+00,-4.969833418726921082e-02,1.583715081214904785e+00,-1.589478403329849243e-01,7.264758646488189697e-02
1.844839751720428467e-02,3.070754706859588623e-01,9.145241379737854004e-01,1.520690619945526123e-01,1.844608783721923828e-02,-6.382195353507995605e-01,7.544604539871215820e-01,-4.733451008796691895e-01,8.353718370199203491e-02,2.717923931777477264e-02,4.610936641693115234e-01,-2.459664791822433472e-01,-1.467792540788650513e-01,-5.585680603981018066e-01,-8.443623185157775879e-01,-1.613404750823974609e-01,2.782709896564483643e-01,2.315204888582229614e-01,2.617999911308288574e-01,9.471526741981506348e-02,4.852252602577209473e-01,4.767401814460754395e-01,-9.204941987991333008e-01,-6.464958190917968750e-02,-5.336649417877197266e-01,3.505690693855285645e-01,-8.264073133468627930e-01,-1.212045848369598389e-01,-2.664107270538806915e-02,1.149000048637390137e+00,-2.251499891281127930e+00,-1.801245689392089844e+00,-6.939963996410369873e-02,1.566789507865905762e+00,-1.870856881141662598e-01,6.525456905364990234e-02
1.910950057208538055e-02,3.086173236370086670e-01,9.076287150382995605e-01,1.648892909288406372e-01,2.990424074232578278e-02,-6.308181285858154297e-01,7.576184272766113281e-01,-5.417957901954650879e-01,7.739359885454177856e-02,2.192168124020099640e-02,5.090892314910888672e-01,-2.645117044448852539e-01,-1.395817101001739502e-01,-6.150525212287902832e-01,-8.645775914192199707e-01,-1.356308609247207642e-01,3.042652010917663574e-01,1.902040988206863403e-01,2.617999911308288574e-01,1.003259867429733276e-01,4.811907708644866943e-01,4.804950952529907227e-01,-9.261506795883178711e-01,-2.908299863338470459e-02,-5.345968604087829590e-01,2.889204919338226318e-01,-8.111889958381652832e-01,-1.481846719980239868e-01,-2.405703999102115631e-02,1.149000048637390137e+00,-2.251499891281127930e+00,-1.810180306434631348e+00,-8.096755295991897583e-02,1.546373248100280762e+00,-2.125463634729385376e-01,5.101477354764938354e-02
1.925464347004890442e-02,3.083033859729766846e-01,8.986681103706359863e-01,1.740570664405822754e-01,3.942420333623886108e-02,-6.256237626075744629e-01,7.594371438026428223e-01,-6.010391712188720703e-01,7.802044600248336792e-02,1.756387762725353241e-02,5.645660161972045898e-01,-2.938429415225982666e-01,-1.401991099119186401e-01,-6.608806252479553223e-01,-8.776084780693054199e-01,-1.027182117104530334e-01,3.313273787498474121e-01,1.288226991891860962e-01,2.617999911308288574e-01,1.018596738576889038e-01,4.776710867881774902e-01,4.832316637039184570e-01,-9.317241311073303223e-01,1.020781323313713074e-02,-5.423260927200317383e-01,2.362027317285537720e-01,-7.780268192291259766e-01,-1.698157042264938354e-01,-1.602904126048088074e-02,1.149000048637390137e+00,-2.251499891281127930e+00,-1.810438990592956543e+00,-1.027300134301185608e-01,1.515972733497619629e+00,-2.279924005270004272e-01,3.980094566941261292e-02
1.463370397686958313e-02,3.033082485198974609e-01,8.869723677635192871e-01,1.942830383777618408e-01,4.437322169542312622e-02,-6.158365607261657715e-01,7.622535824775695801e-01,-6.750382781028747559e-01,6.170997768640518188e-02,2.219326049089431763e-02,6.403133869171142578e-01,-2.983285486698150635e-01,-1.451272815465927124e-01,-7.299837470054626465e-01,-9.201456904411315918e-01,-5.182964727282524109e-02,3.764343857765197754e-01,2.978174388408660889e-02,2.617999911308288574e-01,1.062690988183021545e-01,4.744812846183776855e-01,4.886213243007659912e-01,-9.320285320281982422e-01,5.364974960684776306e-02,-5.346923470497131348e-01,1.724955439567565918e-01,-7.517471909523010254e-01,-1.907713562250137329e-01,5.731496028602123260e-03,1.149000048637390137e+00,-2.251499891281127930e+00,-1.824470520019531250e+00,-1.159211322665214539e-01,1.479526638984680176e+00,-2.386831790208816528e-01,2.074438519775867462e-02
1.256835553795099258e-02,2.972019910812377930e-01,8.736386895179748535e-01,2.046655863523483276e-01,4.559112340211868286e-02,-6.102959513664245605e-01,7.639190554618835449e-01,-7.258164286613464355e-01,5.693776533007621765e-02,2.475334890186786652e-02,7.216161489486694336e-01,-3.348711431026458740e-01,-1.489430814981460571e-01,-7.805952429771423340e-01,-9.496927857398986816e-01,3.409788478165864944e-03,4.262250661849975586e-01,-7.406213879585266113e-02,2.606307566165924072e-01,1.007179692387580872e-01,4.718501865863800049e-01,4.918915629386901855e-01,-9.342614412307739258e-01,8.346053212881088257e-02,-5.468420386314392090e-01,1.223141402006149292e-01,-7.326798439025878906e-01,-2.027375996112823486e-01,2.234288491308689117e-02,1.149000048637390137e+00,-2.251499891281127930e+00,-1.833509564399719238e+00,-1.339282393455505371e-01,1.432127952575683594e+00,-2.439290732145309448e-01,-1.294329762458801270e-02
6.029163021594285965e-03,2.897406816482543945e-01,8.603187203407287598e-01,2.128635197877883911e-01,4.951630905270576477e-02,-6.076371669769287109e-01,7.635537385940551758e-01,-7.696102857589721680e-01,6.740379333496093750e-02,2.051419578492641449e-02,7.934026122093200684e-01,-3.792521357536315918e-01,-1.506956964731216431e-01,-8.388059139251708984e-01,-9.555587768554687500e-01,5.076827853918075562e-02,4.896368086338043213e-01,-1.932528465986251831e-01,2.240110784769058228e-01,9.593673050403594971e-02,4.725866019725799561e-01,4.954704642295837402e-01,-9.265082478523254395e-01,1.025723665952682495e-01,-5.574323534965515137e-01,9.030168503522872925e-02,-7.161659598350524902e-01,-2.102107554674148560e-01,4.330755397677421570e-02,1.149000048637390137e+00,-2.251499891281127930e+00,-1.844713568687438965e+00,-1.521588861942291260e-01,1.388518214225769043e+00,-2.467313557863235474e-01,-4.783986136317253113e-02
-3.229422261938452721e-03,2.830747663974761963e-01,8.465474247932434082e-01,2.203613966703414917e-01,4.988607019186019897e-02,-6.072567701339721680e-01,7.617030143737792969e-01,-8.147109746932983398e-01,8.266571909189224243e-02,1.817962154746055603e-02,8.771639466285705566e-01,-3.941580951213836670e-01,-1.721756756305694580e-01,-9.107557535171508789e-01,-9.502449631690979004e-01,1.291680186986923218e-01,5.720068812370300293e-01,-3.128513097763061523e-01,1.964426487684249878e-01,9.025045484304428101e-02,4.753397405147552490e-01,4.992792010307312012e-01,-9.134663939476013184e-01,1.334565132856369019e-01,-5.875467061996459961e-01,5.667908862233161926e-02,-7.198331356048583984e-01,-2.164328992366790771e-01,6.541719287633895874e-02,1.149000048637390137e+00,-2.251499891281127930e+00,-1.854817390441894531e+00,-1.650753021240234375e-01,1.364838600158691406e+00,-2.423124164342880249e-01,-9.265169501304626465e-02
-1.991630345582962036e-02,2.771490216255187988e-01,8.327733278274536133e-01,2.296457588672637939e-01,4.971810802817344666e-02,-6.092908382415771484e-01,7.573345303535461426e-01,-8.574445843696594238e-01,1.044678986072540283e-01,5.752789787948131561e-03,9.474256038665771484e-01,-3.853441178798675537e-01,-1.930015236139297485e-01,-1.010530710220336914e+00,-9.291948676109313965e-01,2.168011814355850220e-01,6.867926120758056641e-01,-4.409986734390258789e-01,1.626625955104827881e-01,8.792370557785034180e-02,4.826521873474121094e-01,5.032674074172973633e-01,-8.934388160705566406e-01,1.546804606914520264e-01,-6.091907620429992676e-01,3.421173617243766785e-02,-7.317172884941101074e-01,-2.229025959968566895e-01,1.021206825971603394e-01,1.149000048637390137e+00,-2.251499891281127930e+00,-1.871129870414733887e+00,-1.650235950946807861e-01,1.336964607238769531e+00,-2.268006503582000732e-01,-1.298644691705703735e-01
-3.750094771385192871e-02,2.742858529090881348e-01,8.203495144844055176e-01,2.408820837736129761e-01,5.237485095858573914e-02,-6.093782186508178711e-01,7.535853385925292969e-01,-9.012715816497802734e-01,1.259631216526031494e-01,-6.076239980757236481e-03,9.925844073295593262e-01,-3.691550791263580322e-01,-2.170870453119277954e-01,-1.118622183799743652e+00,-9.074175953865051270e-01,2.830016911029815674e-01,8.006389737129211426e-01,-5.382151007652282715e-01,1.339180767536163330e-01,9.487213939428329468e-02,4.968868792057037354e-01,5.085875988006591797e-01,-8.738253116607666016e-01,1.575668901205062866e-01,-6.236082911491394043e-01,4.560676217079162598e-02,-7.302657961845397949e-01,-2.288979291915893555e-01,1.470694690942764282e-01,1.149000048637390137e+00,-2.251499891281127930e+00,-1.888313055038452148e+00,-1.347258388996124268e-01,1.339142799377441406e+00,-2.104116380214691162e-01,-1.656428128480911255e-01
-4.290017485618591309e-02,2.751731872558593750e-01,8.099489212036132812e-01,2.404888123273849487e-01,5.830138176679611206e-02,-6.074764132499694824e-01,7.548102140426635742e-01,-9.322699308395385742e-01,1.432429254055023193e-01,-2.643729560077190399e-02,1.026365876197814941e+00,-4.081398546695709229e-01,-2.222906649112701416e-01,-1.190242648124694824e+00,-8.889359235763549805e-01,3.224531412124633789e-01,8.995615243911743164e-01,-5.662137269973754883e-01,1.141320392489433289e-01,1.004663705825805664e-01,5.136228799819946289e-01,5.118014216423034668e-01,-8.586006164550781250e-01,1.416344344615936279e-01,-5.990199446678161621e-01,6.531218439340591431e-02,-7.091900110244750977e-01,-2.360555082559585571e-01,1.774985343217849731e-01,1.149000048637390137e+00,-2.251499891281127930e+00,-1.914793014526367188e+00,-1.096213683485984802e-01,1.316394448280334473e+00,-1.981298327445983887e-01,-1.796147227287292480e-01
-4.257524013519287109e-02,2.779881358146667480e-01,8.026021718978881836e-01,2.401600927114486694e-01,6.552063673734664917e-02,-6.048232913017272949e-01,7.564516067504882812e-01,-9.618129730224609375e-01,1.531225144863128662e-01,-3.812203183770179749e-02,1.049209475517272949e+00,-4.547013342380523682e-01,-2.168834358453750610e-01,-1.247194528579711914e+00,-8.784548044204711914e-01,3.482576906681060791e-01,9.635680317878723145e-01,-5.609605908393859863e-01,1.085752174258232117e-01,1.267499178647994995e-01,5.199999809265136719e-01,5.113407969474792480e-01,-8.720918297767639160e-01,1.535250693559646606e-01,-6.083520650863647461e-01,6.402380019426345825e-02,-6.801544427871704102e-01,-2.384526282548904419e-01,1.790926754474639893e-01,1.149000048637390137e+00,-2.251499891281127930e+00,-1.945632696151733398e+00,-1.055144071578979492e-01,1.294539451599121094e+00,-2.015966325998306274e-01,-1.791616827249526978e-01
-4.226755723357200623e-02,2.776375710964202881e-01,7.995134592056274414e-01,2.441230863332748413e-01,7.749662548303604126e-02,-6.036921739578247070e-01,7.549529671669006348e-01,-9.925776720046997070e-01,1.750319004058837891e-01,-3.059275262057781219e-02,1.059853434562683105e+00,-4.746727645397186279e-01,-2.176630049943923950e-01,-1.289654493331909180e+00,-8.623232841491699219e-01,3.581046462059020996e-01,9.963389635086059570e-01,-5.511905550956726074e-01,1.053114682435989380e-01,1.584074497222900391e-01,5.199999809265136719e-01,5.080713033676147461e-01,-8.750082254409790039e-01,1.594655960798263550e-01,-6.219744682312011719e-01,5.001652240753173828e-02,-6.873638033866882324e-01,-2.396841496229171753e-01,1.784169822931289673e-01,1.149000048637390137e+00,-2.251499891281127930e+00,-1.974394440650939941e+00,-9.128515422344207764e-02,1.294099330902099609e+00,-2.009476274251937866e-01,-1.849764287471771240e-01
-3.806567192077636719e-02,2.819237709045410156e-01,7.990182042121887207e-01,2.422386705875396729e-01,8.762005716562271118e-02,-6.050679087638854980e-01,7.533498406410217285e-01,-1.017776250839233398e+00,1.935237944126129150e-01,-2.708309516310691833e-02,1.071281552314758301e+00,-4.935481250286102295e-01,-2.094784677028656006e-01,-1.311377286911010742e+00,-8.498407602310180664e-01,3.473890721797943115e-01,1.005155563354492188e+00,-5.142870545387268066e-01,1.076485961675643921e-01,1.945640444755554199e-01,5.199999809265136719e-01,5.043141841888427734e-01,-8.869428038597106934e-01,1.722812354564666748e-01,-6.401543021202087402e-01,2.359572239220142365e-02,-7.027422785758972168e-01,-2.401730269193649292e-01,1.686877161264419556e-01,1.149000048637390137e+00,-2.251499891281127930e+00,-1.984113931655883789e+00,-8.345569670200347900e-02,1.297649502754211426e+00,-2.034873366355895996e-01,-1.816573739051818848e-01
-3.369573876261711121e-02,2.843254804611206055e-01,7.994418740272521973e-01,2.386158406734466553e-01,9.419283270835876465e-02,-6.069980263710021973e-01,7.521592974662780762e-01,-1.025378823280334473e+00,2.100636214017868042e-01,-2.182340249419212341e-02,1.073296904563903809e+00,-5.157670974731445312e-01,-1.998886913061141968e-01,-1.305939435958862305e+00,-8.420125842094421387e-01,3.304145932197570801e-01,9.944670796394348145e-01,-4.952299296855926514e-01,1.127400845289230347e-01,2.094892412424087524e-01,5.199999809265136719e-01,5.042575597763061523e-01,-8.829604387283325195e-01,1.841049343347549438e-01,-6.452073454856872559e-01,9.140281938016414642e-03,-7.124649286270141602e-01,-2.404123991727828979e-01,1.689587086439132690e-01,1.149000048637390137e+00,-2.251499891281127930e+00,-1.984635114669799805e+00,-7.433337718248367310e-02,1.300630688667297363e+00,-2.042696624994277954e-01,-1.806267350912094116e-01
-2.718871645629405975e-02,2.887540459632873535e-01,8.007537722587585449e-01,2.313147187232971191e-01,9.918926656246185303e-02,-6.077436208724975586e-01,7.531949877738952637e-01,-1.024270057678222656e+00,2.258144170045852661e-01,-1.012033689767122269e-02,1.064292192459106445e+00,-5.569027066230773926e-01,-1.726221740245819092e-01,-1.280536532402038574e+00,-8.454751372337341309e-01,2.958858907222747803e-01,9.674111008644104004e-01,-4.734162092208862305e-01,1.274310946464538574e-01,2.162480354309082031e-01,5.199999809265136719e-01,5.037415623664855957e-01,-8.879869580268859863e-01,1.911605298519134521e-01,-6.555494070053100586e-01,-9.036215487867593765e-05,-7.079139947891235352e-01,-2.341307401657104492e-01,1.738608777523040771e-01,1.149000048637390137e+00,-2.251499891281127930e+00,-1.989645123481750488e+00,-5.152511969208717346e-02,1.278297662734985352e+00,-2.077301740646362305e-01,-1.839792877435684204e-01
-1.297595445066690445e-02,2.888935208320617676e-01,8.045877814292907715e-01,2.213313728570938110e-01,1.088385209441184998e-01,-6.087638139724731445e-01,7.540379762649536133e-01,-1.031400322914123535e+00,2.313699126243591309e-01,-1.450365502387285233e-02,1.080154061317443848e+00,-5.866796970367431641e-01,-1.433024704456329346e-01,-1.239998579025268555e+00,-8.533611297607421875e-01,2.452335059642791748e-01,9.333836436271667480e-01,-4.098235666751861572e-01,1.542630046606063843e-01,2.204587906599044800e-01,5.199999809265136719e-01,5.051650404930114746e-01,-9.027917385101318359e-01,1.734386980533599854e-01,-6.629986166954040527e-01,-4.345208406448364258e-03,-7.054087519645690918e-01,-2.281582653522491455e-01,1.723076254129409790e-01,1.149000048637390137e+00,-2.251499891281127930e+00,-1.986183166503906250e+00,-3.660343587398529053e-02,1.267663955688476562e+00,-1.998606920242309570e-01,-1.656753569841384888e-01
-2.633193740621209145e-03,2.809763550758361816e-01,8.107959032058715820e-01,2.135725319385528564e-01,1.233658343553543091e-01,-6.067966818809509277e-01,7.556225657463073730e-01,-1.033818483352661133e+00,2.404275089502334595e-01,-2.696012146770954132e-02,1.077856659889221191e+00,-6.032697558403015137e-01,-1.240154057741165161e-01,-1.184878110885620117e+00,-8.549990653991699219e-01,1.829780489206314087e-01,9.055796861648559570e-01,-3.606995940208435059e-01,1.729744970798492432e-01,2.143706083297729492e-01,5.100062489509582520e-01,5.088894963264465332e-01,-9.195809364318847656e-01,1.219436824321746826e-01,-6.392962336540222168e-01,1.286686770617961884e-02,-6.916642785072326660e-01,-2.209389358758926392e-01,1.717340797185897827e-01,1.149000048637390137e+00,-2.251499891281127930e+00,-1.967820405960083008e+00,-2.363656833767890930e-02,1.250688910484313965e+00,-1.702639013528823853e-01,-1.121940761804580688e-01
1.404614071361720562e-03,2.789429724216461182e-01,8.209325671195983887e-01,2.060343772172927856e-01,1.251151710748672485e-01,-6.083692312240600586e-01,7.561632990837097168e-01,-1.006607055664062500e+00,2.467750906944274902e-01,-2.203927189111709595e-02,1.046365380287170410e+00,-5.863372683525085449e-01,-1.151881664991378784e-01,-1.129141569137573242e+00,-8.511103987693786621e-01,1.346996575593948364e-01,8.698183298110961914e-01,-3.124153316020965576e-01,1.887304335832595825e-01,2.098490446805953979e-01,5.012700557708740234e-01,5.067908763885498047e-01,-9.395567178726196289e-01,8.329705148935317993e-02,-6.247830390930175781e-01,3.934777528047561646e-02,-6.900045275688171387e-01,-2.131411731243133545e-01,1.771475970745086670e-01,1.149000048637390137e+00,-2.251499891281127930e+00,-1.952833890914916992e+00,-1.910925656557083130e-02,1.254785776138305664e+00,-1.624504774808883667e-01,-7.626591622829437256e-02
4.265798721462488174e-03,2.732621729373931885e-01,8.370637297630310059e-01,1.994171440601348877e-01,1.226185709238052368e-01,-6.116972565650939941e-01,7.556612491607666016e-01,-9.489352703094482422e-01,2.521941065788269043e-01,-3.091742750257253647e-03,9.830189347267150879e-01,-5.452935695648193359e-01,-1.152124479413032532e-01,-1.056929469108581543e+00,-8.457812070846557617e-01,8.121614158153533936e-02,8.198055028915405273e-01,-2.487634867429733276e-01,2.090574949979782104e-01,2.051988542079925537e-01,4.914440214633941650e-01,5.023030638694763184e-01,-9.556788802146911621e-01,5.327939242124557495e-02,-6.112826466560363770e-01,7.040867954492568970e-02,-7.032234668731689453e-01,-2.054839730262756348e-01,1.835917681455612183e-01,1.149000048637390137e+00,-2.251499891281127930e+00,-1.929340481758117676e+00,-2.203960716724395752e-02,1.259227514266967773e+00,-1.646282076835632324e-01,-5.313993245363235474e-02
3.688538679853081703e-03,2.645488679409027100e-01,8.590269088745117188e-01,1.940447390079498291e-01,1.171137318015098572e-01,-6.161439418792724609e-01,7.543193101882934570e-01,-8.662019968032836914e-01,2.568884193897247314e-01,2.573789656162261963e-02,8.849903941154479980e-01,-4.647677838802337646e-01,-1.315320283174514771e-01,-9.677246212959289551e-01,-8.369557261466979980e-01,1.521132141351699829e-02,7.539101839065551758e-01,-1.762129366397857666e-01,2.301398068666458130e-01,2.024286985397338867e-01,4.808532893657684326e-01,4.948292076587677002e-01,-9.620959162712097168e-01,3.587461635470390320e-02,-5.928356051445007324e-01,1.083310022950172424e-01,-7.120569348335266113e-01,-1.976359635591506958e-01,1.841730624437332153e-01,1.149000048637390137e+00,-2.251499891281127930e+00,-1.886366128921508789e+00,-3.004986420273780823e-02,1.263490796089172363e+00,-1.639198064804077148e-01,-3.362907469272613525e-02
1.819588709622621536e-03,2.543038725852966309e-01,8.860107660293579102e-01,1.867614984512329102e-01,1.085595935583114624e-01,-6.208276748657226562e-01,7.535966634750366211e-01,-7.607566118240356445e-01,2.597979605197906494e-01,6.557149440050125122e-02,7.577325105667114258e-01,-3.469370603561401367e-01,-1.615482270717620850e-01,-8.650987744331359863e-01,-8.195398449897766113e-01,-4.903116077184677124e-02,6.868550181388854980e-01,-8.471082150936126709e-02,2.560710608959197998e-01,2.002831101417541504e-01,4.734697639942169189e-01,4.846884608268737793e-01,-9.535653591156005859e-01,3.018006309866905212e-02,-5.802693963050842285e-01,1.407335847616195679e-01,-7.268266677856445312e-01,-1.890198141336441040e-01,1.756987273693084717e-01,1.149000048637390137e+00,-2.251499891281127930e+00,-1.853744864463806152e+00,-5.978005751967430115e-02,1.275943636894226074e+00,-1.716523021459579468e-01,-2.218121290206909180e-02
-1.866099308244884014e-03,2.525839805603027344e-01,9.156734347343444824e-01,1.759915500879287720e-01,9.669158607721328735e-02,-6.280425786972045898e-01,7.518246173858642578e-01,-6.470410823822021484e-01,2.619183063507080078e-01,1.162101402878761292e-01,6.053804159164428711e-01,-1.933681219816207886e-01,-1.915905475616455078e-01,-7.675607800483703613e-01,-7.908760309219360352e-01,-1.259483098983764648e-01,6.099938154220581055e-01,2.999323979020118713e-02,2.617999613285064697e-01,2.164375633001327515e-01,4.732894003391265869e-01,4.724068045616149902e-01,-9.397561550140380859e-01,4.874232783913612366e-02,-5.786765813827514648e-01,1.684011965990066528e-01,-7.377766370773315430e-01,-1.841358691453933716e-01,1.640040427446365356e-01,1.149000048637390137e+00,-2.251499891281127930e+00,-1.822769641876220703e+00,-7.946969568729400635e-02,1.290794849395751953e+00,-1.810809969902038574e-01,-3.112967684864997864e-02
-7.549132686108350754e-03,2.484637796878814697e-01,9.432459473609924316e-01,1.621473878622055054e-01,8.554499596357345581e-02,-6.377975344657897949e-01,7.480672597885131836e-01,-5.269487500190734863e-01,2.925621569156646729e-01,1.707698553800582886e-01,4.367545247077941895e-01,2.104003727436065674e-02,-2.433672696352005005e-01,-6.692490577697753906e-01,-7.260957956314086914e-01,-1.545910686254501343e-01,5.071851611137390137e-01,1.582875400781631470e-01,2.617999911308288574e-01,2.189784198999404907e-01,4.786684811115264893e-01,4.560532867908477783e-01,-9.017981886863708496e-01,8.398532867431640625e-02,-5.763640403747558594e-01,2.024576663970947266e-01,-7.476608753204345703e-01,-1.875804811716079712e-01,1.735260039567947388e-01,1.149000048637390137e+00,-2.251499891281127930e+00,-1.792427659034729004e+00,-5.822700634598731995e-02,1.293031096458435059e+00,-1.722134351730346680e-01,-8.039298653602600098e-02
-1.278687827289104462e-02,2.424420863389968872e-01,9.707581400871276855e-01,1.565367728471755981e-01,7.376147806644439697e-02,-6.427536606788635254e-01,7.462729215621948242e-01,-4.315309226512908936e-01,3.020199835300445557e-01,2.147582471370697021e-01,3.322333991527557373e-01,1.496609002351760864e-01,-2.615441679954528809e-01,-6.101383566856384277e-01,-7.034987211227416992e-01,-1.907962560653686523e-01,4.307497143745422363e-01,2.294245362281799316e-01,2.617999911308288574e-01,2.184103876352310181e-01,4.793127775192260742e-01,4.513046443462371826e-01,-8.785911202430725098e-01,9.140575677156448364e-02,-5.693325400352478027e-01,2.248449921607971191e-01,-7.518752813339233398e-01,-1.909174323081970215e-01,1.747419536113739014e-01,1.149000048637390137e+00,-2.251499891281127930e+00,-1.767832994461059570e+00,-3.436090424656867981e-02,1.313372135162353516e+00,-1.470651626586914062e-01,-9.892910718917846680e-02
-1.843962445855140686e-02,2.342244386672973633e-01,9.914332032203674316e-01,1.525004208087921143e-01,5.658860877156257629e-02,-6.434365510940551758e-01,7.480179071426391602e-01,-3.528495132923126221e-01,2.888388335704803467e-01,2.445192188024520874e-01,2.662619948387145996e-01,2.290990501642227173e-01,-2.617999911308288574e-01,-5.608685612678527832e-01,-7.068189978599548340e-01,-2.087062299251556396e-01,3.643031120300292969e-01,2.827244997024536133e-01,2.617999911308288574e-01,2.073576450347900391e-01,4.800504744052886963e-01,4.476608633995056152e-01,-8.720982074737548828e-01,8.781457692384719849e-02,-5.578881502151489258e-01,2.560607790946960449e-01,-7.380200028419494629e-01,-1.836167573928833008e-01,1.706822216510772705e-01,1.149000048637390137e+00,-2.251499891281127930e+00,-1.761103153228759766e+00,7.262567058205604553e-03,1.343562960624694824e+00,-1.108213067054748535e-01,-1.054254695773124695e-01
-2.314794436097145081e-02,2.229832261800765991e-01,1.004380106925964355e+00,1.535873711109161377e-01,3.099082969129085541e-02,-6.500827074050903320e-01,7.435340881347656250e-01,-2.800836265087127686e-01,2.887395322322845459e-01,2.959419488906860352e-01,2.095904052257537842e-01,2.695422172546386719e-01,-2.617999911308288574e-01,-5.074210762977600098e-01,-7.234957218170166016e-01,-2.136617898941040039e-01,3.033960759639739990e-01,3.029058575630187988e-01,2.617999911308288574e-01,1.839613765478134155e-01,4.757834076881408691e-01,4.411757588386535645e-01,-8.631722331047058105e-01,6.340819597244262695e-02,-5.470434427261352539e-01,3.105182945728302002e-01,-7.148618102073669434e-01,-1.706549823284149170e-01,1.732820570468902588e-01,1.149000048637390137e+00,-2.251499891281127930e+00,-1.740681767463684082e+00,6.229946389794349670e-02,1.348296880722045898e+00,-4.684871435165405273e-02,-1.068056300282478333e-01
-3.186002373695373535e-02,2.373116314411163330e-01,1.013027548789978027e+00,1.516717970371246338e-01,7.782802451401948929e-03,-6.490589976310729980e-01,7.454243898391723633e-01,-2.277103960514068604e-01,2.578168809413909912e-01,2.994343340396881104e-01,1.763996481895446777e-01,2.820129692554473877e-01,-2.617999911308288574e-01,-4.762509167194366455e-01,-7.369973063468933105e-01,-2.079342454671859741e-01,2.697207629680633545e-01,3.247261643409729004e-01,2.617999911308288574e-01,1.592966765165328979e-01,4.755216836929321289e-01,4.441620409488677979e-01,-8.694895505905151367e-01,1.466245949268341064e-02,-5.333648920059204102e-01,3.724789023399353027e-01,-6.895512342453002930e-01,-1.532167494297027588e-01,1.589481979608535767e-01,1.149000048637390137e+00,-2.251499891281127930e+00,-1.735407710075378418e+00,1.265540122985839844e-01,1.365114569664001465e+00,1.506876014173030853e-02,-8.930944651365280151e-02
-3.989199921488761902e-02,2.426687628030776978e-01,1.016035199165344238e+00,1.478714495897293091e-01,-3.494599135592579842e-03,-6.524234414100646973e-01,7.432801723480224609e-01,-1.909891515970230103e-01,2.318271100521087646e-01,2.629449963569641113e-01,1.685414761304855347e-01,2.857221961021423340e-01,-2.617999911308288574e-01,-4.512310326099395752e-01,-7.353198528289794922e-01,-2.135549783706665039e-01,2.496082335710525513e-01,3.172776997089385986e-01,2.617999911308288574e-01,1.465484201908111572e-01,4.796415567398071289e-01,4.424436390399932861e-01,-8.553611636161804199e-01,-1.045899838209152222e-02,-5.183724164962768555e-01,4.183962941169738770e-01,-6.792105436325073242e-01,-1.419377624988555908e-01,1.468308120965957642e-01,1.149000048637390137e+00,-2.251499891281127930e+00,-1.738126635551452637e+00,1.621063202619552612e-01,1.400135397911071777e+00,4.740162193775177002e-02,-7.367548346519470215e-02
-4.261666536331176758e-02,2.454113811254501343e-01,1.015978932380676270e+00,1.488585323095321655e-01,-8.270535618066787720e-03,-6.499313116073608398e-01,7.452261447906494141e-01,-1.812928020954132080e-01,2.143021225929260254e-01,2.355209738016128540e-01,1.569431424140930176e-01,2.653698027133941650e-01,-2.616573572158813477e-01,-4.421949088573455811e-01,-7.432654500007629395e-01,-2.206952124834060669e-01,2.425044178962707520e-01,3.075763285160064697e-01,2.617999911308288574e-01,1.403816044330596924e-01,4.824320077896118164e-01,4.463725686073303223e-01,-8.522719740867614746e-01,-3.549412637948989868e-02,-5.149917006492614746e-01,4.295946359634399414e-01,-6.931121945381164551e-01,-1.398286521434783936e-01,1.303985714912414551e-01,1.149000048637390137e+00,-2.251499891281127930e+00,-1.750477313995361328e+00,1.679660975933074951e-01,1.436043977737426758e+00,5.653052404522895813e-02,-5.583430826663970947e-02
-4.027403518557548523e-02,2.471186071634292603e-01,1.012314081192016602e+00,1.504096090793609619e-01,-6.786854472011327744e-03,-6.460094451904296875e-01,7.483332753181457520e-01,-1.947353631258010864e-01,2.004865258932113647e-01,2.056638598442077637e-01,1.513707339763641357e-01,2.238686680793762207e-01,-2.613829076290130615e-01,-4.522736072540283203e-01,-7.525358796119689941e-01,-2.244549840688705444e-01,2.540521025657653809e-01,2.959009110927581787e-01,2.617999911308288574e-01,1.413448750972747803e-01,4.864849150180816650e-01,4.518620371818542480e-01,-8.576752543449401855e-01,-3.794656693935394287e-02,-5.305830240249633789e-01,4.049037992954254150e-01,-7.330775856971740723e-01,-1.433714926242828369e-01,1.082446575164794922e-01,1.149000048637390137e+00,-2.251499891281127930e+00,-1.768079638481140137e+00,1.292718648910522461e-01,1.477252960205078125e+00,2.975011989474296570e-02,-3.475735709071159363e-02
-3.732997924089431763e-02,2.485038936138153076e-01,1.005848407745361328e+00,1.599883884191513062e-01,5.794269964098930359e-04,-6.360208392143249512e-01,7.549045681953430176e-01,-2.399229109287261963e-01,1.785151213407516479e-01,1.825752109289169312e-01,1.650995761156082153e-01,1.746740490198135376e-01,-2.406704276800155640e-01,-4.921915829181671143e-01,-7.779237031936645508e-01,-2.258866280317306519e-01,2.835425436496734619e-01,2.722423374652862549e-01,2.617999911308288574e-01,1.505969166755676270e-01,4.880710840225219727e-01,4.563298225402832031e-01,-8.746936917304992676e-01,-4.023554176092147827e-02,-5.446308255195617676e-01,3.439846932888031006e-01,-8.008655905723571777e-01,-1.472628116607666016e-01,7.998552918434143066e-02,1.149000048637390137e+00,-2.251499891281127930e+00,-1.805436372756958008e+00,8.015554398298263550e-02,1.522631764411926270e+00,-2.466104738414287567e-02,-2.563290111720561981e-02
-3.198932856321334839e-02,2.431654185056686401e-01,9.973543286323547363e-01,1.641513556241989136e-01,1.067636907100677490e-02,-6.317835450172424316e-01,7.574892044067382812e-01,-2.775154113769531250e-01,1.748375147581100464e-01,1.643705815076828003e-01,1.886259168386459351e-01,1.164293736219406128e-01,-2.192147672176361084e-01,-5.247831344604492188e-01,-7.892280817031860352e-01,-2.189104557037353516e-01,3.214174807071685791e-01,2.241768538951873779e-01,2.617999911308288574e-01,1.646699458360671997e-01,4.874243438243865967e-01,4.581003785133361816e-01,-8.876423239707946777e-01,-1.556680817157030106e-02,-5.587264299392700195e-01,2.724657058715820312e-01,-8.403425812721252441e-01,-1.487092971801757812e-01,5.086385086178779602e-02,1.149000048637390137e+00,-2.251499891281127930e+00,-1.836957693099975586e+00,3.267035260796546936e-02,1.517108440399169922e+00,-7.960463315248489380e-02,-2.534258924424648285e-02
-2.845778688788414001e-02,2.465567886829376221e-01,9.871938824653625488e-01,1.715982854366302490e-01,2.412864938378334045e-02,-6.238154172897338867e-01,7.621195316314697266e-01,-3.530521690845489502e-01,1.668076664209365845e-01,1.362365186214447021e-01,2.595064640045166016e-01,2.560206502676010132e-02,-1.867321133613586426e-01,-6.000141501426696777e-01,-8.073546886444091797e-01,-1.977945119142532349e-01,3.967235088348388672e-01,1.591615825891494751e-01,2.617999911308288574e-01,1.752766370773315430e-01,4.835507571697235107e-01,4.589152336120605469e-01,-9.101501107215881348e-01,2.006021142005920410e-02,-5.602459907531738281e-01,1.722403168678283691e-01,-8.867875337600708008e-01,-1.551823467016220093e-01,3.360316157341003418e-02,1.149000048637390137e+00,-2.251499891281127930e+00,-1.860796928405761719e+00,5.392038263380527496e-03,1.487913727760314941e+00,-1.231106072664260864e-01,-2.965820394456386566e-02
-2.557501383125782013e-02,2.485674023628234863e-01,9.759018421173095703e-01,1.725138574838638306e-01,3.581610321998596191e-02,-6.197277307510375977e-01,7.647834420204162598e-01,-4.319810271263122559e-01,1.800660192966461182e-01,1.290220171213150024e-01,3.722141683101654053e-01,-7.936008274555206299e-02,-1.530707627534866333e-01,-6.832747459411621094e-01,-8.250177502632141113e-01,-1.787293255329132080e-01,5.123914480209350586e-01,8.068972080945968628e-02,2.617999911308288574e-01,1.898772269487380981e-01,4.761093258857727051e-01,4.593961536884307861e-01,-9.289546012878417969e-01,4.088270664215087891e-02,-5.432032942771911621e-01,8.788011968135833740e-02,-9.384728670120239258e-01,-1.679284721612930298e-01,5.024437233805656433e-02,1.149000048637390137e+00,-2.251499891281127930e+00,-1.885754704475402832e+00,2.144858613610267639e-02,1.491058945655822754e+00,-1.258770674467086792e-01,-2.963883616030216217e-02
-2.742335572838783264e-02,2.471894174814224243e-01,9.616805315017700195e-01,1.763147115707397461e-01,4.430811479687690735e-02,-6.209735870361328125e-01,7.624576687812805176e-01,-4.928196668624877930e-01,2.066019624471664429e-01,1.371942460536956787e-01,4.646569192409515381e-01,-1.486740857362747192e-01,-1.394326090812683105e-01,-7.461869120597839355e-01,-8.349840641021728516e-01,-1.581008136272430420e-01,5.877848863601684570e-01,-1.647819951176643372e-02,2.617999911308288574e-01,1.990666240453720093e-01,4.688407778739929199e-01,4.612765014171600342e-01,-9.353542923927307129e-01,7.126248627901077271e-02,-5.482941269874572754e-01,4.387767612934112549e-02,-9.452269673347473145e-01,-1.767490059137344360e-01,6.686717271804809570e-02,1.149000048637390137e+00,-2.251499891281127930e+00,-1.892982244491577148e+00,4.251476749777793884e-02,1.492390394210815430e+00,-1.122714132070541382e-01,-3.120815940201282501e-02
-2.668284811079502106e-02,2.453771531581878662e-01,9.454526901245117188e-01,1.775655746459960938e-01,5.051412805914878845e-02,-6.207183599472045898e-01,7.619891762733459473e-01,-5.442474484443664551e-01,2.294758409261703491e-01,1.365158408880233765e-01,5.537112951278686523e-01,-2.394484430551528931e-01,-1.197056248784065247e-01,-7.947841882705688477e-01,-8.488838076591491699e-01,-1.325222998857498169e-01,6.561771631240844727e-01,-1.109958738088607788e-01,2.617999911308288574e-01,1.973636001348495483e-01,4.630129039287567139e-01,4.624251127243041992e-01,-9.453508853912353516e-01,9.282563626766204834e-02,-5.519454479217529297e-01,9.400219656527042389e-03,-9.343037605285644531e-01,-1.846920847892761230e-01,7.856007665395736694e-02,1.149000048637390137e+00,-2.251499891281127930e+00,-1.889953851699829102e+00,5.313971266150474548e-02,1.479222774505615234e+00,-9.986291080713272095e-02,-3.235451504588127136e-02
-2.856406569480895996e-02,2.402850389480590820e-01,9.287532567977905273e-01,1.800907701253890991e-01,5.330213904380798340e-02,-6.212897896766662598e-01,7.607399225234985352e-01,-5.891681313514709473e-01,2.531868219375610352e-01,1.377358138561248779e-01,6.460258960723876953e-01,-3.068359792232513428e-01,-1.154328286647796631e-01,-8.349640965461730957e-01,-8.656564354896545410e-01,-1.068956702947616577e-01,7.202938199043273926e-01,-2.161500602960586548e-01,2.613979876041412354e-01,1.886393576860427856e-01,4.572404921054840088e-01,4.665670692920684814e-01,-9.426624178886413574e-01,1.152100339531898499e-01,-5.583898425102233887e-01,-1.569068804383277893e-02,-9.228990674018859863e-01,-1.925642788410186768e-01,9.392960369586944580e-02,1.149000048637390137e+00,-2.251499891281127930e+00,-1.884482502937316895e+00,6.845183670520782471e-02,1.485018134117126465e+00,-8.301080763339996338e-02,-4.591333866119384766e-02
-3.027536533772945404e-02,2.365434169769287109e-01,9.103859663009643555e-01,1.812599748373031616e-01,5.656090751290321350e-02,-6.229745745658874512e-01,7.588467597961425781e-01,-6.378244161605834961e-01,2.784675359725952148e-01,1.265269070863723755e-01,7.445152997970581055e-01,-3.853012025356292725e-01,-1.035232469439506531e-01,-8.798980712890625000e-01,-8.729884028434753418e-01,-7.547374069690704346e-02,7.863830924034118652e-01,-3.253627121448516846e-01,2.398482263088226318e-01,1.799435168504714966e-01,4.544842243194580078e-01,4.711714982986450195e-01,-9.417954683303833008e-01,1.397788673639297485e-01,-5.635768771171569824e-01,-4.182122275233268738e-02,-8.966583609580993652e-01,-1.992957144975662231e-01,1.006740555167198181e-01,1.149000048637390137e+00,-2.251499891281127930e+00,-1.882884621620178223e+00,6.102044507861137390e-02,1.452166795730590820e+00,-8.053757995367050171e-02,-5.149397626519203186e-02
-3.073373064398765564e-02,2.389208823442459106e-01,8.904813528060913086e-01,1.782703697681427002e-01,5.705732107162475586e-02,-6.272717118263244629e-01,7.559724450111389160e-01,-6.980221867561340332e-01,3.047697842121124268e-01,1.026900932192802429e-01,8.670576214790344238e-01,-4.517624974250793457e-01,-9.765385836362838745e-02,-9.349290728569030762e-01,-8.693760037422180176e-01,-2.498717233538627625e-02,8.593478798866271973e-01,-4.160813689231872559e-01,2.193851470947265625e-01,1.800769418478012085e-01,4.528719484806060791e-01,4.758365750312805176e-01,-9.449607133865356445e-01,1.590715646743774414e-01,-5.728247165679931641e-01,-6.428874284029006958e-02,-8.844267725944519043e-01,-2.025825679302215576e-01,1.104997694492340088e-01,1.149000048637390137e+00,-2.251499891281127930e+00,-1.902270078659057617e+00,5.468049272894859314e-02,1.428561329841613770e+00,-8.829294145107269287e-02,-6.908930093050003052e-02
-3.063578717410564423e-02,2.443238943815231323e-01,8.702119588851928711e-01,1.746827363967895508e-01,5.897650867700576782e-02,-6.336895823478698730e-01,7.512956857681274414e-01,-7.668947577476501465e-01,3.328709304332733154e-01,7.012528926134109497e-02,9.925783872604370117e-01,-5.021576881408691406e-01,-9.623806178569793701e-02,-1.006726622581481934e+00,-8.532732129096984863e-01,3.912976384162902832e-02,9.379251599311828613e-01,-4.885538518428802490e-01,1.994879394769668579e-01,1.890013068914413452e-01,4.560784399509429932e-01,4.832288920879364014e-01,-9.509876370429992676e-01,1.668661385774612427e-01,-5.822588205337524414e-01,-7.284010946750640869e-02,-8.621147871017456055e-01,-2.116753160953521729e-01,1.327784806489944458e-01,1.149000048637390137e+00,-2.251499891281127930e+00,-1.934635400772094727e+00,7.852309197187423706e-02,1.405538678169250488e+00,-9.361904859542846680e-02,-9.641699492931365967e-02
-3.658371046185493469e-02,2.426416128873825073e-01,8.535206913948059082e-01,1.849513649940490723e-01,6.968708336353302002e-02,-6.437641382217407227e-01,7.392593622207641602e-01,-8.282142281532287598e-01,3.673586845397949219e-01,5.345778539776802063e-02,1.071371793746948242e+00,-5.341500043869018555e-01,-9.130579978227615356e-02,-1.109082698822021484e+00,-8.210182189941406250e-01,9.830287843942642212e-02,1.009423017501831055e+00,-5.618693828582763672e-01,1.833036094903945923e-01,2.049313634634017944e-01,4.659515917301177979e-01,4.880450069904327393e-01,-9.714196920394897461e-01,1.813736855983734131e-01,-6.017087101936340332e-01,-5.165830254554748535e-02,-8.060412406921386719e-01,-2.172019034624099731e-01,1.608076393604278564e-01,1.149000048637390137e+00,-2.251499891281127930e+00,-1.971469998359680176e+00,1.995825916528701782e-01,1.379878282546997070e+00,-2.871673367917537689e-02,-1.157372817397117615e-01
-3.953875973820686340e-02,2.446175962686538696e-01,8.488048315048217773e-01,1.983297467231750488e-01,7.964037358760833740e-02,-6.558874845504760742e-01,7.239711880683898926e-01,-8.524044752120971680e-01,3.994834721088409424e-01,8.081012964248657227e-02,1.078755974769592285e+00,-5.500209331512451172e-01,-6.690422445535659790e-02,-1.181349158287048340e+00,-7.857403755187988281e-01,1.225787475705146790e-01,1.011699080467224121e+00,-5.676012039184570312e-01,1.806433647871017456e-01,2.146903127431869507e-01,4.801290333271026611e-01,4.832189083099365234e-01,-9.687345027923583984e-01,1.613223254680633545e-01,-5.946795344352722168e-01,2.686499245464801788e-02,-7.226693630218505859e-01,-2.205689847469329834e-01,2.126774787902832031e-01,1.149000048637390137e+00,-2.251499891281127930e+00,-1.989365696907043457e+00,3.948768377304077148e-01,1.368031382560729980e+00,6.104991212487220764e-02,-1.283206939697265625e-01
-3.765325248241424561e-02,2.358245849609375000e-01,8.577849268913269043e-01,2.097041606903076172e-01,8.181713521480560303e-02,-6.672791838645935059e-01,7.099778652191162109e-01,-8.201326727867126465e-01,4.093931913375854492e-01,1.300434619188308716e-01,1.040208816528320312e+00,-5.013920664787292480e-01,-6.564305722713470459e-02,-1.176054000854492188e+00,-7.649311423301696777e-01,1.248710155487060547e-01,9.520378112792968750e-01,-5.333724021911621094e-01,1.926483064889907837e-01,2.147269845008850098e-01,4.882676005363464355e-01,4.784446954727172852e-01,-9.672046899795532227e-01,1.817728728055953979e-01,-6.103998422622680664e-01,8.345733582973480225e-02,-6.702291965484619141e-01,-2.195594906806945801e-01,2.308096140623092651e-01,1.149000048637390137e+00,-2.251499891281127930e+00,-1.986951947212219238e+00,5.056259632110595703e-01,1.348521471023559570e+00,1.190805211663246155e-01,-1.100231483578681946e-01
-2.761038020253181458e-02,2.074199914932250977e-01,8.822401762008666992e-01,2.245388776063919067e-01,7.623551040887832642e-02,-6.870611906051635742e-01,6.868168711662292480e-01,-7.589576840400695801e-01,3.899878263473510742e-01,1.852307468652725220e-01,9.394026994705200195e-01,-2.945180237293243408e-01,-1.046760082244873047e-01,-1.096245288848876953e+00,-7.631857991218566895e-01,9.949004650115966797e-02,7.979834079742431641e-01,-4.131889343261718750e-01,2.223127335309982300e-01,2.453871518373489380e-01,4.868953526020050049e-01,4.685467183589935303e-01,-9.417834877967834473e-01,2.007751315832138062e-01,-6.229651570320129395e-01,1.318612545728683472e-01,-6.496887207031250000e-01,-2.140551507472991943e-01,2.317551523447036743e-01,1.149000048637390137e+00,-2.251499891281127930e+00,-1.978204131126403809e+00,5.575611591339111328e-01,1.287682771682739258e+00,1.657292246818542480e-01,-5.673564225435256958e-02
-4.827461764216423035e-02,1.950740069150924683e-01,9.257801771163940430e-01,2.449458092451095581e-01,4.985540732741355896e-02,-7.172835469245910645e-01,6.504001021385192871e-01,-7.598527073860168457e-01,3.211340606212615967e-01,1.685404777526855469e-01,9.354652762413024902e-01,-4.177238419651985168e-02,-1.454557627439498901e-01,-9.515097737312316895e-01,-7.165042757987976074e-01,7.319100201129913330e-02,5.189096331596374512e-01,-1.014765799045562744e-01,2.617998719215393066e-01,2.842777073383331299e-01,4.767439067363739014e-01,4.624496400356292725e-01,-8.584365248680114746e-01,2.169702202081680298e-01,-5.960404276847839355e-01,1.337076574563980103e-01,-6.849772334098815918e-01,-2.187599837779998779e-01,2.050642669200897217e-01,1.149000048637390137e+00,-2.251499891281127930e+00,-1.913073778152465820e+00,5.736144185066223145e-01,1.165834069252014160e+00,1.845423281192779541e-01,1.944044046103954315e-02
-6.327072530984878540e-02,1.763548403978347778e-01,9.790380001068115234e-01,2.567411959171295166e-01,2.655588462948799133e-02,-7.341235876083374023e-01,6.280456185340881348e-01,-7.954640388488769531e-01,3.069093525409698486e-01,1.897835135459899902e-01,1.076272010803222656e+00,2.859294787049293518e-02,-1.293133646249771118e-01,-8.690333962440490723e-01,-7.644536495208740234e-01,-1.370553974993526936e-03,4.397205114364624023e-01,2.054568827152252197e-01,2.617999911308288574e-01,2.800329923629760742e-01,4.658711552619934082e-01,4.666596353054046631e-01,-7.801550626754760742e-01,2.543277144432067871e-01,-5.470105409622192383e-01,1.009248867630958557e-01,-7.136373519897460938e-01,-2.228516042232513428e-01,1.807449460029602051e-01,1.149000048637390137e+00,-2.251499891281127930e+00,-1.837929368019104004e+00,5.865011811256408691e-01,1.063252687454223633e+00,1.857741922140121460e-01,8.071390539407730103e-02
-7.531751692295074463e-02,1.788261383771896362e-01,1.032709240913391113e+00,2.859503626823425293e-01,-6.334634497761726379e-03,-7.464567422866821289e-01,6.008282303810119629e-01,-1.045536041259765625e+00,2.449236214160919189e-01,1.867572367191314697e-01,1.522457957267761230e+00,2.576868794858455658e-02,-1.002186462283134460e-01,-8.453544974327087402e-01,-7.576184272766113281e-01,-7.513437420129776001e-02,4.920542240142822266e-01,3.657479584217071533e-01,2.617999911308288574e-01,2.615676224231719971e-01,4.461913704872131348e-01,4.726724624633789062e-01,-6.448056697845458984e-01,2.993955314159393311e-01,-4.446459412574768066e-01,-2.670986019074916840e-02,-8.273490667343139648e-01,-2.270096838474273682e-01,1.562207192182540894e-01,1.149000048637390137e+00,-2.251499891281127930e+00,-1.696736335754394531e+00,6.106794476509094238e-01,9.340414404869079590e-01,1.625635027885437012e-01,1.230432465672492981e-01
-8.700734376907348633e-02,1.619704812765121460e-01,1.062929987907409668e+00,2.879010438919067383e-01,-1.816849969327449799e-02,-7.577621936798095703e-01,5.853028297424316406e-01,-1.163995146751403809e+00,2.517248392105102539e-01,1.913280636072158813e-01,1.734909296035766602e+00,-2.676502615213394165e-02,-7.885651290416717529e-02,-8.079109191894531250e-01,-7.415263056755065918e-01,-9.225058555603027344e-02,5.517634749412536621e-01,4.082264304161071777e-01,2.617999911308288574e-01,2.395250052213668823e-01,4.403102695941925049e-01,4.760586917400360107e-01,-5.767853260040283203e-01,3.377754688262939453e-01,-3.622073829174041748e-01,-9.117723256349563599e-02,-8.558069467544555664e-01,-2.334229797124862671e-01,1.468933522701263428e-01,1.149000048637390137e+00,-2.251499891281127930e+00,-1.622223019599914551e+00,6.251042485237121582e-01,8.854265809059143066e-01,1.628317087888717651e-01,1.535590738058090210e-01
-9.384655207395553589e-02,1.507322937250137329e-01,1.082874178886413574e+00,2.829470634460449219e-01,-3.702814504504203796e-02,-7.678881883621215820e-01,5.735133886337280273e-01,-1.283943772315979004e+00,2.692610323429107666e-01,2.289659231901168823e-01,1.946812629699707031e+00,-1.128190085291862488e-01,-5.748482048511505127e-02,-7.517213225364685059e-01,-7.337443232536315918e-01,-1.324812322854995728e-01,6.029984951019287109e-01,4.019813835620880127e-01,2.617999911308288574e-01,2.115816324949264526e-01,4.342580735683441162e-01,4.811139106750488281e-01,-5.226494073867797852e-01,3.872151076793670654e-01,-2.679870128631591797e-01,-1.667445152997970581e-01,-8.802271485328674316e-01,-2.465872317552566528e-01,1.469209641218185425e-01,1.149000048637390137e+00,-2.234288930892944336e+00,-1.561876058578491211e+00,6.700271964073181152e-01,8.394412398338317871e-01,1.659464687108993530e-01,1.627692133188247681e-01
-9.958517551422119141e-02,1.433084011077880859e-01,1.090926527976989746e+00,2.695950865745544434e-01,-7.260381430387496948e-02,-7.739056348800659180e-01,5.684340000152587891e-01,-1.325977325439453125e+00,2.787380218505859375e-01,2.818710207939147949e-01,2.093184947967529297e+00,-1.618279367685317993e-01,-2.999535389244556427e-02,-6.483007669448852539e-01,-7.579020261764526367e-01,-1.465946137905120850e-01,5.972580909729003906e-01,3.923522531986236572e-01,2.617999911308288574e-01,1.691067665815353394e-01,4.315368831157684326e-01,4.858208596706390381e-01,-4.469934105873107910e-01,4.281033873558044434e-01,-2.049918025732040405e-01,-2.408676594495773315e-01,-8.746591806411743164e-01,-2.460096180438995361e-01,1.439828425645828247e-01,1.149000048637390137e+00,-2.090994358062744141e+00,-1.437091588973999023e+00,6.411840319633483887e-01,7.603200078010559082e-01,1.274766772985458374e-01,2.095254659652709961e-01
-1.018881276249885559e-01,1.381838917732238770e-01,1.087819218635559082e+00,2.189562916755676270e-01,-1.240013241767883301e-01,-7.894085049629211426e-01,5.599250197410583496e-01,-1.342686891555786133e+00,2.664795815944671631e-01,4.314252138137817383e-01,2.324728488922119141e+00,-1.753835380077362061e-01,-1.480166614055633545e-02,-4.246475398540496826e-01,-7.434668540954589844e-01,-1.776943802833557129e-01,4.985332787036895752e-01,2.835561335086822510e-01,2.617999911308288574e-01,1.675355434417724609e-01,4.330158531665802002e-01,4.905953407287597656e-01,-3.993135690689086914e-01,5.033149123191833496e-01,-1.917105913162231445e-01,-3.200547695159912109e-01,-9.149593710899353027e-01,-2.541628777980804443e-01,1.662356555461883545e-01,1.149000048637390137e+00,-1.869602560997009277e+00,-1.296020746231079102e+00,6.366527676582336426e-01,6.923087239265441895e-01,1.292117238044738770e-01,2.245060652494430542e-01
-1.101126745343208313e-01,1.152776777744293213e-01,1.074089169502258301e+00,1.521025002002716064e-01,-1.179823577404022217e-01,-8.205029964447021484e-01,5.382562875747680664e-01,-1.317738294601440430e+00,2.860060930252075195e-01,4.208863377571105957e-01,2.444694280624389648e+00,-3.463282585144042969e-01,-2.089892281219363213e-03,-1.602318584918975830e-01,-6.026261448860168457e-01,-2.838645577430725098e-01,3.223893046379089355e-01,1.419105678796768188e-01,2.617995142936706543e-01,4.261684715747833252e-01,2.920431196689605713e-01,3.238697648048400879e-01,-3.958950340747833252e-01,7.697473168373107910e-01,-2.363374233245849609e-01,-3.404735922813415527e-01,-8.715701699256896973e-01,-2.940182387828826904e-01,1.888245046138763428e-01,5.574311017990112305e-01,-1.193192839622497559e+00,-5.565503239631652832e-01,5.231929421424865723e-01,4.867900907993316650e-01,7.679256796836853027e-02,1.965977251529693604e-01
-1.189977377653121948e-01,1.132090538740158081e-01,1.068126678466796875e+00,1.308455169200897217e-01,-1.251709163188934326e-01,-8.535801172256469727e-01,4.884799718856811523e-01,-1.294132471084594727e+00,2.643278241157531738e-01,4.254941344261169434e-01,2.314893722534179688e+00,-3.280107676982879639e-01,-2.570130862295627594e-02,-1.018851548433303833e-01,-5.223996043205261230e-01,-2.795767486095428467e-01,2.405069917440414429e-01,8.492111414670944214e-02,2.311970740556716919e-01,4.292989373207092285e-01,-3.208500519394874573e-02,3.379766345024108887e-01,-3.862753212451934814e-01,1.292100429534912109e+00,-1.396650671958923340e-01,-2.733760476112365723e-01,-8.700887560844421387e-01,-3.644164800643920898e-01,2.552687525749206543e-01,-2.738742530345916748e-01,-5.694448351860046387e-01,1.936891973018646240e-01,1.029779195785522461e+00,2.792657613754272461e-01,2.225400693714618683e-02,-1.270346809178590775e-02
-1.288683563470840454e-01,9.785604476928710938e-02,1.066310167312622070e+00,1.261433511972427368e-01,-1.239048764109611511e-01,-8.740284442901611328e-01,4.525590538978576660e-01,-1.210975408554077148e+00,1.479123383760452271e-01,4.101871550083160400e-01,1.992697358131408691e+00,-3.077580034732818604e-01,-4.910895228385925293e-02,-7.521490752696990967e-02,-4.804115593433380127e-01,-2.906543612480163574e-01,2.041728198528289795e-01,6.294018775224685669e-02,2.131582498550415039e-01,4.700345396995544434e-01,-2.158144675195217133e-02,3.102908134460449219e-01,-3.886804282665252686e-01,1.307688355445861816e+00,-3.734884038567543030e-02,-2.089487463235855103e-01,-8.221351504325866699e-01,-3.810301423072814941e-01,2.591824531555175781e-01,-2.642599940299987793e-01,-5.643109679222106934e-01,2.023364603519439697e-01,1.108853578567504883e+00,2.685314416885375977e-01,3.295291215181350708e-02,2.735763601958751678e-02
-1.430300772190093994e-01,8.611749857664108276e-02,1.064189672470092773e+00,1.230444386601448059e-01,-1.167482137680053711e-01,-8.948066830635070801e-01,4.129781126976013184e-01,-1.105528831481933594e+00,5.447196587920188904e-02,3.953038156032562256e-01,1.681901812553405762e+00,-2.597118616104125977e-01,-7.038461416959762573e-02,-7.065638154745101929e-02,-4.460179507732391357e-01,-2.786405682563781738e-01,1.796268373727798462e-01,8.998917788267135620e-02,2.279224246740341187e-01,5.129883885383605957e-01,1.211625151336193085e-02,3.208877444267272949e-01,-3.456120491027832031e-01,1.295166850090026855e+00,8.159389346837997437e-02,-1.156711950898170471e-01,-7.686442732810974121e-01,-4.154662787914276123e-01,2.933434844017028809e-01,-2.532589435577392578e-01,-5.728448033332824707e-01,1.809739768505096436e-01,1.136771559715270996e+00,2.604826986789703369e-01,9.087387472391128540e-03,2.703410014510154724e-02
-1.576647162437438965e-01,7.481043040752410889e-02,1.057157516479492188e+00,1.153478100895881653e-01,-8.779739588499069214e-02,-9.247531294822692871e-01,3.518779873847961426e-01,-9.003082513809204102e-01,-6.308028846979141235e-02,3.087678551673889160e-01,1.163682460784912109e+00,-1.844996809959411621e-01,-9.392559528350830078e-02,-9.423471242189407349e-02,-3.880498707294464111e-01,-2.679318189620971680e-01,1.886376589536666870e-01,7.072849571704864502e-02,2.218588441610336304e-01,5.730580687522888184e-01,6.818694621324539185e-02,3.163357973098754883e-01,-2.864505350589752197e-01,1.274352073669433594e+00,2.386292368173599243e-01,1.836127787828445435e-02,-6.888919472694396973e-01,-4.406821131706237793e-01,3.478511869907379150e-01,-2.324755936861038208e-01,-5.833010077476501465e-01,1.481350064277648926e-01,1.132209181785583496e+00,2.284400165081024170e-01,-2.880375087261199951e-02,1.779604330658912659e-02
-1.703054457902908325e-01,6.733082234859466553e-02,1.043742418289184570e+00,9.577337652444839478e-02,-5.355750396847724915e-02,-9.505710601806640625e-01,2.904715240001678467e-01,-6.609698534011840820e-01,-1.150331795215606689e-01,1.834443211555480957e-01,7.253568172454833984e-01,-1.372291147708892822e-01,-7.506207376718521118e-02,-1.330924034118652344e-01,-3.257035911083221436e-01,-2.589391469955444336e-01,2.247778624296188354e-01,3.163333609700202942e-02,1.954447031021118164e-01,6.028082370758056641e-01,1.381980478763580322e-01,3.244592249393463135e-01,-1.846663504838943481e-01,1.232849478721618652e+00,4.536423683166503906e-01,1.551899760961532593e-01,-6.240816712379455566e-01,-4.754492640495300293e-01,4.357246756553649902e-01,-2.230183184146881104e-01,-6.080896258354187012e-01,1.227457225322723389e-01,1.085646152496337891e+00,2.020348906517028809e-01,-8.997018635272979736e-02,-7.253135088831186295e-03
-1.789286881685256958e-01,5.991478636860847473e-02,1.025705575942993164e+00,7.596241682767868042e-02,-2.814031206071376801e-02,-9.696788191795349121e-01,2.305663973093032837e-01,-5.021285414695739746e-01,-1.139587461948394775e-01,7.234677672386169434e-02,4.841482937335968018e-01,-1.547663509845733643e-01,-5.017374455928802490e-02,-1.838009655475616455e-01,-2.735455632209777832e-01,-2.555406987667083740e-01,2.952778339385986328e-01,-4.325601086020469666e-02,1.497541069984436035e-01,5.814450979232788086e-01,1.991840600967407227e-01,3.391669988632202148e-01,-6.867270916700363159e-02,1.211753249168395996e+00,6.210560798645019531e-01,2.839960455894470215e-01,-5.767547488212585449e-01,-4.649506211280822754e-01,4.889034032821655273e-01,-2.303633987903594971e-01,-6.322419047355651855e-01,1.008087843656539917e-01,1.025262951850891113e+00,2.071490883827209473e-01,-1.337166875600814819e-01,-5.316281318664550781e-02
-1.825668811798095703e-01,5.337414890527725220e-02,1.004956126213073730e+00,6.411528587341308594e-02,-1.506828144192695618e-02,-9.832392930984497070e-01,1.700077205896377563e-01,-4.167018234729766846e-01,-1.024640947580337524e-01,-9.999629110097885132e-03,3.628944158554077148e-01,-1.883123070001602173e-01,-2.842376567423343658e-02,-2.144931852817535400e-01,-2.220143079757690430e-01,-2.075705230236053467e-01,3.216258883476257324e-01,-1.435637623071670532e-01,1.208093687891960144e-01,5.213310718536376953e-01,2.308405488729476929e-01,3.668236136436462402e-01,5.064497888088226318e-02,1.183477759361267090e+00,7.458671927452087402e-01,4.274128675460815430e-01,-5.355924963951110840e-01,-4.303508698940277100e-01,5.178828239440917969e-01,-2.514805197715759277e-01,-6.643927097320556641e-01,6.495933979749679565e-02,9.230713248252868652e-01,2.179812192916870117e-01,-1.676042973995208740e-01,-1.231896579265594482e-01
-1.818947941064834595e-01,4.479965567588806152e-02,9.894384145736694336e-01,5.571671575307846069e-02,-1.196916587650775909e-02,-9.933990836143493652e-01,9.955242276191711426e-02,-3.575786650180816650e-01,-9.587921947240829468e-02,-5.344624072313308716e-02,3.113041222095489502e-01,-2.086353302001953125e-01,-8.620668202638626099e-03,-2.296049147844314575e-01,-1.748869866132736206e-01,-1.444390267133712769e-01,3.063973188400268555e-01,-2.037836760282516479e-01,1.005510017275810242e-01,4.084508121013641357e-01,2.139431387186050415e-01,4.048399925231933594e-01,1.342711895704269409e-01,1.148450851440429688e+00,7.977490425109863281e-01,6.634815335273742676e-01,-5.725166797637939453e-01,-3.608760237693786621e-01,5.048080682754516602e-01,-2.515890896320343018e-01,-6.977868676185607910e-01,2.729528956115245819e-02,8.721498847007751465e-01,2.578567266464233398e-01,-1.967529952526092529e-01,-2.007869333028793335e-01
-1.828947514295578003e-01,3.563309460878372192e-02,9.836997985839843750e-01,4.963501915335655212e-02,-1.132118422538042068e-02,-9.969357848167419434e-01,5.939102545380592346e-02,-3.221013545989990234e-01,-7.575618475675582886e-02,-4.735570400953292847e-02,2.938941717147827148e-01,-2.175472974777221680e-01,3.528375411406159401e-03,-2.322172522544860840e-01,-1.584561765193939209e-01,-1.109572350978851318e-01,2.911737561225891113e-01,-1.963394880294799805e-01,1.058544516563415527e-01,3.101808726787567139e-01,1.701011061668395996e-01,4.233975410461425781e-01,1.481375843286514282e-01,1.123836159706115723e+00,7.886734604835510254e-01,8.201668858528137207e-01,-6.246405243873596191e-01,-3.047761023044586182e-01,4.440096318721771240e-01,-2.468340545892715454e-01,-7.174241542816162109e-01,-1.307294797152280807e-02,8.475496172904968262e-01,2.986209094524383545e-01,-2.008127272129058838e-01,-2.250671535730361938e-01
-1.878177523612976074e-01,4.225316271185874939e-02,9.801046252250671387e-01,2.744892053306102753e-02,-1.265247445553541183e-02,-9.993523955345153809e-01,-1.952726952731609344e-02,-1.669863760471343994e-01,-1.321945153176784515e-02,5.332892015576362610e-02,1.786719113588333130e-01,-2.386288046836853027e-01,-4.023160785436630249e-03,-1.408453732728958130e-01,-1.247776672244071960e-01,-2.688467130064964294e-02,1.621857881546020508e-01,-1.480051428079605103e-01,1.721510887145996094e-01,8.025307953357696533e-02,5.358315259218215942e-02,4.114631712436676025e-01,1.229276731610298157e-01,1.093684911727905273e+00,6.028189659118652344e-01,1.125221967697143555e+00,-6.800667047500610352e-01,-1.334971338510513306e-01,2.119168192148208618e-01,-1.778585165739059448e-01,-8.090054988861083984e-01,-7.318388670682907104e-02,8.461855649948120117e-01,3.935690820217132568e-01,-1.728966683149337769e-01,-2.297488749027252197e-01
-1.872343569993972778e-01,3.443678840994834900e-02,9.827666282653808594e-01,1.484055537730455399e-02,-7.257711142301559448e-03,-9.985873699188232422e-01,-5.050101131200790405e-02,-1.135242357850074768e-01,1.690908335149288177e-02,1.169697120785713196e-01,1.543003469705581665e-01,-2.169336080551147461e-01,-2.632893249392509460e-02,-1.204385980963706970e-01,-1.240038797259330750e-01,-1.999118924140930176e-02,1.419485360383987427e-01,-1.194820702075958252e-01,1.817882061004638672e-01,-1.547853089869022369e-02,5.301719065755605698e-03,3.922941684722900391e-01,4.502407088875770569e-02,1.102977871894836426e+00,4.823413789272308350e-01,1.198621153831481934e+00,-6.165567040443420410e-01,-1.027576774358749390e-01,1.365545094013214111e-01,-1.660706996917724609e-01,-8.819144964218139648e-01,-5.596357211470603943e-02,8.622996211051940918e-01,3.511023819446563721e-01,-1.364277005195617676e-01,-2.034408152103424072e-01
-1.870786100625991821e-01,2.854993939399719238e-02,9.853570461273193359e-01,7.348940125666558743e-04,-1.708826865069568157e-03,-9.964042901992797852e-01,-8.470574021339416504e-02,-6.681763380765914917e-02,4.431053251028060913e-02,1.840493828058242798e-01,1.427804380655288696e-01,-2.126535326242446899e-01,-3.524089977145195007e-02,-1.086595058441162109e-01,-1.338571012020111084e-01,1.495974976569414139e-02,1.251520812511444092e-01,-1.025821194052696228e-01,1.977835893630981445e-01,-1.460926085710525513e-01,-4.201352223753929138e-02,3.491644561290740967e-01,-6.089954450726509094e-02,1.088324069976806641e+00,3.610239624977111816e-01,1.252103090286254883e+00,-6.002754569053649902e-01,-9.091475605964660645e-02,9.650868922472000122e-02,-1.543998569250106812e-01,-9.623338580131530762e-01,-6.246754899621009827e-02,8.498415350914001465e-01,3.485454916954040527e-01,-1.289430856704711914e-01,-2.097126990556716919e-01
-1.879365444183349609e-01,2.594052255153656006e-02,9.859886765480041504e-01,-9.220002102665603161e-04,1.808325015008449554e-02,-9.903811812400817871e-01,-1.371758282184600830e-01,-4.037710372358560562e-03,1.025853455066680908e-01,3.107698559761047363e-01,1.020453274250030518e-01,-2.529529333114624023e-01,-6.002720072865486145e-02,-1.044548451900482178e-01,-1.342893242835998535e-01,5.632790923118591309e-02,1.039789542555809021e-01,-6.746220588684082031e-02,2.262865453958511353e-01,-3.097305595874786377e-01,-1.098168864846229553e-01,2.881789803504943848e-01,-2.885919213294982910e-01,1.112432599067687988e+00,1.131488829851150513e-01,1.339744687080383301e+00,-3.693890869617462158e-01,-1.147307604551315308e-01,6.743799895048141479e-02,-2.157523483037948608e-01,-1.219387412071228027e+00,4.239747673273086548e-02,9.374484419822692871e-01,1.581241786479949951e-01,-1.111307293176651001e-01,-1.003207862377166748e-01
-1.802822947502136230e-01,2.103029936552047729e-02,9.886917471885681152e-01,-1.571467379108071327e-03,2.578328736126422882e-02,-9.867578148841857910e-01,-1.601304560899734497e-01,-5.253198090940713882e-03,1.316517442464828491e-01,3.504580557346343994e-01,1.077350974082946777e-01,-2.386322915554046631e-01,-6.325533986091613770e-02,-1.397146731615066528e-01,-1.326666027307510376e-01,7.311854511499404907e-02,1.290238201618194580e-01,-4.492341727018356323e-02,2.328336685895919800e-01,-3.768492043018341064e-01,-1.324560642242431641e-01,2.759231925010681152e-01,-3.951301276683807373e-01,1.096599698066711426e+00,3.992226347327232361e-02,1.328196406364440918e+00,-3.511996567249298096e-01,-1.324671804904937744e-01,6.489584594964981079e-02,-2.487896382808685303e-01,-1.275358319282531738e+00,5.933250486850738525e-02,9.523946642875671387e-01,1.196110919117927551e-01,-1.101464256644248962e-01,-7.858947664499282837e-02
-1.830578297376632690e-01,1.795079000294208527e-02,9.899234175682067871e-01,-8.724635117687284946e-04,3.165799751877784729e-02,-9.825026392936706543e-01,-1.835363507270812988e-01,1.721640862524509430e-02,1.478160321712493896e-01,4.030811786651611328e-01,9.528391808271408081e-02,-2.429800927639007568e-01,-7.050336897373199463e-02,-1.446530073881149292e-01,-1.333267688751220703e-01,7.655557245016098022e-02,1.269216090440750122e-01,-3.890451043844223022e-02,2.420690208673477173e-01,-4.347516000270843506e-01,-1.405917704105377197e-01,2.425564229488372803e-01,-5.000190734863281250e-01,1.078442335128784180e+00,-5.016852915287017822e-02,1.304569840431213379e+00,-3.328579962253570557e-01,-1.488509327173233032e-01,6.497594714164733887e-02,-2.811166644096374512e-01,-1.332300305366516113e+00,7.550719380378723145e-02,9.673081040382385254e-01,8.855959028005599976e-02,-1.096417233347892761e-01,-4.807334393262863159e-02
-1.982701271772384644e-01,1.792888902127742767e-02,9.895890355110168457e-01,-2.119551645591855049e-03,3.821660578250885010e-02,-9.767822623252868652e-01,-2.107875198125839233e-01,7.482931762933731079e-02,1.539131999015808105e-01,4.809690415859222412e-01,7.050228863954544067e-02,-2.719641923904418945e-01,-9.249092638492584229e-02,-1.056880131363868713e-01,-1.388495713472366333e-01,6.889248639345169067e-02,9.440837800502777100e-02,-5.183561891317367554e-02,2.527932822704315186e-01,-5.053527355194091797e-01,-1.369894146919250488e-01,1.641790419816970825e-01,-6.538228988647460938e-01,1.048024058341979980e+00,-2.163610011339187622e-01,1.302297830581665039e+00,-2.673265337944030762e-01,-1.639606356620788574e-01,1.008054390549659729e-01,-3.116185367107391357e-01,-1.439506530761718750e+00,1.049282252788543701e-01,1.048283576965332031e+00,2.756153605878353119e-02,-1.067528352141380310e-01,-9.501649066805839539e-03
-1.892019659280776978e-01,9.675240144133567810e-03,9.918717145919799805e-01,-4.668682813644409180e-03,4.477545619010925293e-02,-9.708613157272338867e-01,-2.353757023811340332e-01,7.558396458625793457e-02,1.764623820781707764e-01,5.185725092887878418e-01,7.629951089620590210e-02,-2.508848607540130615e-01,-8.545564860105514526e-02,-1.457977145910263062e-01,-1.451403051614761353e-01,6.736948341131210327e-02,1.257639080286026001e-01,-2.347978949546813965e-02,2.578627467155456543e-01,-5.467236638069152832e-01,-1.377629786729812622e-01,1.511303037405014038e-01,-7.611996531486511230e-01,9.968889951705932617e-01,-3.062518835067749023e-01,1.268774151802062988e+00,-2.496017366647720337e-01,-1.848885118961334229e-01,1.164430454373359680e-01,-3.497479259967803955e-01,-1.471984982490539551e+00,1.110833212733268738e-01,1.067744612693786621e+00,1.231185253709554672e-02,-1.094547435641288757e-01,-8.500290103256702423e-03
-1.892880350351333618e-01,8.377519436180591583e-03,9.929219484329223633e-01,-5.507584195584058762e-03,4.860182106494903564e-02,-9.637115001678466797e-01,-2.624265253543853760e-01,9.738327562808990479e-02,1.898609250783920288e-01,5.757397413253784180e-01,7.237522304058074951e-02,-2.506366968154907227e-01,-9.291473776102066040e-02,-1.577351689338684082e-01,-1.534511148929595947e-01,4.404127597808837891e-02,1.286832988262176514e-01,-2.090018801391124725e-02,2.617442607879638672e-01,-5.860002636909484863e-01,-1.258747130632400513e-01,1.264426559209823608e-01,-8.638232946395874023e-01,9.405220150947570801e-01,-3.890396654605865479e-01,1.227731227874755859e+00,-2.387321740388870239e-01,-2.043662965297698975e-01,1.281656473875045776e-01,-3.840646445751190186e-01,-1.507833957672119141e+00,1.158605515956878662e-01,1.084305763244628906e+00,-3.261694684624671936e-03,-1.150935515761375427e-01,-1.480521541088819504e-02
-1.961904764175415039e-01,1.015523727983236313e-02,9.938740730285644531e-01,-5.392648745328187943e-03,4.996533691883087158e-02,-9.560360312461853027e-01,-2.889108657836914062e-01,1.271268278360366821e-01,1.950951516628265381e-01,6.334283351898193359e-01,6.832733750343322754e-02,-2.518833279609680176e-01,-9.843738377094268799e-02,-1.599941551685333252e-01,-1.646658182144165039e-01,1.606768183410167694e-02,1.229352653026580811e-01,-2.292344532907009125e-02,2.616917192935943604e-01,-6.225899457931518555e-01,-1.073530167341232300e-01,1.086244657635688782e-01,-9.549667239189147949e-01,8.648868203163146973e-01,-4.580445289611816406e-01,1.190576910972595215e+00,-2.306839525699615479e-01,-2.250515073537826538e-01,1.286289691925048828e-01,-4.091703891754150391e-01,-1.530271410942077637e+00,1.275987476110458374e-01,1.084889292716979980e+00,-1.742951385676860809e-02,-1.257735788822174072e-01,-3.187446622177958488e-03
-2.021400928497314453e-01,1.582501456141471863e-02,9.947031140327453613e-01,-5.705875344574451447e-03,4.755822941660881042e-02,-9.473488926887512207e-01,-3.166003227233886719e-01,1.553492993116378784e-01,1.956692337989807129e-01,6.839480996131896973e-01,6.907799094915390015e-02,-2.496825754642486572e-01,-1.014592722058296204e-01,-1.650835871696472168e-01,-1.740903109312057495e-01,-1.118790358304977417e-02,1.159045770764350891e-01,-3.322988003492355347e-02,2.616509795188903809e-01,-6.425367593765258789e-01,-8.287097513675689697e-02,1.023019254207611084e-01,-1.022501111030578613e+00,7.844570279121398926e-01,-5.072486996650695801e-01,1.158203601837158203e+00,-2.371314465999603271e-01,-2.394101172685623169e-01,1.227333918213844299e-01,-4.347268640995025635e-01,-1.528469681739807129e+00,1.341089606285095215e-01,1.078435063362121582e+00,-8.891201578080654144e-03,-1.359672695398330688e-01,2.690535737201571465e-03
-1.997748762369155884e-01,2.009817212820053101e-02,9.946468472480773926e-01,-8.937678299844264984e-03,4.438835382461547852e-02,-9.404828548431396484e-01,-3.368111848831176758e-01,1.745030879974365234e-01,1.945456266403198242e-01,7.185124754905700684e-01,6.688727438449859619e-02,-2.463240474462509155e-01,-1.022890806198120117e-01,-1.729908436536788940e-01,-1.836114972829818726e-01,-2.474148198962211609e-02,1.124179884791374207e-01,-3.453560173511505127e-02,2.606146931648254395e-01,-6.598084568977355957e-01,-5.836711823940277100e-02,1.034937724471092224e-01,-1.066328644752502441e+00,7.234712839126586914e-01,-5.420525670051574707e-01,1.142658829689025879e+00,-2.357872128486633301e-01,-2.437595129013061523e-01,1.166296228766441345e-01,-4.529190063476562500e-01,-1.525260925292968750e+00,1.412757188081741333e-01,1.070549368858337402e+00,-3.008963540196418762e-03,-1.399973779916763306e-01,-4.319257568567991257e-03
-1.966992914676666260e-01,3.011158853769302368e-02,9.943405389785766602e-01,-1.182988006621599197e-02,3.653173893690109253e-02,-9.306641221046447754e-01,-3.638540506362915039e-01,1.955125629901885986e-01,1.922539770603179932e-01,7.629064917564392090e-01,7.275158911943435669e-02,-2.397112697362899780e-01,-1.013004779815673828e-01,-1.784283220767974854e-01,-1.916201114654541016e-01,-4.895107820630073547e-02,9.820664674043655396e-02,-4.402148351073265076e-02,2.616507112979888916e-01,-6.834275722503662109e-01,-2.579801343381404877e-02,1.091918051242828369e-01,-1.092578887939453125e+00,6.404457092285156250e-01,-5.664061903953552246e-01,1.111652016639709473e+00,-2.293022125959396362e-01,-2.457982897758483887e-01,1.078248694539070129e-01,-4.647976160049438477e-01,-1.491030097007751465e+00,1.500885486602783203e-01,1.044533133506774902e+00,5.778613500297069550e-03,-1.423222124576568604e-01,-5.797442514449357986e-03
-2.007450014352798462e-01,4.038297757506370544e-02,9.944935441017150879e-01,-1.113800611346960068e-02,2.884875610470771790e-02,-9.210116267204284668e-01,-3.883056044578552246e-01,2.133046984672546387e-01,1.867771297693252563e-01,8.005576133728027344e-01,8.489942550659179688e-02,-2.323629856109619141e-01,-9.809258580207824707e-02,-1.861054301261901855e-01,-2.021839916706085205e-01,-7.242055982351303101e-02,9.428975731134414673e-02,-4.930102825164794922e-02,2.616883516311645508e-01,-7.060135006904602051e-01,6.370672956109046936e-03,1.260985583066940308e-01,-1.098857283592224121e+00,5.635362863540649414e-01,-5.986515879631042480e-01,1.077762603759765625e+00,-2.170002609491348267e-01,-2.436613589525222778e-01,9.004030376672744751e-02,-4.690996110439300537e-01,-1.442907571792602539e+00,1.623243242502212524e-01,1.011910796165466309e+00,2.135975100100040436e-02,-1.411706358194351196e-01,-1.061975769698619843e-02
-2.014731317758560181e-01,5.177477002143859863e-02,9.942203164100646973e-01,-1.063735969364643097e-02,2.065187692642211914e-02,-9.117156863212585449e-01,-4.101644158363342285e-01,2.277840226888656616e-01,1.824283897876739502e-01,8.307613730430603027e-01,9.427938610315322876e-02,-2.261685132980346680e-01,-9.402880072593688965e-02,-1.959433108568191528e-01,-2.097391784191131592e-01,-8.601061254739761353e-02,9.088250994682312012e-02,-4.953890666365623474e-02,2.615329623222351074e-01,-7.378202080726623535e-01,4.093289747834205627e-02,1.475537121295928955e-01,-1.098844885826110840e+00,4.850233495235443115e-01,-6.158173680305480957e-01,1.044713020324707031e+00,-2.035179436206817627e-01,-2.381552755832672119e-01,8.697023987770080566e-02,-4.658786058425903320e-01,-1.374078512191772461e+00,1.614076048135757446e-01,9.930315017700195312e-01,4.813515022397041321e-02,-1.341442167758941650e-01,-3.214362263679504395e-02
-1.955201923847198486e-01,6.020686402916908264e-02,9.941099286079406738e-01,-1.116831973195075989e-02,1.365932542830705643e-02,-9.027824401855468750e-01,-4.297355115413665771e-01,2.342323064804077148e-01,1.818095743656158447e-01,8.486087918281555176e-01,1.011508703231811523e-01,-2.175850570201873779e-01,-8.658717572689056396e-02,-2.079085260629653931e-01,-2.170212268829345703e-01,-1.014975011348724365e-01,9.209402650594711304e-02,-4.403796046972274780e-02,2.614719271659851074e-01,-7.629901766777038574e-01,7.512824982404708862e-02,1.798112988471984863e-01,-1.097457170486450195e+00,3.720505535602569580e-01,-6.336205601692199707e-01,1.032287478446960449e+00,-1.969203203916549683e-01,-2.227986901998519897e-01,8.027559518814086914e-02,-4.532161056995391846e-01,-1.264221906661987305e+00,1.628732085227966309e-01,9.684709906578063965e-01,9.352436661720275879e-02,-1.266673356294631958e-01,-4.179223254323005676e-02
-1.918131560087203979e-01,7.309341430664062500e-02,9.940071702003479004e-01,-9.264005348086357117e-03,5.298471543937921524e-03,-8.917711377143859863e-01,-4.523608982563018799e-01,2.437889277935028076e-01,1.803258508443832397e-01,8.624647855758666992e-01,1.063137352466583252e-01,-2.086771577596664429e-01,-7.900270074605941772e-02,-2.189467996358871460e-01,-2.207427173852920532e-01,-1.176590695977210999e-01,9.074515849351882935e-02,-4.674685373902320862e-02,2.583853006362915039e-01,-7.889706492424011230e-01,1.063586995005607605e-01,2.126459181308746338e-01,-1.088764786720275879e+00,2.653871476650238037e-01,-6.517889499664306641e-01,1.023849487304687500e+00,-1.914364099502563477e-01,-2.093808799982070923e-01,7.390064001083374023e-02,-4.282333552837371826e-01,-1.141705989837646484e+00,1.610672473907470703e-01,9.530690908432006836e-01,1.348976492881774902e-01,-1.191342622041702271e-01,-5.055146291851997375e-02
-1.882348507642745972e-01,8.248242735862731934e-02,9.937552809715270996e-01,-8.285219781100749969e-03,-4.886231035925447941e-04,-8.841578960418701172e-01,-4.671144783496856689e-01,2.505643963813781738e-01,1.793678253889083862e-01,8.663623929023742676e-01,1.091659441590309143e-01,-2.056347280740737915e-01,-7.777546346187591553e-02,-2.265202850103378296e-01,-2.217526286840438843e-01,-1.249696835875511169e-01,9.056159853935241699e-02,-4.596330597996711731e-02,2.516135871410369873e-01,-8.067561984062194824e-01,1.240100711584091187e-01,2.329810410737991333e-01,-1.083648324012756348e+00,1.889511495828628540e-01,-6.787612438201904297e-01,1.022740840911865234e+00,-1.693253964185714722e-01,-2.027625590562820435e-01,5.976537615060806274e-02,-3.923566937446594238e-01,-1.053710699081420898e+00,1.656592786312103271e-01,9.398728609085083008e-01,1.478065699338912964e-01,-1.160991042852401733e-01,-5.120601505041122437e-02
-1.874062865972518921e-01,8.942878991365432739e-02,9.935904145240783691e-01,-6.704827304929494858e-03,-7.570189423859119415e-03,-8.750751018524169922e-01,-4.838815033435821533e-01,2.562767863273620605e-01,1.741506159305572510e-01,8.735654950141906738e-01,1.110112741589546204e-01,-1.977337002754211426e-01,-7.774448394775390625e-02,-2.351466417312622070e-01,-2.277003824710845947e-01,-1.404044926166534424e-01,8.282967656850814819e-02,-3.741635754704475403e-02,2.542796432971954346e-01,-8.273653388023376465e-01,1.443189829587936401e-01,2.683959901332855225e-01,-1.067423462867736816e+00,6.741525232791900635e-02,-7.412941455841064453e-01,1.030099034309387207e+00,-1.383083760738372803e-01,-1.949587315320968628e-01,2.466291375458240509e-02,-3.480473160743713379e-01,-9.026238918304443359e-01,1.632034182548522949e-01,9.393063783645629883e-01,1.750822216272354126e-01,-1.096081286668777466e-01,-5.570985004305839539e-02
-1.881009936332702637e-01,9.726282954216003418e-02,9.931813478469848633e-01,-4.148376174271106720e-03,-1.579588465392589569e-02,-8.623725175857543945e-01,-5.060107707977294922e-01,2.639328837394714355e-01,1.668117940425872803e-01,8.620457649230957031e-01,1.208015009760856628e-01,-1.912131309509277344e-01,-8.629511296749114990e-02,-2.441273480653762817e-01,-2.263301759958267212e-01,-1.564415842294692993e-01,8.177137374877929688e-02,-4.257185384631156921e-02,2.462569326162338257e-01,-8.589074611663818359e-01,1.595275998115539551e-01,3.173808455467224121e-01,-1.033200025558471680e+00,-7.854974269866943359e-02,-8.271598815917968750e-01,1.045102715492248535e+00,-8.795407414436340332e-02,-1.881419718265533447e-01,-3.030780330300331116e-02,-3.015582859516143799e-01,-7.061575055122375488e-01,2.055510580539703369e-01,9.538510441780090332e-01,1.947346031665802002e-01,-1.071518585085868835e-01,-4.679280892014503479e-02
-1.832457184791564941e-01,1.067839562892913818e-01,9.925023913383483887e-01,-4.030511248856782913e-03,-2.026513405144214630e-02,-8.576742410659790039e-01,-5.137781500816345215e-01,2.701836526393890381e-01,1.740529388189315796e-01,8.309795856475830078e-01,1.252045482397079468e-01,-1.906875669956207275e-01,-8.516436070203781128e-02,-2.442867755889892578e-01,-2.193337529897689819e-01,-1.557988375425338745e-01,8.675497025251388550e-02,-5.820350721478462219e-02,2.303328663110733032e-01,-8.678331971168518066e-01,1.670027375221252441e-01,3.266332745552062988e-01,-1.006247162818908691e+00,-1.440724134445190430e-01,-9.057437181472778320e-01,1.043135046958923340e+00,-2.292450517416000366e-02,-1.987509578466415405e-01,-6.314744055271148682e-02,-2.546584606170654297e-01,-6.139616370201110840e-01,2.420221120119094849e-01,9.796972274780273438e-01,1.750728935003280640e-01,-1.080507859587669373e-01,-4.285938665270805359e-02
-1.850074231624603271e-01,1.174168363213539124e-01,9.924034476280212402e-01,-2.210310194641351700e-03,-2.534702047705650330e-02,-8.514190316200256348e-01,-5.238686203956604004e-01,2.760069370269775391e-01,1.748793870210647583e-01,8.043760061264038086e-01,1.361096948385238647e-01,-1.824480146169662476e-01,-8.162738382816314697e-02,-2.451730668544769287e-01,-2.181595116853713989e-01,-1.608126610517501831e-01,9.195414930582046509e-02,-7.456371188163757324e-02,2.300748378038406372e-01,-8.788475990295410156e-01,1.712644398212432861e-01,3.536276221275329590e-01,-9.773423075675964355e-01,-2.158830165863037109e-01,-9.920507073402404785e-01,1.031619191169738770e+00,4.672903567552566528e-02,-2.085346728563308716e-01,-1.199717372655868530e-01,-1.904346346855163574e-01,-4.969226121902465820e-01,2.695295810699462891e-01,1.006464004516601562e+00,1.967399269342422485e-01,-1.166237592697143555e-01,-3.546407446265220642e-02
-1.807369738817214966e-01,1.306615471839904785e-01,9.928213953971862793e-01,-2.559916116297245026e-03,-3.203672170639038086e-02,-8.466640710830688477e-01,-5.311563611030578613e-01,2.780236303806304932e-01,1.798229217529296875e-01,7.713723778724670410e-01,1.487344652414321899e-01,-1.654328852891921997e-01,-8.275622874498367310e-02,-2.463631629943847656e-01,-2.116017490625381470e-01,-1.419095695018768311e-01,1.005113050341606140e-01,-9.641882032155990601e-02,2.134122252464294434e-01,-8.775096535682678223e-01,1.706072986125946045e-01,3.639229536056518555e-01,-9.392013549804687500e-01,-2.410210222005844116e-01,-1.043396592140197754e+00,1.022325038909912109e+00,9.721106290817260742e-02,-2.178100049495697021e-01,-1.370141357183456421e-01,-1.356093436479568481e-01,-4.220493733882904053e-01,2.776571214199066162e-01,1.040342330932617188e+00,2.198310494422912598e-01,-1.277527064085006714e-01,-3.765242546796798706e-02
-1.765183955430984497e-01,1.424139738082885742e-01,9.933972954750061035e-01,-2.059580059722065926e-03,-3.631238639354705811e-02,-8.467100262641906738e-01,-5.308100581169128418e-01,2.799782454967498779e-01,1.846312433481216431e-01,7.683730125427246094e-01,1.556253284215927124e-01,-1.599032729864120483e-01,-8.076708763837814331e-02,-2.376983463764190674e-01,-2.051553875207901001e-01,-1.295070946216583252e-01,9.981492906808853149e-02,-1.183791011571884155e-01,2.024389803409576416e-01,-8.753464221954345703e-01,1.756701767444610596e-01,3.607543706893920898e-01,-9.160519838333129883e-01,-2.513303458690643311e-01,-1.072560310363769531e+00,9.946526885032653809e-01,1.190584972500801086e-01,-2.294076383113861084e-01,-1.490834057331085205e-01,-9.160084277391433716e-02,-3.855570852756500244e-01,2.904228866100311279e-01,1.057308673858642578e+00,2.089595049619674683e-01,-1.280020773410797119e-01,-2.996844612061977386e-02
-1.771228611469268799e-01,1.493396759033203125e-01,9.945267438888549805e-01,-3.971692174673080444e-03,-3.922174870967864990e-02,-8.463293313980102539e-01,-5.311991572380065918e-01,2.770715653896331787e-01,1.864373534917831421e-01,7.527217864990234375e-01,1.689812988042831421e-01,-1.357527375221252441e-01,-7.935325056314468384e-02,-2.272301465272903442e-01,-2.095164060592651367e-01,-1.292216330766677856e-01,9.916296601295471191e-02,-1.284984052181243896e-01,1.930571496486663818e-01,-8.511219024658203125e-01,1.756499260663986206e-01,3.552775979042053223e-01,-8.997621536254882812e-01,-2.365856021642684937e-01,-1.083379983901977539e+00,9.572570919990539551e-01,1.401662975549697876e-01,-2.379497438669204712e-01,-1.491555720567703247e-01,-4.094665125012397766e-02,-3.472210764884948730e-01,2.891600430011749268e-01,1.086971998214721680e+00,2.089820057153701782e-01,-1.250898689031600952e-01,-3.392560407519340515e-02
-1.757870614528656006e-01,1.503294557332992554e-01,9.958844780921936035e-01,-8.812337182462215424e-03,-4.171495884656906128e-02,-8.486436605453491211e-01,-5.272438526153564453e-01,2.689754068851470947e-01,1.886072456836700439e-01,7.449295520782470703e-01,1.844658553600311279e-01,-1.265240460634231567e-01,-7.735995203256607056e-02,-2.137676030397415161e-01,-2.213388830423355103e-01,-1.378666758537292480e-01,9.181173890829086304e-02,-1.290956884622573853e-01,1.884439438581466675e-01,-8.149448633193969727e-01,1.709012836217880249e-01,3.386625647544860840e-01,-8.890766501426696777e-01,-2.185866683721542358e-01,-1.086904525756835938e+00,8.916721343994140625e-01,1.458458602428436279e-01,-2.534690201282501221e-01,-1.506027281284332275e-01,-4.591079428791999817e-03,-3.175835907459259033e-01,2.763338685035705566e-01,1.105938434600830078e+00,2.090483903884887695e-01,-1.248147487640380859e-01,-2.880665287375450134e-02
-1.755178570747375488e-01,1.531832069158554077e-01,9.969830513000488281e-01,-1.260405033826828003e-02,-4.296268150210380554e-02,-8.504830002784729004e-01,-5.240935087203979492e-01,2.606041133403778076e-01,1.903095245361328125e-01,7.388197183609008789e-01,2.045688033103942871e-01,-1.130973175168037415e-01,-7.424055039882659912e-02,-1.985469758510589600e-01,-2.293884009122848511e-01,-1.489916592836380005e-01,8.643551915884017944e-02,-1.336367875337600708e-01,1.811279356479644775e-01,-7.815717458724975586e-01,1.620114743709564209e-01,3.270499110221862793e-01,-8.842217326164245605e-01,-2.002354115247726440e-01,-1.086986780166625977e+00,8.185192942619323730e-01,1.351332515478134155e-01,-2.668771743774414062e-01,-1.490388363599777222e-01,2.093533985316753387e-02,-3.015125691890716553e-01,2.731167674064636230e-01,1.114859223365783691e+00,1.986518204212188721e-01,-1.273674070835113525e-01,-2.819529548287391663e-02
-1.780921965837478638e-01,1.561420857906341553e-01,9.974076747894287109e-01,-1.401095837354660034e-02,-4.238147288560867310e-02,-8.526417613029479980e-01,-5.205857753753662109e-01,2.526131570339202881e-01,1.922222226858139038e-01,7.227547168731689453e-01,2.132429033517837524e-01,-1.004208102822303772e-01,-8.698809146881103516e-02,-1.842064708471298218e-01,-2.346784919500350952e-01,-1.579496562480926514e-01,8.288739621639251709e-02,-1.397190541028976440e-01,1.772715747356414795e-01,-7.476418614387512207e-01,1.609796583652496338e-01,3.218772113323211670e-01,-8.748812079429626465e-01,-1.761247813701629639e-01,-1.083147764205932617e+00,7.543343305587768555e-01,1.216757372021675110e-01,-2.789274454116821289e-01,-1.461385041475296021e-01,3.539621457457542419e-02,-2.952600419521331787e-01,2.796672284603118896e-01,1.127731442451477051e+00,1.808550953865051270e-01,-1.255084723234176636e-01,-2.633810043334960938e-02
-1.769547611474990845e-01,1.559899896383285522e-01,9.970331192016601562e-01,-1.768477447330951691e-02,-4.209922999143600464e-02,-8.538631796836853027e-01,-5.184907317161560059e-01,2.430589646100997925e-01,1.951441317796707153e-01,6.985567808151245117e-01,2.188087701797485352e-01,-9.727603942155838013e-02,-9.901154786348342896e-02,-1.731158792972564697e-01,-2.393476814031600952e-01,-1.671012043952941895e-01,7.858859747648239136e-02,-1.453931331634521484e-01,1.772232353687286377e-01,-6.964175701141357422e-01,1.563592553138732910e-01,3.102814555168151855e-01,-8.673948645591735840e-01,-1.336422562599182129e-01,-1.065314173698425293e+00,6.769007444381713867e-01,9.492501616477966309e-02,-2.911050915718078613e-01,-1.533163040876388550e-01,4.022520035505294800e-02,-2.998473346233367920e-01,2.956934273242950439e-01,1.118351936340332031e+00,1.611197143793106079e-01,-1.257920861244201660e-01,-6.898997351527214050e-03
