-6.388850975781679153e-03,-1.737451367080211639e-02,8.131690621376037598e-01,-1.060475036501884460e-01,3.821098059415817261e-02,7.719103693962097168e-01,6.256582736968994141e-01,-7.038502097129821777e-01,2.306341081857681274e-01,1.207058429718017578e-01,3.261718153953552246e-01,3.534287214279174805e-02,-7.594266533851623535e-02,-4.417099356651306152e-01,-1.056249812245368958e-02,-9.602686762809753418e-02,5.461509227752685547e-01,-2.605306804180145264e-01,-2.782678045332431793e-02,1.648613512516021729e-01,1.547172851860523224e-02,5.199999809265136719e-01,-6.066086888313293457e-01,6.210991144180297852e-01,-1.794840209186077118e-02,1.807072460651397705e-01,-1.248477026820182800e-01,-1.695787906646728516e-01,5.576515197753906250e-01,-3.889082074165344238e-01,-4.888761043548583984e-01,4.292429983615875244e-01,8.475165367126464844e-01,2.052977383136749268e-01,-3.959595412015914917e-02,-1.400509476661682129e-01
-1.408594008535146713e-02,-2.588371746242046356e-02,8.090981245040893555e-01,-1.237700432538986206e-01,7.305994629859924316e-02,7.967863678932189941e-01,5.869196653366088867e-01,-7.660368680953979492e-01,1.497947573661804199e-01,8.587060868740081787e-02,4.265311360359191895e-01,-1.460299082100391388e-02,-6.341622769832611084e-02,-5.735017657279968262e-01,-6.551049649715423584e-02,-5.561117082834243774e-02,5.830300450325012207e-01,-2.442591935396194458e-01,-1.938081550179049373e-04,5.666341260075569153e-02,-1.763566210865974426e-02,5.199999809265136719e-01,-7.572069764137268066e-01,5.760365128517150879e-01,-9.371851384639739990e-02,3.922801017761230469e-01,-1.592447161674499512e-01,-2.356318384408950806e-01,5.735039710998535156e-01,-5.646368861198425293e-01,-4.421127736568450928e-01,4.738266468048095703e-01,1.023622632026672363e+00,2.694443762302398682e-01,-1.412930637598037720e-01,-1.205993443727493286e-01
-2.399280481040477753e-02,-3.345851600170135498e-02,8.019108176231384277e-01,-1.202358305454254150e-01,8.684921264648437500e-02,8.166198730468750000e-01,5.577926039695739746e-01,-7.417110204696655273e-01,1.047406718134880066e-01,8.387771248817443848e-02,5.382819175720214844e-01,-1.204927787184715271e-01,-3.915583342313766479e-02,-6.603100299835205078e-01,-1.073039770126342773e-01,-1.110014505684375763e-02,6.147410869598388672e-01,-2.274026572704315186e-01,1.845791563391685486e-02,-3.287643194198608398e-02,-1.485590357333421707e-02,5.199999809265136719e-01,-7.717620134353637695e-01,4.519633650779724121e-01,-1.617926508188247681e-01,5.314202904701232910e-01,-1.830841451883316040e-01,-2.214756011962890625e-01,5.429823398590087891e-01,-6.186782717704772949e-01,-4.161483645439147949e-01,4.843386709690093994e-01,1.058524608612060547e+00,2.714840769767761230e-01,-1.421172618865966797e-01,-1.267369836568832397e-01
-3.599942475557327271e-02,-3.703026100993156433e-02,7.864575982093811035e-01,-1.169335618615150452e-01,9.368118643760681152e-02,8.339154720306396484e-01,5.311641693115234375e-01,-7.165535688400268555e-01,8.147723972797393799e-02,9.539949148893356323e-02,6.434424519538879395e-01,-2.525770962238311768e-01,9.563355706632137299e-03,-7.545852065086364746e-01,-1.419005393981933594e-01,3.688890114426612854e-02,6.880066990852355957e-01,-2.494573742151260376e-01,3.291764482855796814e-02,-1.300774067640304565e-01,7.598999887704849243e-03,5.199999809265136719e-01,-7.763217091560363770e-01,2.841776013374328613e-01,-2.825147509574890137e-01,8.369128108024597168e-01,-2.054257541894912720e-01,-1.621750593185424805e-01,4.528263807296752930e-01,-6.773620843887329102e-01,-3.915750384330749512e-01,4.994741976261138916e-01,1.083953619003295898e+00,2.634678483009338379e-01,-1.237900480628013611e-01,-1.377311050891876221e-01
-4.794653877615928650e-02,-3.772367909550666809e-02,7.670853137969970703e-01,-1.193361505866050720e-01,8.968576043844223022e-02,8.424189090728759766e-01,5.177313089370727539e-01,-7.006151676177978516e-01,6.125907599925994873e-02,5.867392197251319885e-02,7.503489255905151367e-01,-4.265534281730651855e-01,5.921535193920135498e-02,-8.639609217643737793e-01,-1.444002240896224976e-01,1.033329442143440247e-01,8.434768319129943848e-01,-3.136630952358245850e-01,2.729146368801593781e-02,-2.128183394670486450e-01,4.196508228778839111e-02,5.199999809265136719e-01,-8.300513625144958496e-01,1.011883616447448730e-01,-4.244473874568939209e-01,1.125318884849548340e+00,-1.633485257625579834e-01,-1.028483808040618896e-01,3.223645091056823730e-01,-7.370506525039672852e-01,-4.036755561828613281e-01,5.058901309967041016e-01,1.128444075584411621e+00,2.995216548442840576e-01,-1.101194173097610474e-01,-1.015623956918716431e-01
-5.741507187485694885e-02,-3.629373013973236084e-02,7.489014863967895508e-01,-1.216295063495635986e-01,8.520594984292984009e-02,8.506941199302673340e-01,5.042476058006286621e-01,-7.051405310630798340e-01,5.675857886672019958e-02,3.720883652567863464e-02,8.282350897789001465e-01,-5.275871753692626953e-01,8.234348148107528687e-02,-9.432326555252075195e-01,-1.614912897348403931e-01,1.344056874513626099e-01,9.307196736335754395e-01,-3.311200439929962158e-01,2.963765338063240051e-02,-2.441243976354598999e-01,7.274133712053298950e-02,5.199999809265136719e-01,-8.448935151100158691e-01,1.237435359507799149e-02,-4.967520236968994141e-01,1.189564228057861328e+00,-1.270025521516799927e-01,-8.681588619947433472e-02,2.698318958282470703e-01,-7.420683503150939941e-01,-4.374332427978515625e-01,4.719763398170471191e-01,1.178106069564819336e+00,3.602270781993865967e-01,-9.960947185754776001e-02,-9.865783900022506714e-02
-6.255847960710525513e-02,-3.158547356724739075e-02,7.385068535804748535e-01,-1.227451935410499573e-01,8.042404800653457642e-02,8.598157763481140137e-01,4.890628457069396973e-01,-7.334676980972290039e-01,5.638126656413078308e-02,1.933510601520538330e-02,9.135259985923767090e-01,-5.902198553085327148e-01,8.467774838209152222e-02,-1.010026335716247559e+00,-1.859543621540069580e-01,1.611618697643280029e-01,9.589422345161437988e-01,-3.367458581924438477e-01,3.567818179726600647e-02,-2.363068014383316040e-01,1.215337291359901428e-01,5.199999809265136719e-01,-8.417964577674865723e-01,-6.040587276220321655e-02,-5.430690646171569824e-01,1.109099149703979492e+00,-7.954128831624984741e-02,-1.010605767369270325e-01,2.637115120887756348e-01,-6.885346174240112305e-01,-5.337663888931274414e-01,3.708437383174896240e-01,1.235347270965576172e+00,4.262289404869079590e-01,-9.966357052326202393e-02,-1.087989732623100281e-01
-6.325011700391769409e-02,-2.398507483303546906e-02,7.289333343505859375e-01,-1.281460970640182495e-01,8.091689646244049072e-02,8.634874224662780762e-01,4.810618460178375244e-01,-7.640327215194702148e-01,6.012380123138427734e-02,-2.755016088485717773e-03,9.753470420837402344e-01,-6.266708374023437500e-01,8.002921938896179199e-02,-1.061842918395996094e+00,-1.891689449548721313e-01,1.769599467515945435e-01,9.809969663619995117e-01,-3.196007907390594482e-01,4.681801050901412964e-02,-2.143085151910781860e-01,1.506857126951217651e-01,5.199999809265136719e-01,-8.196984529495239258e-01,-6.850393116474151611e-02,-5.608047246932983398e-01,9.801650643348693848e-01,-5.675335973501205444e-02,-1.180985867977142334e-01,2.841073572635650635e-01,-6.220648884773254395e-01,-6.216236352920532227e-01,2.654109299182891846e-01,1.255005359649658203e+00,4.964417815208435059e-01,-1.088375821709632874e-01,-1.280263364315032959e-01
-6.158542260527610779e-02,-1.519935391843318939e-02,7.179516553878784180e-01,-1.270038932561874390e-01,7.926141470670700073e-02,8.659709095954895020e-01,4.771603941917419434e-01,-7.902472019195556641e-01,7.498878240585327148e-02,-1.727033406496047974e-02,1.029743909835815430e+00,-6.075080037117004395e-01,6.160765886306762695e-02,-1.117413163185119629e+00,-2.034771442413330078e-01,1.567181795835494995e-01,1.002281427383422852e+00,-2.961737513542175293e-01,5.524993315339088440e-02,-1.810626536607742310e-01,1.722456067800521851e-01,5.199999809265136719e-01,-7.568466663360595703e-01,-1.122032664716243744e-02,-5.157492756843566895e-01,7.064225077629089355e-01,-5.292045697569847107e-02,-1.615197509527206421e-01,3.530857861042022705e-01,-4.882001578807830811e-01,-7.352159023284912109e-01,8.476956188678741455e-02,1.224529385566711426e+00,6.150155663490295410e-01,-1.268238276243209839e-01,-1.567950993776321411e-01
-5.927953869104385376e-02,-3.913340158760547638e-03,7.094448804855346680e-01,-1.334587037563323975e-01,8.445549011230468750e-02,8.640007376670837402e-01,4.780781865119934082e-01,-8.118346929550170898e-01,7.912799715995788574e-02,-3.551585599780082703e-02,1.063598036766052246e+00,-5.956225395202636719e-01,5.834418535232543945e-02,-1.172537326812744141e+00,-1.962331086397171021e-01,1.350373476743698120e-01,1.033644676208496094e+00,-2.681151628494262695e-01,5.499372631311416626e-02,-1.599363088607788086e-01,1.775953918695449829e-01,5.199999809265136719e-01,-6.698704361915588379e-01,6.796532124280929565e-02,-4.307941496372222900e-01,4.599624872207641602e-01,-6.676312536001205444e-02,-1.915892809629440308e-01,4.302605986595153809e-01,-3.348403573036193848e-01,-8.374326825141906738e-01,-9.047344326972961426e-02,1.104108452796936035e+00,7.104923129081726074e-01,-1.763793826103210449e-01,-2.169413417577743530e-01
-5.832559615373611450e-02,1.156688854098320007e-02,7.082464694976806641e-01,-1.350612491369247437e-01,9.454882889986038208e-02,8.583055734634399414e-01,4.859326183795928955e-01,-8.103460073471069336e-01,9.906972944736480713e-02,-1.296406053006649017e-02,1.083412408828735352e+00,-5.739334821701049805e-01,8.688426017761230469e-02,-1.219272494316101074e+00,-1.904907673597335815e-01,7.807877659797668457e-02,1.055257439613342285e+00,-2.453774362802505493e-01,5.196774378418922424e-02,-1.584087908267974854e-01,1.745625138282775879e-01,5.199999809265136719e-01,-5.631808638572692871e-01,1.734815686941146851e-01,-3.424021005630493164e-01,2.449509352445602417e-01,-7.889615744352340698e-02,-2.089074701070785522e-01,4.822227656841278076e-01,-1.635152548551559448e-01,-9.201133847236633301e-01,-2.807385623455047607e-01,8.754213452339172363e-01,7.476865649223327637e-01,-2.457431405782699585e-01,-2.850907146930694580e-01
-5.887953937053680420e-02,3.022262267768383026e-02,7.105200290679931641e-01,-1.314280182123184204e-01,1.047327145934104919e-01,8.489526510238647461e-01,5.010360479354858398e-01,-7.853022217750549316e-01,1.239599287509918213e-01,1.803149469196796417e-02,1.102251052856445312e+00,-5.310294032096862793e-01,1.052600741386413574e-01,-1.230724334716796875e+00,-1.832351088523864746e-01,3.222597390413284302e-02,1.051184892654418945e+00,-2.256122827529907227e-01,5.295018479228019714e-02,-1.890002042055130005e-01,1.618700474500656128e-01,5.199999809265136719e-01,-4.475340545177459717e-01,2.714183330535888672e-01,-2.415661662817001343e-01,1.159018278121948242e-01,-1.038066744804382324e-01,-2.247081845998764038e-01,5.063033699989318848e-01,-4.685818031430244446e-02,-9.640275835990905762e-01,-4.163878858089447021e-01,5.890297293663024902e-01,7.082599997520446777e-01,-2.987141013145446777e-01,-3.139424920082092285e-01
-6.071613729000091553e-02,4.934457316994667053e-02,7.148917913436889648e-01,-1.239774152636528015e-01,1.102803871035575867e-01,8.399348855018615723e-01,5.166983604431152344e-01,-7.503171563148498535e-01,1.410022825002670288e-01,3.263083472847938538e-02,1.132838726043701172e+00,-4.685287475585937500e-01,8.492974936962127686e-02,-1.215600490570068359e+00,-1.738309413194656372e-01,1.917159371078014374e-02,1.024422883987426758e+00,-2.220792919397354126e-01,5.619983002543449402e-02,-2.277382463216781616e-01,1.510126590728759766e-01,5.199999809265136719e-01,-3.697049915790557861e-01,3.331393003463745117e-01,-1.832797974348068237e-01,9.900387376546859741e-02,-1.084045693278312683e-01,-2.166357189416885376e-01,5.140515565872192383e-01,-9.890476241707801819e-03,-9.765776991844177246e-01,-5.002661347389221191e-01,3.733049631118774414e-01,6.653636097908020020e-01,-3.230705261230468750e-01,-3.316679298877716064e-01
-6.291125714778900146e-02,6.364135444164276123e-02,7.130776643753051758e-01,-1.274299770593643188e-01,1.160347461700439453e-01,8.332628607749938965e-01,5.253290534019470215e-01,-4.623743891716003418e-01,1.860307902097702026e-01,-2.965679625049233437e-03,1.018708586692810059e+00,-4.703195691108703613e-01,-1.644118316471576691e-02,-1.174193143844604492e+00,-2.119840383529663086e-01,-2.220590040087699890e-02,9.445840120315551758e-01,-2.178053706884384155e-01,7.686148583889007568e-02,-3.900282979011535645e-01,1.617584824562072754e-01,5.199999809265136719e-01,-2.250882089138031006e-01,4.231782853603363037e-01,-8.119831979274749756e-02,1.826952546834945679e-01,-1.017830818891525269e-01,-2.011406570672988892e-01,4.931326210498809814e-01,-4.057826846837997437e-02,-9.999073147773742676e-01,-5.838795304298400879e-01,-6.717888265848159790e-02,4.984708726406097412e-01,-3.233724534511566162e-01,-3.252415060997009277e-01
-6.889297068119049072e-02,8.161644637584686279e-02,6.978792548179626465e-01,-1.317589282989501953e-01,1.165196001529693604e-01,8.212442398071289062e-01,5.427896976470947266e-01,-3.338587284088134766e-01,2.044733017683029175e-01,2.480011805891990662e-02,1.015592694282531738e+00,-4.623245596885681152e-01,-3.413723781704902649e-02,-1.192486166954040527e+00,-1.787074059247970581e-01,-2.156590111553668976e-02,1.003276705741882324e+00,-2.580735981464385986e-01,5.924843624234199524e-02,-4.809952080249786377e-01,1.884318590164184570e-01,5.199999809265136719e-01,-1.465287208557128906e-01,4.865198135375976562e-01,-9.400828927755355835e-02,3.642451167106628418e-01,-1.184444129467010498e-01,-1.746391206979751587e-01,4.188501536846160889e-01,-1.690635383129119873e-01,-1.035887837409973145e+00,-5.511113405227661133e-01,-3.596970438957214355e-01,3.454546630382537842e-01,-3.046859204769134521e-01,-3.546541333198547363e-01
-7.487189024686813354e-02,9.417399019002914429e-02,6.888654232025146484e-01,-1.403143405914306641e-01,1.141818538308143616e-01,8.099437355995178223e-01,5.579117536544799805e-01,-2.354138195514678955e-01,2.076749950647354126e-01,8.802857995033264160e-02,1.040498018264770508e+00,-4.970247447490692139e-01,-2.631340175867080688e-02,-1.200506329536437988e+00,-1.228187829256057739e-01,4.998704884201288223e-03,1.028552174568176270e+00,-3.107480704784393311e-01,5.554651096463203430e-02,-5.827077627182006836e-01,2.304001003503799438e-01,5.199999809265136719e-01,-8.488681912422180176e-02,5.452098250389099121e-01,-2.211422473192214966e-01,5.918568372726440430e-01,-1.311973631381988525e-01,-1.300765275955200195e-01,2.545320093631744385e-01,-3.995984792709350586e-01,-1.064020037651062012e+00,-4.176416397094726562e-01,-5.868309140205383301e-01,3.017106950283050537e-01,-2.875342965126037598e-01,-3.515995144844055176e-01
-7.974155247211456299e-02,9.944895654916763306e-02,6.857305765151977539e-01,-1.409568786621093750e-01,1.121461018919944763e-01,8.019829392433166504e-01,5.695416927337646484e-01,-1.899274885654449463e-01,2.057848870754241943e-01,1.314509361982345581e-01,1.067968368530273438e+00,-5.268854498863220215e-01,-1.309218164533376694e-02,-1.205805897712707520e+00,-8.956532925367355347e-02,2.898520044982433319e-02,1.051874041557312012e+00,-3.403469324111938477e-01,4.892481490969657898e-02,-6.487815380096435547e-01,2.581217586994171143e-01,5.199999809265136719e-01,-5.050652846693992615e-02,5.721156597137451172e-01,-2.930659055709838867e-01,7.349439859390258789e-01,-1.045794188976287842e-01,-1.092981994152069092e-01,1.541835069656372070e-01,-5.648954510688781738e-01,-1.049823760986328125e+00,-2.690200209617614746e-01,-6.962793469429016113e-01,3.306898772716522217e-01,-2.748834788799285889e-01,-3.232502639293670654e-01
-8.058570325374603271e-02,9.301176667213439941e-02,6.836864948272705078e-01,-1.365614831447601318e-01,1.100302785634994507e-01,8.019300699234008789e-01,5.710976123809814453e-01,-1.768336892127990723e-01,2.020854353904724121e-01,1.646750271320343018e-01,1.083028554916381836e+00,-5.615373253822326660e-01,7.821189239621162415e-03,-1.207777857780456543e+00,-8.768735826015472412e-02,4.330474883317947388e-02,1.053767681121826172e+00,-3.321600556373596191e-01,5.634965375065803528e-02,-6.942402720451354980e-01,2.693744003772735596e-01,5.199999809265136719e-01,-3.973137587308883667e-02,5.824118852615356445e-01,-3.262444436550140381e-01,8.099600672721862793e-01,-7.671243697404861450e-02,-1.036396548151969910e-01,1.083031743764877319e-01,-6.237019896507263184e-01,-1.006698966026306152e+00,-1.718301922082901001e-01,-7.284528613090515137e-01,3.625583350658416748e-01,-2.745004594326019287e-01,-2.971088290214538574e-01
-8.303306996822357178e-02,9.159871190786361694e-02,6.813118457794189453e-01,-1.330980956554412842e-01,1.087593808770179749e-01,8.020754456520080566e-01,5.719539523124694824e-01,-1.831935644149780273e-01,2.039632201194763184e-01,1.986742764711380005e-01,1.095409750938415527e+00,-5.783337354660034180e-01,2.764933370053768158e-02,-1.205652236938476562e+00,-9.031330794095993042e-02,5.330271646380424500e-02,1.059100985527038574e+00,-3.105754852294921875e-01,7.397479563951492310e-02,-7.135120630264282227e-01,2.798119187355041504e-01,5.199999809265136719e-01,-3.759256005287170410e-02,5.974279642105102539e-01,-3.247581720352172852e-01,8.381078839302062988e-01,-5.935843288898468018e-02,-1.121096983551979065e-01,8.784776926040649414e-02,-6.077857017517089844e-01,-9.779925346374511719e-01,-1.103603914380073547e-01,-7.120277285575866699e-01,3.742675781250000000e-01,-2.653571069240570068e-01,-2.525732815265655518e-01
-7.868760824203491211e-02,8.399676531553268433e-02,6.783179640769958496e-01,-1.208905726671218872e-01,1.060675308108329773e-01,8.051329255104064941e-01,5.708731412887573242e-01,-2.032687813043594360e-01,2.195683866739273071e-01,2.353978306055068970e-01,1.107353091239929199e+00,-5.935494899749755859e-01,4.606290534138679504e-02,-1.204074144363403320e+00,-1.026191264390945435e-01,5.688604712486267090e-02,1.068758726119995117e+00,-2.382447868585586548e-01,1.075560003519058228e-01,-7.137869000434875488e-01,2.977865636348724365e-01,5.199999809265136719e-01,-4.295793175697326660e-02,6.428214907646179199e-01,-2.518015801906585693e-01,7.897863388061523438e-01,-4.000240191817283630e-02,-1.338553726673126221e-01,1.262443065643310547e-01,-4.228309094905853271e-01,-9.151226878166198730e-01,-8.621390163898468018e-02,-5.771763920783996582e-01,4.005145132541656494e-01,-2.362550497055053711e-01,-2.075017988681793213e-01
-7.912458479404449463e-02,7.828792929649353027e-02,6.825349330902099609e-01,-1.161183193325996399e-01,1.009129285812377930e-01,8.070757985115051270e-01,5.700541734695434570e-01,-1.918356418609619141e-01,2.171336412429809570e-01,2.357183992862701416e-01,1.090010643005371094e+00,-6.083260774612426758e-01,4.887240380048751831e-02,-1.192887187004089355e+00,-1.041118502616882324e-01,6.229097396135330200e-02,1.057565212249755859e+00,-1.796040385961532593e-01,1.285140961408615112e-01,-6.853470802307128906e-01,3.126060664653778076e-01,5.199999809265136719e-01,-7.464599609375000000e-02,6.756419539451599121e-01,-1.954979151487350464e-01,7.563023567199707031e-01,-6.420828402042388916e-02,-1.459043473005294800e-01,1.622699052095413208e-01,-3.270432054996490479e-01,-8.734099864959716797e-01,-6.221863627433776855e-02,-4.484391808509826660e-01,3.909867405891418457e-01,-2.189807593822479248e-01,-1.754716634750366211e-01
-7.096756994724273682e-02,6.990504264831542969e-02,6.875779032707214355e-01,-9.966766089200973511e-02,9.449233859777450562e-02,8.160414099693298340e-01,5.614392161369323730e-01,-1.658001542091369629e-01,2.330272197723388672e-01,2.571747601032257080e-01,1.061740517616271973e+00,-6.325836777687072754e-01,4.429702460765838623e-02,-1.166575551033020020e+00,-1.465441435575485229e-01,3.049951046705245972e-02,1.050692200660705566e+00,-1.269285082817077637e-01,1.402862966060638428e-01,-6.194623112678527832e-01,3.242019414901733398e-01,5.199999809265136719e-01,-1.664199978113174438e-01,7.342165708541870117e-01,-1.066578477621078491e-01,6.706592440605163574e-01,-1.278007775545120239e-01,-1.750030666589736938e-01,2.429969012737274170e-01,-2.459565550088882446e-01,-8.402522206306457520e-01,1.283210702240467072e-02,-8.782476931810379028e-02,3.912581205368041992e-01,-1.689333766698837280e-01,-1.544583886861801147e-01
-6.220568716526031494e-02,6.202214211225509644e-02,6.912562847137451172e-01,-8.550143986940383911e-02,8.914206176996231079e-02,8.211751580238342285e-01,5.571485757827758789e-01,-1.560518145561218262e-01,2.173744291067123413e-01,2.233446240425109863e-01,1.047656059265136719e+00,-6.419515609741210938e-01,2.165643125772476196e-02,-1.144350171089172363e+00,-1.818970292806625366e-01,-6.671701557934284210e-03,1.041528701782226562e+00,-8.206888288259506226e-02,1.322738379240036011e-01,-5.350714325904846191e-01,3.249844014644622803e-01,5.199999809265136719e-01,-2.962864339351654053e-01,7.890801429748535156e-01,-6.709942966699600220e-02,6.173062324523925781e-01,-1.788871437311172485e-01,-1.893411725759506226e-01,2.874185740947723389e-01,-3.053831458091735840e-01,-7.823011279106140137e-01,9.422115236520767212e-02,3.425833582878112793e-01,4.154036343097686768e-01,-1.186005696654319763e-01,-1.510607004165649414e-01
-6.741126626729965210e-02,6.522060185670852661e-02,7.017555832862854004e-01,-7.471860945224761963e-02,7.778109610080718994e-02,8.157156109809875488e-01,5.683091878890991211e-01,-2.301526963710784912e-01,2.445360273122787476e-01,2.222483158111572266e-01,1.071610450744628906e+00,-5.491252541542053223e-01,8.763514459133148193e-03,-1.111042857170104980e+00,-1.803975403308868408e-01,-2.416076697409152985e-02,1.053023219108581543e+00,-8.396834880113601685e-02,1.127430573105812073e-01,-4.691736698150634766e-01,3.153520226478576660e-01,5.199999809265136719e-01,-3.822749257087707520e-01,8.516450524330139160e-01,-7.867874205112457275e-02,6.017205119132995605e-01,-1.849155128002166748e-01,-1.829994320869445801e-01,2.816961407661437988e-01,-3.726963102817535400e-01,-7.390481829643249512e-01,1.310382634401321411e-01,6.194673776626586914e-01,4.385658204555511475e-01,-1.000939756631851196e-01,-1.255733370780944824e-01
-7.220334559679031372e-02,6.662231683731079102e-02,7.093848586082458496e-01,-5.830761417746543884e-02,6.796715408563613892e-02,8.177050352096557617e-01,5.686292052268981934e-01,-2.407492399215698242e-01,2.536665499210357666e-01,2.113831639289855957e-01,1.091518282890319824e+00,-4.984273016452789307e-01,-1.404120400547981262e-02,-1.073622107505798340e+00,-2.332306802272796631e-01,-7.173594087362289429e-02,1.073247671127319336e+00,-8.654616028070449829e-02,8.493365347385406494e-02,-3.925020694732666016e-01,3.107733726501464844e-01,5.199999809265136719e-01,-5.284692645072937012e-01,9.303334951400756836e-01,-1.048028916120529175e-01,5.601412653923034668e-01,-1.742122471332550049e-01,-1.801157742738723755e-01,2.807109057903289795e-01,-4.530974626541137695e-01,-7.174552679061889648e-01,1.370412856340408325e-01,9.594505429267883301e-01,4.713828563690185547e-01,-3.373013809323310852e-02,-8.129734545946121216e-02
-7.612136006355285645e-02,6.731647998094558716e-02,7.110677957534790039e-01,-5.286477133631706238e-02,5.966487154364585876e-02,8.196175694465637207e-01,5.673381090164184570e-01,-2.643280327320098877e-01,2.690470516681671143e-01,2.082703411579132080e-01,1.104679942131042480e+00,-5.181637406349182129e-01,6.069345399737358093e-04,-1.043976187705993652e+00,-2.525278627872467041e-01,-9.652625769376754761e-02,1.071968793869018555e+00,-1.159413233399391174e-01,8.400014787912368774e-02,-3.557739555835723877e-01,2.953023910522460938e-01,5.199999809265136719e-01,-6.195613741874694824e-01,9.942102432250976562e-01,-1.091421321034431458e-01,5.032314658164978027e-01,-1.481542438268661499e-01,-1.824560612440109253e-01,2.926843166351318359e-01,-4.548903405666351318e-01,-7.203186750411987305e-01,9.178976714611053467e-02,1.082028150558471680e+00,5.070663690567016602e-01,-2.582893520593643188e-02,-6.457158923149108887e-02
-7.930028438568115234e-02,6.643991917371749878e-02,7.139003276824951172e-01,-5.575627461075782776e-02,5.345109477639198303e-02,8.176201581954956055e-01,5.705536603927612305e-01,-2.923839390277862549e-01,2.801051139831542969e-01,2.029921263456344604e-01,1.088553190231323242e+00,-5.560406446456909180e-01,2.357811480760574341e-02,-1.026482343673706055e+00,-2.412131130695343018e-01,-1.079140678048133850e-01,1.048955202102661133e+00,-1.508799791336059570e-01,9.947245568037033081e-02,-3.383903503417968750e-01,2.704431116580963135e-01,5.199999809265136719e-01,-6.906310319900512695e-01,1.051147460937500000e+00,-1.004486829042434692e-01,4.384774863719940186e-01,-1.305493265390396118e-01,-1.888579875230789185e-01,3.319633901119232178e-01,-4.181489348411560059e-01,-7.195535302162170410e-01,3.540208190679550171e-02,1.099596619606018066e+00,5.420518517494201660e-01,-4.943625628948211670e-02,-7.593563944101333618e-02
-8.246626704931259155e-02,6.446849554777145386e-02,7.187591791152954102e-01,-6.210428476333618164e-02,5.045848339796066284e-02,8.143008947372436523e-01,5.749009251594543457e-01,-3.175870776176452637e-01,2.850050926208496094e-01,2.004959881305694580e-01,1.065702319145202637e+00,-5.668700933456420898e-01,3.415916115045547485e-02,-1.016734480857849121e+00,-2.312528342008590698e-01,-1.245794445276260376e-01,1.012357354164123535e+00,-1.787060946226119995e-01,1.214806884527206421e-01,-3.243280947208404541e-01,2.377327680587768555e-01,5.168400406837463379e-01,-7.412174344062805176e-01,1.100240588188171387e+00,-7.511179149150848389e-02,3.614558279514312744e-01,-9.437122195959091187e-02,-1.947348564863204956e-01,3.892435431480407715e-01,-3.446492552757263184e-01,-7.071309685707092285e-01,-4.297830164432525635e-02,1.051592826843261719e+00,5.648239254951477051e-01,-8.978992700576782227e-02,-1.130641773343086243e-01
-8.389998227357864380e-02,4.439515247941017151e-02,7.213562130928039551e-01,-6.652545183897018433e-02,4.640832543373107910e-02,8.082811832427978516e-01,5.831828117370605469e-01,-3.352637887001037598e-01,2.593904137611389160e-01,1.805136203765869141e-01,1.014875292778015137e+00,-6.276308298110961914e-01,5.177528411149978638e-02,-1.013477563858032227e+00,-2.204219102859497070e-01,-1.463629752397537231e-01,9.321925640106201172e-01,-1.341993957757949829e-01,1.552816182374954224e-01,-3.276508748531341553e-01,1.867885142564773560e-01,5.136286020278930664e-01,-7.697543501853942871e-01,1.153608202934265137e+00,-3.210728615522384644e-02,2.715530693531036377e-01,-3.413616865873336792e-02,-1.977683901786804199e-01,4.508415162563323975e-01,-2.437569797039031982e-01,-6.980630755424499512e-01,-1.182500571012496948e-01,9.628019928932189941e-01,5.634219050407409668e-01,-1.409691870212554932e-01,-1.391744464635848999e-01
-8.990389108657836914e-02,3.441612422466278076e-02,7.250987887382507324e-01,-6.251232326030731201e-02,4.640156403183937073e-02,8.063492774963378906e-01,5.862933993339538574e-01,-3.270313143730163574e-01,2.223045229911804199e-01,1.722894608974456787e-01,9.759607315063476562e-01,-6.358874440193176270e-01,5.634371936321258545e-02,-9.717525839805603027e-01,-2.344678044319152832e-01,-1.669040322303771973e-01,8.398495316505432129e-01,-7.933274656534194946e-02,1.701399832963943481e-01,-3.472642004489898682e-01,1.395989209413528442e-01,5.118010640144348145e-01,-7.887938022613525391e-01,1.171856760978698730e+00,-1.283346209675073624e-02,2.087193727493286133e-01,-1.786793209612369537e-02,-2.034424543380737305e-01,4.878992140293121338e-01,-1.766705960035324097e-01,-6.802432537078857422e-01,-1.590554863214492798e-01,9.001697301864624023e-01,5.756044387817382812e-01,-1.644402295351028442e-01,-1.470721065998077393e-01
-9.430185705423355103e-02,2.997220121324062347e-02,7.329564094543457031e-01,-5.864042416214942932e-02,4.736930504441261292e-02,8.038228154182434082e-01,5.900731682777404785e-01,-2.927028834819793701e-01,1.935601681470870972e-01,1.756485402584075928e-01,9.038592576980590820e-01,-6.166478395462036133e-01,5.416711047291755676e-02,-9.346044063568115234e-01,-2.547659277915954590e-01,-2.077183425426483154e-01,7.729474306106567383e-01,-5.221649259328842163e-02,1.665009707212448120e-01,-3.706156611442565918e-01,9.896003454923629761e-02,5.090450048446655273e-01,-8.073998093605041504e-01,1.183853030204772949e+00,1.117519196122884750e-02,1.552792191505432129e-01,-8.567715995013713837e-03,-2.166485190391540527e-01,5.206407904624938965e-01,-1.180581450462341309e-01,-6.595024466514587402e-01,-1.919697672128677368e-01,8.366793394088745117e-01,5.814694762229919434e-01,-1.883039176464080811e-01,-1.500474214553833008e-01
-9.711863100528717041e-02,2.805912308394908905e-02,7.411952614784240723e-01,-5.440445244312286377e-02,4.416391998529434204e-02,8.023661971092224121e-01,5.927041769027709961e-01,-2.389230430126190186e-01,1.751452088356018066e-01,1.785189956426620483e-01,8.061590194702148438e-01,-6.056331992149353027e-01,6.044813990592956543e-02,-8.982399106025695801e-01,-2.741242945194244385e-01,-2.573153674602508545e-01,7.292551398277282715e-01,4.530431702733039856e-03,1.509627550840377808e-01,-4.101794362068176270e-01,5.143225938081741333e-02,5.037388205528259277e-01,-8.221125602722167969e-01,1.187202692031860352e+00,3.946018591523170471e-02,6.247339770197868347e-02,1.652340218424797058e-02,-2.345125973224639893e-01,5.557214021682739258e-01,-3.431465849280357361e-02,-6.358286142349243164e-01,-2.357469052076339722e-01,7.190287113189697266e-01,5.837982892990112305e-01,-2.230489701032638550e-01,-1.462401300668716431e-01
-1.023069322109222412e-01,4.211742058396339417e-02,7.504202127456665039e-01,-5.505429580807685852e-02,4.112451896071434021e-02,7.973352670669555664e-01,5.996117591857910156e-01,-1.638950556516647339e-01,1.706635206937789917e-01,1.895819008350372314e-01,7.002195715904235840e-01,-5.702906847000122070e-01,5.880500748753547668e-02,-8.670523166656494141e-01,-2.985270023345947266e-01,-3.323861062526702881e-01,7.356166839599609375e-01,4.371626675128936768e-02,1.095285192131996155e-01,-4.425465762615203857e-01,1.880297809839248657e-02,4.979815781116485596e-01,-8.301767110824584961e-01,1.164175033569335938e+00,6.294362992048263550e-02,-2.181125804781913757e-02,3.414340317249298096e-02,-2.524711191654205322e-01,5.775417089462280273e-01,3.888921812176704407e-02,-6.247406005859375000e-01,-2.589506804943084717e-01,5.719923377037048340e-01,5.698277950286865234e-01,-2.448550611734390259e-01,-1.260222643613815308e-01
-1.064120978116989136e-01,4.349445924162864685e-02,7.633305788040161133e-01,-8.512391149997711182e-02,2.403735369443893433e-02,7.680332660675048828e-01,6.342720389366149902e-01,-1.131968274712562561e-01,2.151755988597869873e-01,1.718145012855529785e-01,5.741751790046691895e-01,-5.465443730354309082e-01,3.990873694419860840e-02,-8.821517229080200195e-01,-2.808664441108703613e-01,-3.538502156734466553e-01,9.421401023864746094e-01,-4.600589722394943237e-02,1.150777786970138550e-01,-4.172298908233642578e-01,6.036093458533287048e-02,4.865258634090423584e-01,-8.050794005393981934e-01,1.124095559120178223e+00,1.352594047784805298e-01,-1.364010125398635864e-01,8.764958381652832031e-02,-2.551168501377105713e-01,5.973502993583679199e-01,1.431261301040649414e-01,-6.128323674201965332e-01,-3.121564686298370361e-01,2.683668434619903564e-01,5.356323719024658203e-01,-2.771299481391906738e-01,-1.102078109979629517e-01
-1.088908836245536804e-01,5.510828644037246704e-02,7.700496912002563477e-01,-9.641176462173461914e-02,2.093497291207313538e-02,7.528908848762512207e-01,6.507086753845214844e-01,-7.122710347175598145e-02,2.239204198122024536e-01,1.637085378170013428e-01,5.093374252319335938e-01,-5.039755702018737793e-01,4.459204897284507751e-02,-8.161372542381286621e-01,-2.669021487236022949e-01,-3.685544133186340332e-01,9.809951186180114746e-01,-8.666571229696273804e-02,9.367626905441284180e-02,-4.202251136302947998e-01,7.106024771928787231e-02,4.651378989219665527e-01,-7.884660363197326660e-01,1.101106882095336914e+00,1.467860490083694458e-01,-1.768104881048202515e-01,7.939533144235610962e-02,-2.716064155101776123e-01,5.804758667945861816e-01,1.709598898887634277e-01,-6.385478973388671875e-01,-3.369217216968536377e-01,1.350946426391601562e-01,5.244198441505432129e-01,-2.906620204448699951e-01,-8.181218802928924561e-02
-1.099047362804412842e-01,7.290662080049514771e-02,7.744021415710449219e-01,-1.002305299043655396e-01,2.665086649358272552e-02,7.319869399070739746e-01,6.733785867691040039e-01,-2.337208762764930725e-02,2.123138308525085449e-01,1.747277379035949707e-01,4.649972319602966309e-01,-4.470202624797821045e-01,5.306859686970710754e-02,-7.244364619255065918e-01,-2.555255293846130371e-01,-3.668609857559204102e-01,9.987319111824035645e-01,-1.404376029968261719e-01,6.987732648849487305e-02,-4.239401817321777344e-01,8.566918969154357910e-02,4.191504120826721191e-01,-7.579115033149719238e-01,1.091620802879333496e+00,1.669715940952301025e-01,-2.329831868410110474e-01,7.345853000879287720e-02,-2.847657799720764160e-01,5.523324012756347656e-01,2.123574167490005493e-01,-7.010452151298522949e-01,-3.901484310626983643e-01,-5.581735447049140930e-02,4.961766600608825684e-01,-3.018594980239868164e-01,-6.035548448562622070e-02
-1.090446934103965759e-01,9.768917411565780640e-02,7.747256159782409668e-01,-9.832672774791717529e-02,3.929543867707252502e-02,7.112694382667541504e-01,6.948981881141662598e-01,2.540363930165767670e-02,1.893195956945419312e-01,2.127303481101989746e-01,4.375463724136352539e-01,-3.888604640960693359e-01,6.181011721491813660e-02,-6.294029951095581055e-01,-2.585656046867370605e-01,-3.779434561729431152e-01,9.301358461380004883e-01,-1.858409345149993896e-01,5.160795152187347412e-02,-4.206101298332214355e-01,9.730825573205947876e-02,3.661514520645141602e-01,-7.044035196304321289e-01,1.135998129844665527e+00,1.712249517440795898e-01,-2.576007246971130371e-01,8.087061345577239990e-02,-2.904590964317321777e-01,5.298381447792053223e-01,2.311258614063262939e-01,-7.915500998497009277e-01,-4.577507972717285156e-01,-1.959467381238937378e-01,4.523023664951324463e-01,-3.166217505931854248e-01,-5.899223685264587402e-02
-1.070759221911430359e-01,1.263575255870819092e-01,7.725755572319030762e-01,-9.058033674955368042e-02,4.928613826632499695e-02,6.860681772232055664e-01,7.201920151710510254e-01,6.975208967924118042e-02,1.665853857994079590e-01,2.618938684463500977e-01,4.616053104400634766e-01,-3.225153684616088867e-01,6.278901547193527222e-02,-5.728334188461303711e-01,-2.612825930118560791e-01,-3.939339816570281982e-01,8.569818735122680664e-01,-2.177668213844299316e-01,4.181001335382461548e-02,-4.104718863964080811e-01,1.088457405567169189e-01,3.311231732368469238e-01,-6.002380847930908203e-01,1.223707914352416992e+00,1.851518303155899048e-01,-2.023487836122512817e-01,2.354403957724571228e-02,-2.943650186061859131e-01,5.023031830787658691e-01,2.450513839721679688e-01,-9.352493882179260254e-01,-5.513828396797180176e-01,-2.992210686206817627e-01,4.282817542552947998e-01,-3.113811314105987549e-01,-6.739906221628189087e-02
-1.050869300961494446e-01,1.382663249969482422e-01,7.711004018783569336e-01,-8.238711953163146973e-02,4.961784929037094116e-02,6.641403436660766602e-01,7.413960099220275879e-01,7.347989082336425781e-02,1.648720651865005493e-01,2.933723032474517822e-01,5.509927868843078613e-01,-2.671092152595520020e-01,4.634568467736244202e-02,-5.446847081184387207e-01,-2.541544139385223389e-01,-3.589661121368408203e-01,8.278762102127075195e-01,-2.714790403842926025e-01,3.772835060954093933e-02,-3.921605348587036133e-01,1.208062693476676941e-01,3.198249936103820801e-01,-4.685744345188140869e-01,1.283041954040527344e+00,2.082896083593368530e-01,-7.980436086654663086e-02,-6.260437518358230591e-02,-3.023926615715026855e-01,4.430361986160278320e-01,2.244997322559356689e-01,-1.109426617622375488e+00,-6.120240688323974609e-01,-3.305120468139648438e-01,3.886116445064544678e-01,-2.874695360660552979e-01,-8.512728661298751831e-02
-1.035959497094154358e-01,1.463025361299514771e-01,7.627149820327758789e-01,-7.059952616691589355e-02,4.975697770714759827e-02,6.262225508689880371e-01,7.748453021049499512e-01,1.652246154844760895e-02,1.650532484054565430e-01,3.153221011161804199e-01,7.750746607780456543e-01,-1.777863502502441406e-01,-4.571762867271900177e-03,-5.755159854888916016e-01,-2.472959160804748535e-01,-3.182735741138458252e-01,8.636668324470520020e-01,-3.272606134414672852e-01,1.633446663618087769e-02,-3.623536229133605957e-01,1.566265374422073364e-01,3.574118316173553467e-01,-1.836772561073303223e-01,1.438036084175109863e+00,2.319941669702529907e-01,3.451947271823883057e-01,-2.557682693004608154e-01,-2.534554600715637207e-01,1.923013478517532349e-01,2.063914537429809570e-01,-1.444582223892211914e+00,-7.057335972785949707e-01,-2.741382420063018799e-01,3.438984453678131104e-01,-2.052126526832580566e-01,-2.123725414276123047e-02
-1.074309870600700378e-01,1.692713350057601929e-01,7.501463890075683594e-01,-3.684207424521446228e-02,4.860467463731765747e-02,5.970724821090698242e-01,7.998654246330261230e-01,-1.298109889030456543e-01,1.686109304428100586e-01,3.288225829601287842e-01,1.162471175193786621e+00,-2.929243147373199463e-01,-5.912141874432563782e-03,-5.574082732200622559e-01,-2.851372659206390381e-01,-2.413789480924606323e-01,8.996093273162841797e-01,-3.164609968662261963e-01,4.041600972414016724e-02,-3.279283642768859863e-01,1.139415428042411804e-01,3.964170813560485840e-01,-6.225741468369960785e-03,1.432035684585571289e+00,2.679894566535949707e-01,4.965540170669555664e-01,-2.731849253177642822e-01,-2.285257428884506226e-01,7.499070465564727783e-02,1.595929712057113647e-01,-1.594162583351135254e+00,-7.223380208015441895e-01,-2.436435818672180176e-01,2.980514168739318848e-01,-1.870663911104202271e-01,-6.509495526552200317e-02
-1.127271428704261780e-01,1.684156954288482666e-01,7.486280798912048340e-01,-2.385006844997406006e-02,4.647564142942428589e-02,5.721341371536254883e-01,8.184947967529296875e-01,-3.133059144020080566e-01,1.985487937927246094e-01,3.245169520378112793e-01,1.379635453224182129e+00,-3.498553335666656494e-01,-7.802024018019437790e-03,-5.739176869392395020e-01,-2.687636613845825195e-01,-1.748314201831817627e-01,9.101529717445373535e-01,-3.115307688713073730e-01,6.203986331820487976e-02,-2.875445187091827393e-01,1.003489047288894653e-01,4.692710936069488525e-01,1.630126237869262695e-01,1.333992004394531250e+00,2.278567850589752197e-01,6.311115622520446777e-01,-2.231655865907669067e-01,-1.824673712253570557e-01,-2.264387346804141998e-02,8.805803209543228149e-02,-1.681958198547363281e+00,-7.027425765991210938e-01,-2.117819935083389282e-01,2.564235031604766846e-01,-1.719505190849304199e-01,-1.186895966529846191e-01
-1.184310913085937500e-01,1.819698661565780640e-01,7.478139400482177734e-01,-2.180096693336963654e-02,5.303803458809852600e-02,5.496878623962402344e-01,8.333995938301086426e-01,-5.277829170227050781e-01,2.491868585348129272e-01,3.030084967613220215e-01,1.495813012123107910e+00,-4.100720882415771484e-01,-3.708089701831340790e-03,-6.103282570838928223e-01,-2.767276167869567871e-01,-1.425359994173049927e-01,9.436791539192199707e-01,-2.901174128055572510e-01,6.606745719909667969e-02,-2.250391542911529541e-01,7.781235873699188232e-02,4.847539067268371582e-01,1.702259629964828491e-01,1.251501202583312988e+00,1.363127827644348145e-01,6.964202523231506348e-01,-1.584805250167846680e-01,-1.625775545835494995e-01,-3.059449978172779083e-02,9.905199520289897919e-03,-1.682204604148864746e+00,-6.268715262413024902e-01,-2.194311618804931641e-01,1.822128891944885254e-01,-1.779221147298812866e-01,-2.138154357671737671e-01
-1.225973516702651978e-01,1.772341728210449219e-01,7.411391735076904297e-01,-9.412847459316253662e-03,6.771261990070343018e-02,5.312440395355224609e-01,8.444561362266540527e-01,-8.001063466072082520e-01,3.619119822978973389e-01,2.501589059829711914e-01,1.442017078399658203e+00,-4.043938517570495605e-01,1.953076757490634918e-02,-6.663348078727722168e-01,-3.187671601772308350e-01,-1.396497786045074463e-01,9.670705795288085938e-01,-3.184299767017364502e-01,4.754010587930679321e-02,-1.224348470568656921e-01,1.178335305303335190e-02,5.148088932037353516e-01,-6.015941128134727478e-02,1.033161520957946777e+00,-7.416290789842605591e-02,8.420521020889282227e-01,-6.421245634555816650e-02,-1.607923805713653564e-01,7.910870760679244995e-02,-2.705503106117248535e-01,-1.518830180168151855e+00,-2.731794714927673340e-01,-1.579086929559707642e-01,5.925090238451957703e-02,-2.079036384820938110e-01,-2.751665711402893066e-01
-1.244191676378250122e-01,1.942759901285171509e-01,7.338896989822387695e-01,-8.290687575936317444e-03,7.517150044441223145e-02,5.173526406288146973e-01,8.524240255355834961e-01,-9.411463737487792969e-01,3.924707472324371338e-01,2.098290920257568359e-01,1.330674290657043457e+00,-3.905414044857025146e-01,1.351917628198862076e-02,-6.898738145828247070e-01,-3.281475901603698730e-01,-1.125806197524070740e-01,1.002468585968017578e+00,-3.635168075561523438e-01,5.635231733322143555e-02,-6.652053445577621460e-02,-4.109289497137069702e-02,5.199999809265136719e-01,-1.465227603912353516e-01,9.368858933448791504e-01,-1.434380412101745605e-01,8.989773988723754883e-01,-1.758008264005184174e-02,-1.653760820627212524e-01,1.376986950635910034e-01,-4.634301960468292236e-01,-1.410646677017211914e+00,-4.836893081665039062e-02,-8.384782075881958008e-02,-3.045294666662812233e-03,-2.177204042673110962e-01,-3.413675427436828613e-01
-1.247431561350822449e-01,1.986993104219436646e-01,7.191625237464904785e-01,-7.416183128952980042e-03,7.613157480955123901e-02,5.121041536331176758e-01,8.555105328559875488e-01,-1.048639059066772461e+00,3.999488651752471924e-01,1.548629701137542725e-01,1.007759332656860352e+00,-2.913335859775543213e-01,-9.369939565658569336e-03,-7.261158227920532227e-01,-3.327021002769470215e-01,-9.792253375053405762e-02,1.077683925628662109e+00,-4.310927987098693848e-01,5.215904489159584045e-02,2.154664881527423859e-02,-9.049989283084869385e-02,5.199999809265136719e-01,-3.508607149124145508e-01,7.352844476699829102e-01,-2.703807055950164795e-01,1.007621049880981445e+00,-3.043384104967117310e-02,-1.764287799596786499e-01,2.042372822761535645e-01,-6.176571249961853027e-01,-1.096741318702697754e+00,2.015816122293472290e-01,1.414356678724288940e-01,5.370549485087394714e-02,-2.334402799606323242e-01,-3.984513878822326660e-01
-1.250621527433395386e-01,2.111459076404571533e-01,7.010377645492553711e-01,-1.961397193372249603e-02,7.656478136777877808e-02,5.087861418724060059e-01,8.572571277618408203e-01,-1.085365176200866699e+00,4.013986885547637939e-01,8.571121096611022949e-02,8.030009865760803223e-01,-1.639458239078521729e-01,-5.637753009796142578e-02,-7.698782682418823242e-01,-3.039685487747192383e-01,-6.625807285308837891e-02,1.175684571266174316e+00,-4.939093291759490967e-01,6.540308892726898193e-02,8.124851435422897339e-02,-9.546414017677307129e-02,5.199999809265136719e-01,-4.136215150356292725e-01,6.441503763198852539e-01,-2.973537445068359375e-01,1.028174757957458496e+00,-5.652359500527381897e-02,-1.801643520593643188e-01,2.344108372926712036e-01,-6.887950897216796875e-01,-9.692705869674682617e-01,2.807740569114685059e-01,2.503304481506347656e-01,7.461724430322647095e-02,-2.422066926956176758e-01,-4.144150018692016602e-01
-1.258773207664489746e-01,2.263471633195877075e-01,6.803432106971740723e-01,-2.875395491719245911e-02,6.595533341169357300e-02,5.177427530288696289e-01,8.525054454803466797e-01,-1.123543858528137207e+00,3.814799487590789795e-01,2.655491419136524200e-02,6.823742985725402832e-01,-8.316995203495025635e-02,-8.243303745985031128e-02,-7.848933339118957520e-01,-2.906822860240936279e-01,-4.577089101076126099e-02,1.300706744194030762e+00,-5.617199540138244629e-01,2.913011983036994934e-02,1.463801115751266479e-01,-9.041672945022583008e-02,5.199999809265136719e-01,-5.176031589508056641e-01,5.173816084861755371e-01,-3.569729328155517578e-01,1.060047507286071777e+00,-9.530087560415267944e-02,-1.732715517282485962e-01,2.526847720146179199e-01,-7.600623369216918945e-01,-7.616409659385681152e-01,3.729745149612426758e-01,4.750693440437316895e-01,1.381635516881942749e-01,-2.268546670675277710e-01,-4.114618301391601562e-01
-1.247071325778961182e-01,2.438588291406631470e-01,6.629475951194763184e-01,-4.022550955414772034e-02,6.226603686809539795e-02,5.243561863899230957e-01,8.482661247253417969e-01,-1.150830507278442383e+00,3.584073185920715332e-01,-1.591473631560802460e-02,6.626855134963989258e-01,-5.596764013171195984e-02,-8.908656239509582520e-02,-7.952996492385864258e-01,-2.782558500766754150e-01,-3.246971219778060913e-02,1.397691607475280762e+00,-6.160020828247070312e-01,9.945369325578212738e-03,1.865649819374084473e-01,-8.115348964929580688e-02,5.199999809265136719e-01,-5.705747604370117188e-01,4.598723649978637695e-01,-3.830564022064208984e-01,1.070908069610595703e+00,-9.804534912109375000e-02,-1.633666306734085083e-01,2.623228132724761963e-01,-8.242463469505310059e-01,-6.603030562400817871e-01,4.142251014709472656e-01,6.127884984016418457e-01,1.450190544128417969e-01,-2.085825651884078979e-01,-3.878246843814849854e-01
-1.217323690652847290e-01,2.616603076457977295e-01,6.458972692489624023e-01,-4.972405731678009033e-02,5.672413110733032227e-02,5.559659004211425781e-01,8.277752399444580078e-01,-1.220569252967834473e+00,2.830758690834045410e-01,-4.240184277296066284e-02,7.537978887557983398e-01,-1.127020120620727539e-01,-4.978797584772109985e-02,-7.768955826759338379e-01,-2.696924507617950439e-01,-7.894169539213180542e-03,1.507823586463928223e+00,-6.622600555419921875e-01,-2.737179026007652283e-02,1.949938237667083740e-01,-8.811964094638824463e-02,5.199999809265136719e-01,-6.404207348823547363e-01,3.818215131759643555e-01,-4.372295141220092773e-01,1.115024328231811523e+00,-1.144632995128631592e-01,-1.488188952207565308e-01,2.744791805744171143e-01,-8.656135201454162598e-01,-4.920727014541625977e-01,4.751187860965728760e-01,8.722865581512451172e-01,1.760824918746948242e-01,-1.711362898349761963e-01,-3.416059315204620361e-01
-1.197370439767837524e-01,2.753296196460723877e-01,6.201220750808715820e-01,-6.153451651334762573e-02,7.625543326139450073e-02,5.745596885681152344e-01,8.125760555267333984e-01,-1.334726572036743164e+00,2.033278495073318481e-01,-7.197987288236618042e-02,9.485152363777160645e-01,-2.336592972278594971e-01,1.907253637909889221e-02,-6.678549647331237793e-01,-2.374959886074066162e-01,5.350748449563980103e-02,1.619487881660461426e+00,-7.911506295204162598e-01,-4.476524144411087036e-02,2.302240431308746338e-01,-1.238037943840026855e-01,5.199999809265136719e-01,-7.263207435607910156e-01,3.278837800025939941e-01,-4.497875273227691650e-01,1.169223308563232422e+00,-1.772342771291732788e-01,-1.380088776350021362e-01,2.993788123130798340e-01,-9.297294616699218750e-01,-3.263132870197296143e-01,5.448471903800964355e-01,1.133927464485168457e+00,1.853298246860504150e-01,-1.326716691255569458e-01,-2.520228028297424316e-01
-1.184586063027381897e-01,2.882829010486602783e-01,6.108136773109436035e-01,-6.968784332275390625e-02,1.045160293579101562e-01,6.029731035232543945e-01,7.878092527389526367e-01,-1.445075154304504395e+00,6.323198974132537842e-02,-1.097641885280609131e-01,1.183515787124633789e+00,-3.585169017314910889e-01,7.619574666023254395e-02,-5.906648635864257812e-01,-2.332820147275924683e-01,1.132012084126472473e-01,1.663490176200866699e+00,-7.893338203430175781e-01,7.752551697194576263e-03,2.427582889795303345e-01,-1.815339624881744385e-01,5.199999809265136719e-01,-7.681089043617248535e-01,3.198253214359283447e-01,-4.224196374416351318e-01,1.197073936462402344e+00,-2.036305516958236694e-01,-1.364013254642486572e-01,3.329225778579711914e-01,-9.507896900177001953e-01,-1.807153522968292236e-01,5.665825009346008301e-01,1.258520483970642090e+00,1.781548708677291870e-01,-1.066301092505455017e-01,-2.364105433225631714e-01
-1.189118549227714539e-01,2.943547666072845459e-01,6.061744093894958496e-01,-8.062409609556198120e-02,1.050254330039024353e-01,6.227552890777587891e-01,7.711324691772460938e-01,-1.464693188667297363e+00,-2.515066042542457581e-02,-1.530562490224838257e-01,1.268572449684143066e+00,-4.322268962860107422e-01,1.030746102333068848e-01,-5.128329396247863770e-01,-2.264611423015594482e-01,1.059431582689285278e-01,1.616584420204162598e+00,-7.941916584968566895e-01,6.073673721402883530e-03,3.005705177783966064e-01,-2.211929708719253540e-01,5.199999809265136719e-01,-7.602558732032775879e-01,3.691774308681488037e-01,-3.407121300697326660e-01,1.116061210632324219e+00,-2.305717766284942627e-01,-1.632268577814102173e-01,3.901341259479522705e-01,-9.298062324523925781e-01,-9.585005789995193481e-02,5.360901951789855957e-01,1.294284462928771973e+00,1.885160803794860840e-01,-1.160701364278793335e-01,-2.779785990715026855e-01
-1.208038628101348877e-01,2.942894697189331055e-01,6.101568937301635742e-01,-8.420092612504959106e-02,1.082173138856887817e-01,6.308384537696838379e-01,7.637028694152832031e-01,-1.453555345535278320e+00,-6.068896129727363586e-02,-1.592174768447875977e-01,1.285234570503234863e+00,-4.561079442501068115e-01,1.052941381931304932e-01,-4.661532938480377197e-01,-2.286996543407440186e-01,9.307671338319778442e-02,1.554135918617248535e+00,-7.840272784233093262e-01,-1.017600949853658676e-02,3.452208042144775391e-01,-2.343807518482208252e-01,5.199999809265136719e-01,-7.393084764480590820e-01,4.174850881099700928e-01,-3.080052435398101807e-01,1.017807841300964355e+00,-2.450530976057052612e-01,-1.856513768434524536e-01,4.122377634048461914e-01,-9.209916591644287109e-01,-6.739410758018493652e-02,5.284198522567749023e-01,1.308393239974975586e+00,1.933478266000747681e-01,-1.183633357286453247e-01,-2.807500660419464111e-01
-1.238709315657615662e-01,2.864757180213928223e-01,6.284996867179870605e-01,-8.509462326765060425e-02,1.085111573338508606e-01,6.307780146598815918e-01,7.636120319366455078e-01,-1.407461285591125488e+00,-6.590034812688827515e-02,-1.633228808641433716e-01,1.246168375015258789e+00,-4.384521842002868652e-01,9.312366694211959839e-02,-4.345017373561859131e-01,-2.405244112014770508e-01,4.892047494649887085e-02,1.469354152679443359e+00,-7.215563654899597168e-01,-3.655596822500228882e-02,3.865069746971130371e-01,-2.329844385385513306e-01,5.199999809265136719e-01,-7.108281850814819336e-01,4.790842533111572266e-01,-2.732613682746887207e-01,9.215816855430603027e-01,-2.893514037132263184e-01,-2.058438807725906372e-01,4.146491885185241699e-01,-9.144603610038757324e-01,-6.397517025470733643e-02,5.089973211288452148e-01,1.315201997756958008e+00,2.270582318305969238e-01,-1.315610110759735107e-01,-2.814792394638061523e-01
-1.272052079439163208e-01,2.730242609977722168e-01,6.633911728858947754e-01,-9.125905483961105347e-02,1.054201871156692505e-01,6.309932470321655273e-01,7.631552219390869141e-01,-1.298490643501281738e+00,-5.111087113618850708e-02,-1.740603148937225342e-01,1.107680559158325195e+00,-4.221355915069580078e-01,8.373786509037017822e-02,-3.988925516605377197e-01,-2.290895581245422363e-01,-2.613444067537784576e-02,1.317906022071838379e+00,-6.248348951339721680e-01,-5.500282719731330872e-02,4.388701617717742920e-01,-2.232207804918289185e-01,5.199999809265136719e-01,-6.620603799819946289e-01,6.044527292251586914e-01,-2.318161427974700928e-01,7.509907484054565430e-01,-2.711633741855621338e-01,-2.532393336296081543e-01,4.251855015754699707e-01,-8.863518238067626953e-01,-1.234804764389991760e-01,4.923636019229888916e-01,1.294923901557922363e+00,2.154214084148406982e-01,-1.473025083541870117e-01,-2.867172658443450928e-01
-1.301771700382232666e-01,2.535778880119323730e-01,7.053287029266357422e-01,-9.932009130716323853e-02,9.750601649284362793e-02,6.301786303520202637e-01,7.638736963272094727e-01,-1.156253695487976074e+00,-8.538337424397468567e-03,-1.626696288585662842e-01,9.239372014999389648e-01,-3.133563697338104248e-01,4.465074837207794189e-02,-3.745914697647094727e-01,-1.810308098793029785e-01,-8.233343064785003662e-02,1.129422783851623535e+00,-5.113286972045898438e-01,-5.250259488821029663e-02,4.720756709575653076e-01,-1.942373216152191162e-01,5.199999809265136719e-01,-5.955957770347595215e-01,7.355583906173706055e-01,-2.078176885843276978e-01,6.217116117477416992e-01,-2.473869621753692627e-01,-2.727431058883666992e-01,4.206539988517761230e-01,-8.360409736633300781e-01,-1.970643252134323120e-01,4.693208932876586914e-01,1.258664369583129883e+00,2.244117707014083862e-01,-1.545127481222152710e-01,-2.793009579181671143e-01
-1.327918171882629395e-01,2.277667224407196045e-01,7.387676239013671875e-01,-1.123426184058189392e-01,7.487292587757110596e-02,6.304597258567810059e-01,7.643910646438598633e-01,-9.641463756561279297e-01,8.398995548486709595e-02,-1.381563097238540649e-01,6.174731254577636719e-01,-8.423504978418350220e-02,-4.242937266826629639e-02,-3.276058733463287354e-01,-1.098465919494628906e-01,-1.255406588315963745e-01,9.344502687454223633e-01,-3.852291703224182129e-01,1.049148198217153549e-02,5.013895034790039062e-01,-1.128320097923278809e-01,5.199999809265136719e-01,-5.552891492843627930e-01,9.152563214302062988e-01,-1.721537560224533081e-01,5.025039911270141602e-01,-1.838664114475250244e-01,-2.738913595676422119e-01,4.219876527786254883e-01,-7.372975349426269531e-01,-3.164528310298919678e-01,4.202931821346282959e-01,1.197909951210021973e+00,2.208161354064941406e-01,-1.592986434698104858e-01,-2.496695667505264282e-01
-1.336074173450469971e-01,1.922954469919204712e-01,7.658776044845581055e-01,-1.075984835624694824e-01,6.016775593161582947e-02,6.370520591735839844e-01,7.608988285064697266e-01,-8.837466239929199219e-01,1.246200352907180786e-01,-1.005745306611061096e-01,4.899612963199615479e-01,5.117722600698471069e-02,-9.102110564708709717e-02,-2.857515215873718262e-01,-6.149954348802566528e-02,-1.230215355753898621e-01,7.681000232696533203e-01,-2.908087372779846191e-01,4.166070371866226196e-02,4.939095675945281982e-01,-7.517238706350326538e-02,5.199999809265136719e-01,-4.967517256736755371e-01,1.011708736419677734e+00,-1.629840880632400513e-01,4.665613770484924316e-01,-1.652604341506958008e-01,-2.637316286563873291e-01,4.225870668888092041e-01,-6.490986943244934082e-01,-3.839234411716461182e-01,3.859035372734069824e-01,1.168413996696472168e+00,2.409321218729019165e-01,-1.575767099857330322e-01,-2.414662539958953857e-01
-1.352030932903289795e-01,1.712340265512466431e-01,7.891223430633544922e-01,-9.294883906841278076e-02,4.575272649526596069e-02,6.658923625946044922e-01,7.388197183609008789e-01,-7.933837175369262695e-01,1.506315320730209351e-01,-3.698343038558959961e-02,4.157179594039916992e-01,1.183979883790016174e-01,-1.163352504372596741e-01,-3.434034287929534912e-01,-4.685563966631889343e-03,-1.924900561571121216e-01,7.310978174209594727e-01,-2.178233712911605835e-01,-1.131453830748796463e-02,4.400303363800048828e-01,-2.615852653980255127e-02,5.199999809265136719e-01,-4.622409939765930176e-01,1.145367503166198730e+00,-1.699763685464859009e-01,4.586549401283264160e-01,-1.364662349224090576e-01,-2.521789968013763428e-01,4.156880974769592285e-01,-5.229785442352294922e-01,-4.784945845603942871e-01,3.485237956047058105e-01,1.167899250984191895e+00,2.687638401985168457e-01,-1.426724642515182495e-01,-2.118244171142578125e-01
-1.336490958929061890e-01,1.415034979581832886e-01,8.125745058059692383e-01,-7.892991602420806885e-02,5.602812021970748901e-02,6.994032263755798340e-01,7.081426978111267090e-01,-7.655382156372070312e-01,1.135149523615837097e-01,-1.239676307886838913e-02,5.077833533287048340e-01,8.774005621671676636e-02,-1.129111126065254211e-01,-3.848727941513061523e-01,-2.884848229587078094e-02,-1.828594505786895752e-01,6.937200427055358887e-01,-1.585674434900283813e-01,2.639614045619964600e-02,3.491685390472412109e-01,-4.470235109329223633e-02,5.199999809265136719e-01,-4.519934952259063721e-01,1.276859998703002930e+00,-1.739314794540405273e-01,4.801024496555328369e-01,-1.011421829462051392e-01,-2.388693690299987793e-01,3.824089467525482178e-01,-3.973273038864135742e-01,-5.791334509849548340e-01,2.953245937824249268e-01,1.121140122413635254e+00,2.732341289520263672e-01,-1.375135481357574463e-01,-1.778889745473861694e-01
-1.317960172891616821e-01,1.162840127944946289e-01,8.241751194000244141e-01,-5.750687792897224426e-02,6.786977499723434448e-02,7.270087003707885742e-01,6.808413863182067871e-01,-7.238860130310058594e-01,8.603275567293167114e-02,3.706373274326324463e-03,6.842048764228820801e-01,7.269808556884527206e-03,-8.981547504663467407e-02,-4.165557324886322021e-01,-9.265589714050292969e-02,-1.936063170433044434e-01,6.654612421989440918e-01,-1.285160034894943237e-01,5.032458156347274780e-02,2.619433701038360596e-01,-8.486199378967285156e-02,5.199999809265136719e-01,-4.596290290355682373e-01,1.419081687927246094e+00,-1.847457289695739746e-01,5.256325602531433105e-01,-5.449152737855911255e-02,-2.190748006105422974e-01,3.412402272224426270e-01,-2.965867221355438232e-01,-6.672641634941101074e-01,2.436742782592773438e-01,1.107152104377746582e+00,2.607502341270446777e-01,-1.187272146344184875e-01,-1.398108452558517456e-01
-1.312535554170608521e-01,9.824867546558380127e-02,8.213844895362854004e-01,-3.907829150557518005e-02,6.782711297273635864e-02,7.434271574020385742e-01,6.642201542854309082e-01,-6.538364887237548828e-01,1.043844819068908691e-01,6.221677642315626144e-03,8.045178055763244629e-01,-7.968100905418395996e-02,-5.071634054183959961e-02,-4.370406270027160645e-01,-1.441986113786697388e-01,-2.072200030088424683e-01,6.575028896331787109e-01,-1.401796638965606689e-01,5.853033065795898438e-02,1.928197294473648071e-01,-1.041624918580055237e-01,5.165832638740539551e-01,-4.714126586914062500e-01,1.533040761947631836e+00,-1.841483563184738159e-01,5.474919080734252930e-01,-2.224547043442726135e-02,-1.965463608503341675e-01,3.042098283767700195e-01,-2.009689062833786011e-01,-7.569717168807983398e-01,1.873029321432113647e-01,1.090175747871398926e+00,2.388832122087478638e-01,-9.427109360694885254e-02,-8.951003849506378174e-02
-1.325291991233825684e-01,8.315989375114440918e-02,8.101482987403869629e-01,-2.942300029098987579e-02,5.774511769413948059e-02,7.528775334358215332e-01,6.549620032310485840e-01,-5.674888491630554199e-01,1.627404093742370605e-01,1.601235941052436829e-02,8.173187375068664551e-01,-1.704276651144027710e-01,-1.893004402518272400e-02,-4.448812007904052734e-01,-1.751571595668792725e-01,-2.353128045797348022e-01,6.801319718360900879e-01,-2.036648988723754883e-01,4.642739519476890564e-02,1.445790231227874756e-01,-1.052572131156921387e-01,5.076642632484436035e-01,-4.925572276115417480e-01,1.611597418785095215e+00,-1.712879687547683716e-01,5.543203353881835938e-01,-1.169523969292640686e-02,-1.839070171117782593e-01,2.894095182418823242e-01,-1.098649725317955017e-01,-8.287513256072998047e-01,1.319084316492080688e-01,1.079257607460021973e+00,2.247532457113265991e-01,-8.633405715227127075e-02,-6.169901043176651001e-02
-1.360799670219421387e-01,6.946660578250885010e-02,7.973595261573791504e-01,-2.954918332397937775e-02,5.152910575270652771e-02,7.613263130187988281e-01,6.456422209739685059e-01,-5.057340860366821289e-01,2.038058489561080933e-01,2.297678776085376740e-02,7.959120273590087891e-01,-2.433490157127380371e-01,-5.121120717376470566e-03,-4.841920435428619385e-01,-1.965101212263107300e-01,-2.538987994194030762e-01,7.518897056579589844e-01,-2.464798241853713989e-01,3.527011349797248840e-02,1.045368835330009460e-01,-9.858851134777069092e-02,5.044244527816772461e-01,-5.228254795074462891e-01,1.626153349876403809e+00,-1.609318405389785767e-01,5.365573763847351074e-01,-2.654380397871136665e-03,-1.912246197462081909e-01,3.029051125049591064e-01,-4.630108922719955444e-02,-8.480527997016906738e-01,7.618841528892517090e-02,1.072850227355957031e+00,2.423291504383087158e-01,-9.068831056356430054e-02,-5.619272962212562561e-02
-1.403341591358184814e-01,5.602572858333587646e-02,7.818817496299743652e-01,-3.062435239553451538e-02,4.831224307417869568e-02,7.697939872741699219e-01,6.357241868972778320e-01,-4.751154184341430664e-01,2.215604037046432495e-01,2.223266661167144775e-02,7.529454231262207031e-01,-3.253951072692871094e-01,8.275541767943650484e-05,-5.336722731590270996e-01,-2.193007767200469971e-01,-2.600292861461639404e-01,8.359277844429016113e-01,-2.522733211517333984e-01,3.441929072141647339e-02,6.005021929740905762e-02,-9.608733654022216797e-02,5.025854110717773438e-01,-5.694594383239746094e-01,1.611447572708129883e+00,-1.611376553773880005e-01,5.084932446479797363e-01,1.040855073370039463e-03,-1.998534202575683594e-01,3.381189405918121338e-01,6.406778004020452499e-03,-8.706408143043518066e-01,3.695253655314445496e-02,1.049405932426452637e+00,2.526433467864990234e-01,-1.031246036291122437e-01,-7.497630268335342407e-02
-1.433824449777603149e-01,4.264760389924049377e-02,7.730186581611633301e-01,-3.620174154639244080e-02,4.898400604724884033e-02,7.760326862335205078e-01,6.277446150779724121e-01,-4.926231801509857178e-01,2.268320769071578979e-01,2.455629780888557434e-02,7.393955588340759277e-01,-3.442559242248535156e-01,-4.815938416868448257e-03,-6.035001277923583984e-01,-2.332164049148559570e-01,-2.420709729194641113e-01,9.108905792236328125e-01,-2.202474623918533325e-01,4.976339265704154968e-02,2.245610207319259644e-02,-8.352503180503845215e-02,5.060636401176452637e-01,-6.290366053581237793e-01,1.538672208786010742e+00,-1.777974963188171387e-01,4.903516471385955811e-01,7.259628269821405411e-03,-1.959894448518753052e-01,3.997657597064971924e-01,2.338580973446369171e-02,-8.602423667907714844e-01,3.410617262125015259e-02,1.021702885627746582e+00,2.530375719070434570e-01,-1.137766987085342407e-01,-1.085480749607086182e-01
-1.460101902484893799e-01,2.919034659862518311e-02,7.670018672943115234e-01,-4.623725265264511108e-02,5.953617393970489502e-02,7.847501635551452637e-01,6.152111887931823730e-01,-5.548352599143981934e-01,2.425915449857711792e-01,7.388001680374145508e-02,7.542729973793029785e-01,-2.920383512973785400e-01,-4.619991034269332886e-02,-6.751070022583007812e-01,-2.329234927892684937e-01,-1.887225657701492310e-01,9.363078474998474121e-01,-2.204585224390029907e-01,7.434056699275970459e-02,-2.542608417570590973e-02,-6.553521752357482910e-02,5.122880935668945312e-01,-6.868114471435546875e-01,1.394238829612731934e+00,-2.102818787097930908e-01,4.826433360576629639e-01,5.260309576988220215e-02,-2.065122723579406738e-01,4.810785949230194092e-01,6.337244121823459864e-05,-8.110547065734863281e-01,5.923409014940261841e-02,9.696346521377563477e-01,2.876152098178863525e-01,-1.391289532184600830e-01,-1.559216678142547607e-01
-1.496262252330780029e-01,2.194019407033920288e-02,7.678477764129638672e-01,-4.606909304857254028e-02,7.200736552476882935e-02,8.045662045478820801e-01,5.876782536506652832e-01,-5.959186553955078125e-01,2.031720578670501709e-01,8.928998559713363647e-02,7.779251933097839355e-01,-2.681398391723632812e-01,-5.055477470159530640e-02,-8.094321489334106445e-01,-2.454627901315689087e-01,-1.247737035155296326e-01,8.417939543724060059e-01,-9.180351346731185913e-02,8.734917640686035156e-02,-1.239287853240966797e-01,-5.232759565114974976e-02,5.199999809265136719e-01,-7.178153395652770996e-01,1.190113782882690430e+00,-2.702545821666717529e-01,5.250626802444458008e-01,6.772838532924652100e-02,-1.994276344776153564e-01,5.141437649726867676e-01,-3.498398140072822571e-02,-7.536534667015075684e-01,1.313683092594146729e-01,9.334611296653747559e-01,2.884406447410583496e-01,-1.553397923707962036e-01,-1.759804040193557739e-01
-1.556686758995056152e-01,1.742651499807834625e-02,7.534536719322204590e-01,-4.509777575731277466e-02,8.726492524147033691e-02,8.136695623397827148e-01,5.729684233665466309e-01,-6.260103583335876465e-01,1.711769402027130127e-01,1.139973774552345276e-01,8.164185285568237305e-01,-2.740236520767211914e-01,-4.543449357151985168e-02,-8.541536331176757812e-01,-2.545681893825531006e-01,-4.202644154429435730e-02,7.170918583869934082e-01,-2.266275882720947266e-02,1.335687339305877686e-01,-2.095989882946014404e-01,-3.778864070773124695e-02,5.199999809265136719e-01,-7.290907502174377441e-01,9.714863300323486328e-01,-2.955421209335327148e-01,6.159672141075134277e-01,3.288790956139564514e-02,-1.874578595161437988e-01,5.254799723625183105e-01,-1.320386677980422974e-01,-6.788734197616577148e-01,2.063880711793899536e-01,9.062250852584838867e-01,2.964726388454437256e-01,-1.628124415874481201e-01,-1.920148283243179321e-01
-1.636338382959365845e-01,2.128116972744464874e-02,7.384380698204040527e-01,-3.499669954180717468e-02,1.020679548382759094e-01,8.217421770095825195e-01,5.595508813858032227e-01,-6.738710999488830566e-01,1.396217495203018188e-01,1.531856507062911987e-01,9.258804917335510254e-01,-3.012451827526092529e-01,-4.074558615684509277e-02,-8.702093362808227539e-01,-2.815446853637695312e-01,3.860287368297576904e-02,6.180273890495300293e-01,5.721479281783103943e-02,1.800931692123413086e-01,-3.033731281757354736e-01,-2.375555597245693207e-02,5.199999809265136719e-01,-7.304208278656005859e-01,7.539014816284179688e-01,-3.268791139125823975e-01,7.548593282699584961e-01,-3.405739367008209229e-02,-1.732807904481887817e-01,4.805560708045959473e-01,-2.538194358348846436e-01,-5.953952074050903320e-01,2.998614311218261719e-01,9.057590365409851074e-01,3.137201666831970215e-01,-1.599200963973999023e-01,-1.892005950212478638e-01
-1.733413189649581909e-01,3.188364952802658081e-02,7.324436902999877930e-01,-3.463549911975860596e-02,1.098568961024284363e-01,8.264212012290954590e-01,5.511441230773925781e-01,-7.239188551902770996e-01,1.329244077205657959e-01,1.652343720197677612e-01,1.053142547607421875e+00,-3.627972602844238281e-01,-3.158747032284736633e-02,-9.068555235862731934e-01,-2.977638542652130127e-01,9.997405111789703369e-02,6.110759377479553223e-01,6.010553985834121704e-02,1.992684453725814819e-01,-3.653451502323150635e-01,-2.016106620430946350e-03,5.199999809265136719e-01,-7.300635576248168945e-01,6.418347358703613281e-01,-3.199695050716400146e-01,8.234421610832214355e-01,-6.018643826246261597e-02,-1.675152480602264404e-01,4.579975008964538574e-01,-3.091054260730743408e-01,-5.645718574523925781e-01,3.318885266780853271e-01,8.854259252548217773e-01,3.395480513572692871e-01,-1.548694968223571777e-01,-1.879116743803024292e-01
-1.843638420104980469e-01,4.615695402026176453e-02,7.166393399238586426e-01,-4.620017856359481812e-02,1.139527559280395508e-01,8.183001875877380371e-01,5.614847540855407715e-01,-7.830500006675720215e-01,1.680047363042831421e-01,1.695405691862106323e-01,1.211215734481811523e+00,-4.526450335979461670e-01,6.283681374043226242e-03,-9.939949512481689453e-01,-2.788239121437072754e-01,1.610530465841293335e-01,7.020951509475708008e-01,-4.731027875095605850e-03,1.824919730424880981e-01,-4.123565852642059326e-01,5.343784391880035400e-02,5.199999809265136719e-01,-7.580034136772155762e-01,4.505152404308319092e-01,-3.711117208003997803e-01,1.020035982131958008e+00,-1.121746152639389038e-01,-1.346937119960784912e-01,4.046332836151123047e-01,-4.320122003555297852e-01,-4.973671138286590576e-01,3.986491560935974121e-01,8.886535763740539551e-01,3.898210227489471436e-01,-1.351268291473388672e-01,-1.873323172330856323e-01
-1.934633851051330566e-01,5.515664443373680115e-02,6.795089244842529297e-01,-8.585593104362487793e-02,1.081776469945907593e-01,8.033163547515869141e-01,5.793178677558898926e-01,-6.873296499252319336e-01,1.953362971544265747e-01,9.133233129978179932e-02,1.274472355842590332e+00,-6.546396017074584961e-01,6.056807562708854675e-02,-1.161505222320556641e+00,-1.801272630691528320e-01,1.942945867776870728e-01,9.385500550270080566e-01,-1.351046115159988403e-01,1.490621715784072876e-01,-4.186588227748870850e-01,1.576616019010543823e-01,5.199999809265136719e-01,-7.998340129852294922e-01,2.714675962924957275e-01,-3.820223510265350342e-01,1.160712599754333496e+00,-1.345901042222976685e-01,-1.079819574952125549e-01,3.884491622447967529e-01,-5.528966188430786133e-01,-4.277791380882263184e-01,3.939701616764068604e-01,9.228225946426391602e-01,4.860598742961883545e-01,-1.298633515834808350e-01,-1.643463969230651855e-01
-1.999927759170532227e-01,6.131429597735404968e-02,6.473886370658874512e-01,-1.042734533548355103e-01,9.987640380859375000e-02,7.928835749626159668e-01,5.920197367668151855e-01,-6.918188929557800293e-01,2.039064317941665649e-01,4.254787415266036987e-02,1.438556313514709473e+00,-7.947906851768493652e-01,1.075452342629432678e-01,-1.271383762359619141e+00,-8.735432475805282593e-02,2.549650371074676514e-01,1.107391357421875000e+00,-1.688823699951171875e-01,1.719533205032348633e-01,-4.321200549602508545e-01,2.211195528507232666e-01,5.199999809265136719e-01,-8.516118526458740234e-01,1.445540487766265869e-01,-4.025805592536926270e-01,1.241313099861145020e+00,-1.637489199638366699e-01,-9.412591904401779175e-02,3.687965273857116699e-01,-6.276737451553344727e-01,-3.927905559539794922e-01,3.603962361812591553e-01,9.538218379020690918e-01,5.553162693977355957e-01,-1.202885881066322327e-01,-1.675164997577667236e-01
-2.042595744132995605e-01,6.670848280191421509e-02,6.243101358413696289e-01,-1.148866787552833557e-01,9.794586151838302612e-02,7.854685187339782715e-01,6.002056598663330078e-01,-6.963763236999511719e-01,2.068530917167663574e-01,1.720825955271720886e-02,1.560724020004272461e+00,-8.505710363388061523e-01,1.038221567869186401e-01,-1.346157431602478027e+00,-3.644922003149986267e-02,2.842628359794616699e-01,1.217229604721069336e+00,-2.115222513675689697e-01,1.633116900920867920e-01,-4.430438876152038574e-01,2.594291269779205322e-01,5.199999809265136719e-01,-8.726337552070617676e-01,1.044443026185035706e-01,-4.259291291236877441e-01,1.273527264595031738e+00,-1.399970054626464844e-01,-8.800567686557769775e-02,3.599315583705902100e-01,-6.404880881309509277e-01,-4.051832854747772217e-01,3.129514157772064209e-01,9.065933823585510254e-01,5.897809863090515137e-01,-1.391808092594146729e-01,-1.836534589529037476e-01
-2.078587412834167480e-01,6.329326331615447998e-02,6.179499626159667969e-01,-1.210321784019470215e-01,9.823225438594818115e-02,7.814781069755554199e-01,6.041469573974609375e-01,-6.975626349449157715e-01,1.991166025400161743e-01,2.598913619294762611e-03,1.588449358940124512e+00,-8.726699948310852051e-01,1.048280075192451477e-01,-1.367984652519226074e+00,-1.140554901212453842e-02,3.049407601356506348e-01,1.230552911758422852e+00,-2.462963759899139404e-01,1.487723737955093384e-01,-4.792092144489288330e-01,2.699066698551177979e-01,5.199999809265136719e-01,-8.377943634986877441e-01,1.292823553085327148e-01,-4.268155992031097412e-01,1.261100888252258301e+00,-1.022682040929794312e-01,-8.667664229869842529e-02,3.589751422405242920e-01,-5.854916572570800781e-01,-4.547285437583923340e-01,2.496589422225952148e-01,6.682726740837097168e-01,5.838993191719055176e-01,-1.841176301240921021e-01,-2.162824571132659912e-01
-2.077873647212982178e-01,6.494815647602081299e-02,6.177786588668823242e-01,-1.207180172204971313e-01,9.947503358125686646e-02,7.802180647850036621e-01,6.056332588195800781e-01,-6.843373179435729980e-01,1.867141276597976685e-01,-1.025972701609134674e-02,1.583259582519531250e+00,-8.726699948310852051e-01,1.030014753341674805e-01,-1.370621562004089355e+00,-5.488378927111625671e-03,3.114240765571594238e-01,1.238637447357177734e+00,-2.707736790180206299e-01,1.386447995901107788e-01,-5.032966136932373047e-01,2.698111534118652344e-01,5.199999809265136719e-01,-7.953760623931884766e-01,1.590126156806945801e-01,-4.310535192489624023e-01,1.248371839523315430e+00,-8.499532192945480347e-02,-8.610062301158905029e-02,3.410190641880035400e-01,-5.372210741043090820e-01,-4.937549829483032227e-01,2.085096240043640137e-01,5.001294612884521484e-01,5.722904801368713379e-01,-2.093649655580520630e-01,-2.308160513639450073e-01
-2.056262195110321045e-01,6.397478282451629639e-02,6.248123645782470703e-01,-1.173213720321655273e-01,9.906697273254394531e-02,7.785401344299316406e-01,6.085200905799865723e-01,-6.571093201637268066e-01,1.813321709632873535e-01,-1.432527136057615280e-02,1.533701062202453613e+00,-8.726699948310852051e-01,1.147969886660575867e-01,-1.335723638534545898e+00,-2.831939142197370529e-03,3.180306255817413330e-01,1.192256450653076172e+00,-3.073278963565826416e-01,1.255184561014175415e-01,-5.406676530838012695e-01,2.529692947864532471e-01,5.199999809265136719e-01,-7.080409526824951172e-01,2.441617995500564575e-01,-4.018978774547576904e-01,1.194601178169250488e+00,-7.994453608989715576e-02,-9.426320344209671021e-02,3.212556540966033936e-01,-4.518098831176757812e-01,-5.806311368942260742e-01,1.487584114074707031e-01,2.340593934059143066e-01,5.117008686065673828e-01,-2.224497497081756592e-01,-2.106061279773712158e-01
-2.016047835350036621e-01,6.889553368091583252e-02,6.482973098754882812e-01,-1.129426956176757812e-01,1.064771935343742371e-01,7.792140841484069824e-01,6.072330474853515625e-01,-6.126682758331298828e-01,1.722151339054107666e-01,6.100096739828586578e-03,1.426968932151794434e+00,-8.726699948310852051e-01,1.337981224060058594e-01,-1.281962394714355469e+00,-2.958252280950546265e-02,3.150923252105712891e-01,1.111773133277893066e+00,-3.651312589645385742e-01,1.054748296737670898e-01,-5.721244215965270996e-01,2.272104024887084961e-01,5.199999809265136719e-01,-6.399673223495483398e-01,3.481690287590026855e-01,-3.670938313007354736e-01,1.117418646812438965e+00,-7.587537169456481934e-02,-1.121372058987617493e-01,3.076408803462982178e-01,-4.029543697834014893e-01,-6.909366250038146973e-01,9.485153108835220337e-02,7.121452689170837402e-02,4.507492780685424805e-01,-2.301203608512878418e-01,-1.850062906742095947e-01
-2.000846564769744873e-01,6.889260560274124146e-02,6.638599038124084473e-01,-1.016366407275199890e-01,9.781425446271896362e-02,7.781145572662353516e-01,6.120785474777221680e-01,-5.425548553466796875e-01,1.835388392210006714e-01,3.062321618199348450e-02,1.353684782981872559e+00,-8.723407387733459473e-01,1.333454847335815430e-01,-1.210261821746826172e+00,-4.360673949122428894e-02,2.918743491172790527e-01,1.035726666450500488e+00,-3.311297893524169922e-01,1.067242920398712158e-01,-5.847061276435852051e-01,2.003156393766403198e-01,5.199999809265136719e-01,-5.876221656799316406e-01,4.144707024097442627e-01,-3.325934708118438721e-01,1.057648539543151855e+00,-8.194903284311294556e-02,-1.171029210090637207e-01,2.990125417709350586e-01,-3.628883361816406250e-01,-7.461498975753784180e-01,4.288749396800994873e-02,5.200464278459548950e-03,4.117803275585174561e-01,-2.260207682847976685e-01,-1.861152648925781250e-01
-1.990806013345718384e-01,7.186967879533767700e-02,7.058933377265930176e-01,-8.355942368507385254e-02,9.959316253662109375e-02,7.789123058319091797e-01,6.135100722312927246e-01,-4.302112758159637451e-01,1.663966178894042969e-01,8.445006608963012695e-02,1.162198901176452637e+00,-8.361725807189941406e-01,1.076487079262733459e-01,-1.075227260589599609e+00,-1.143456324934959412e-01,2.441756427288055420e-01,8.444943428039550781e-01,-3.545701801776885986e-01,7.512247562408447266e-02,-5.888519883155822754e-01,1.569059640169143677e-01,5.199999809265136719e-01,-4.840797781944274902e-01,5.557293295860290527e-01,-2.441623210906982422e-01,8.717395663261413574e-01,-9.402076154947280884e-02,-1.562911272048950195e-01,3.027859628200531006e-01,-2.942723333835601807e-01,-8.565360903739929199e-01,-7.172168046236038208e-02,-1.020185127854347229e-01,3.174554109573364258e-01,-2.407948672771453857e-01,-2.150984108448028564e-01
-1.967929154634475708e-01,7.751476019620895386e-02,7.182067036628723145e-01,-6.991992145776748657e-02,9.597034007310867310e-02,7.808014750480651855e-01,6.133921742439270020e-01,-3.575465679168701172e-01,1.757495850324630737e-01,1.364568769931793213e-01,1.033637285232543945e+00,-6.271970272064208984e-01,6.804303079843521118e-02,-9.892942905426025391e-01,-1.529315859079360962e-01,1.884357780218124390e-01,7.461863756179809570e-01,-1.742185801267623901e-01,1.170070767402648926e-01,-6.067126989364624023e-01,1.214348003268241882e-01,5.199999809265136719e-01,-4.537253081798553467e-01,6.092955470085144043e-01,-2.154286801815032959e-01,8.204709887504577637e-01,-1.035125851631164551e-01,-1.668428480625152588e-01,3.063952028751373291e-01,-2.632425725460052490e-01,-8.884079456329345703e-01,-1.125091612339019775e-01,-1.037915870547294617e-01,2.802555263042449951e-01,-2.356208562850952148e-01,-2.383239567279815674e-01
-1.932911872863769531e-01,8.214744180440902710e-02,7.404866814613342285e-01,-5.338226631283760071e-02,9.073736518621444702e-02,7.790104150772094727e-01,6.181098818778991699e-01,-2.476201802492141724e-01,1.600529104471206665e-01,1.638747304677963257e-01,8.493323326110839844e-01,-4.858754873275756836e-01,2.763848006725311279e-02,-8.630669713020324707e-01,-2.015494704246520996e-01,8.688674867153167725e-02,5.762643218040466309e-01,-5.142948031425476074e-02,1.543303132057189941e-01,-6.014065146446228027e-01,9.236892312765121460e-02,5.199999809265136719e-01,-4.326484203338623047e-01,6.943464875221252441e-01,-1.689026057720184326e-01,7.426223158836364746e-01,-9.578482806682586670e-02,-1.912102550268173218e-01,3.207746446132659912e-01,-2.431248724460601807e-01,-9.455304741859436035e-01,-1.733600348234176636e-01,-1.164805665612220764e-01,2.422604262828826904e-01,-2.466815412044525146e-01,-2.654739022254943848e-01
-1.867929100990295410e-01,8.566480129957199097e-02,7.572939991950988770e-01,-3.507801517844200134e-02,8.825653791427612305e-02,7.728340625762939453e-01,6.274614334106445312e-01,-1.580027043819427490e-01,1.338196098804473877e-01,1.689629703760147095e-01,7.113027572631835938e-01,-3.474832773208618164e-01,3.695354564115405083e-03,-7.591945528984069824e-01,-2.336146533489227295e-01,-2.141389809548854828e-02,4.426408410072326660e-01,2.966426126658916473e-02,1.556517928838729858e-01,-5.833861827850341797e-01,4.466472193598747253e-02,5.116357207298278809e-01,-4.066835045814514160e-01,7.670590281486511230e-01,-1.294526159763336182e-01,6.614110469818115234e-01,-8.809993416070938110e-02,-2.117143571376800537e-01,3.170058429241180420e-01,-2.020643353462219238e-01,-9.850936532020568848e-01,-2.244336605072021484e-01,-1.147623360157012939e-01,2.187665253877639771e-01,-2.521968781948089600e-01,-2.733702063560485840e-01
-1.790704131126403809e-01,8.710998296737670898e-02,7.680411934852600098e-01,-1.893162541091442108e-02,8.221839368343353271e-02,7.681879997253417969e-01,6.346408128738403320e-01,-8.968025445938110352e-02,1.214894801378250122e-01,1.626377403736114502e-01,6.205416321754455566e-01,-2.618697881698608398e-01,-8.370818570256233215e-03,-6.907029747962951660e-01,-2.495782226324081421e-01,-1.105170398950576782e-01,3.821418285369873047e-01,8.581499010324478149e-02,1.333481073379516602e-01,-5.661290884017944336e-01,-5.853481125086545944e-03,5.007988810539245605e-01,-3.976716995239257812e-01,8.098960518836975098e-01,-1.003930494189262390e-01,6.001461744308471680e-01,-9.965006262063980103e-02,-2.264207899570465088e-01,3.379243314266204834e-01,-1.730650961399078369e-01,-9.851221442222595215e-01,-2.514373660087585449e-01,-1.158638894557952881e-01,2.445925176143646240e-01,-2.664384841918945312e-01,-2.863038182258605957e-01
-1.709252893924713135e-01,9.146212041378021240e-02,7.822273969650268555e-01,2.833276614546775818e-02,7.973137497901916504e-02,7.513062953948974609e-01,6.545066833496093750e-01,-1.117157489061355591e-01,1.380425393581390381e-01,1.286711096763610840e-01,6.643962860107421875e-01,-1.183706149458885193e-01,-8.883149921894073486e-02,-6.007916331291198730e-01,-2.885015606880187988e-01,-1.588456928730010986e-01,3.534743189811706543e-01,1.700736284255981445e-01,1.139200255274772644e-01,-5.159443020820617676e-01,-1.344914734363555908e-01,4.941393136978149414e-01,-3.704991340637207031e-01,8.949431777000427246e-01,-6.769477576017379761e-02,4.924951493740081787e-01,-1.029930263757705688e-01,-2.432189732789993286e-01,3.660857975482940674e-01,-1.135399192571640015e-01,-1.002929568290710449e+00,-3.107150197029113770e-01,-1.356346160173416138e-01,2.909417748451232910e-01,-2.961632013320922852e-01,-2.912800312042236328e-01
-1.600995361804962158e-01,8.688526600599288940e-02,7.949235439300537109e-01,-2.376816701143980026e-03,6.395839899778366089e-02,7.186117768287658691e-01,6.924599409103393555e-01,-1.265733242034912109e-01,2.357896566390991211e-01,1.467470526695251465e-01,6.013591289520263672e-01,-5.991769209504127502e-02,-1.007811874151229858e-01,-5.481461882591247559e-01,-2.567534148693084717e-01,-1.812089979648590088e-01,4.855034351348876953e-01,8.750767260789871216e-02,1.681228727102279663e-01,-4.062461555004119873e-01,-1.229805946350097656e-01,4.779185056686401367e-01,-3.871685564517974854e-01,1.000356912612915039e+00,-2.896767295897006989e-02,3.800942599773406982e-01,-9.051243215799331665e-02,-2.502751052379608154e-01,3.945427834987640381e-01,-9.205939620733261108e-02,-1.031545996665954590e+00,-3.698273599147796631e-01,-1.500173211097717285e-01,3.145010769367218018e-01,-3.152872323989868164e-01,-2.878564000129699707e-01
-1.520479470491409302e-01,8.392416685819625854e-02,8.014101386070251465e-01,-2.175794355571269989e-02,5.126537382602691650e-02,6.966029405593872070e-01,7.152921557426452637e-01,-1.227307766675949097e-01,2.979334294795989990e-01,1.466780602931976318e-01,4.895616471767425537e-01,-1.306328829377889633e-02,-9.587353467941284180e-02,-5.217193961143493652e-01,-2.290894240140914917e-01,-2.226129174232482910e-01,6.168036460876464844e-01,5.098589137196540833e-02,1.470365822315216064e-01,-3.420938551425933838e-01,-1.242028400301933289e-01,4.358905255794525146e-01,-4.060971140861511230e-01,1.078315377235412598e+00,4.937548190355300903e-03,2.756070196628570557e-01,-4.965520277619361877e-02,-2.563478946685791016e-01,4.457254111766815186e-01,-6.636713445186614990e-02,-1.080865502357482910e+00,-4.155901372432708740e-01,-1.711091101169586182e-01,2.799326479434967041e-01,-3.271953761577606201e-01,-3.054028451442718506e-01
-1.448493599891662598e-01,8.035812526941299438e-02,7.958735227584838867e-01,-3.964658826589584351e-02,4.060592502355575562e-02,6.724664568901062012e-01,7.379485964775085449e-01,-1.062173470854759216e-01,3.580870926380157471e-01,1.518857330083847046e-01,3.722028434276580811e-01,-4.957723245024681091e-02,-7.452394813299179077e-02,-4.855557680130004883e-01,-2.086015492677688599e-01,-2.339795976877212524e-01,7.413277626037597656e-01,-4.194793477654457092e-02,1.083209067583084106e-01,-2.817579805850982666e-01,-1.275947690010070801e-01,3.829766511917114258e-01,-4.155909121036529541e-01,1.125437736511230469e+00,5.315041542053222656e-02,1.331308633089065552e-01,-1.832497678697109222e-02,-2.695500850677490234e-01,4.718612730503082275e-01,-4.017774388194084167e-02,-1.136572241783142090e+00,-4.775830507278442383e-01,-1.819979697465896606e-01,2.056578695774078369e-01,-3.276209533214569092e-01,-3.207650482654571533e-01
-1.370739340782165527e-01,7.645747810602188110e-02,7.926504015922546387e-01,-4.407434165477752686e-02,4.040750861167907715e-02,6.574306488037109375e-01,7.511389255523681641e-01,-1.043876633048057556e-01,3.812394142150878906e-01,1.754281818866729736e-01,3.526865243911743164e-01,-1.109752506017684937e-01,-4.797996580600738525e-02,-4.400038719177246094e-01,-2.295098155736923218e-01,-2.431666702032089233e-01,7.645291090011596680e-01,-9.433136135339736938e-02,8.617512881755828857e-02,-2.453503310680389404e-01,-1.430946737527847290e-01,3.436239063739776611e-01,-4.372700452804565430e-01,1.142312288284301758e+00,7.411463558673858643e-02,4.579665139317512512e-02,-2.174247987568378448e-02,-2.717028558254241943e-01,4.758879542350769043e-01,-2.692204713821411133e-02,-1.165251731872558594e+00,-5.026901960372924805e-01,-1.916702240705490112e-01,1.871603876352310181e-01,-3.135042190551757812e-01,-3.082803189754486084e-01
-1.291667520999908447e-01,7.143504917621612549e-02,7.872898578643798828e-01,-4.128259420394897461e-02,4.126485064625740051e-02,6.373196244239807129e-01,7.683857679367065430e-01,-1.022113412618637085e-01,3.919649124145507812e-01,1.744982898235321045e-01,3.551250696182250977e-01,-1.688158959150314331e-01,-2.624774165451526642e-02,-3.882423639297485352e-01,-2.445996403694152832e-01,-2.282804697751998901e-01,7.474508285522460938e-01,-1.666832715272903442e-01,6.667422503232955933e-02,-2.096704989671707153e-01,-1.682043075561523438e-01,3.012143671512603760e-01,-4.989283084869384766e-01,1.172144293785095215e+00,1.150734201073646545e-01,-7.376702874898910522e-02,1.517863105982542038e-02,-2.737793326377868652e-01,5.188587903976440430e-01,-2.463885955512523651e-02,-1.215339899063110352e+00,-5.314731001853942871e-01,-2.287810742855072021e-01,1.421660035848617554e-01,-2.942099273204803467e-01,-3.087102472782135010e-01
-1.201989874243736267e-01,6.629038602113723755e-02,7.849950790405273438e-01,-3.303382173180580139e-02,4.656199738383293152e-02,6.196500658988952637e-01,7.827991843223571777e-01,-1.018551364541053772e-01,3.890529274940490723e-01,1.703095287084579468e-01,3.696976006031036377e-01,-1.809558272361755371e-01,-1.876942627131938934e-02,-3.347783386707305908e-01,-2.540286779403686523e-01,-2.211226671934127808e-01,6.692123413085937500e-01,-2.365374118089675903e-01,4.023642838001251221e-02,-1.788685321807861328e-01,-1.803002655506134033e-01,2.712281048297882080e-01,-5.505847334861755371e-01,1.162730097770690918e+00,1.421469449996948242e-01,-1.465446650981903076e-01,5.012392625212669373e-02,-2.701195478439331055e-01,5.559918880462646484e-01,-4.102041199803352356e-02,-1.238095045089721680e+00,-5.391601920127868652e-01,-2.877352237701416016e-01,1.242649629712104797e-01,-2.965753376483917236e-01,-3.168516159057617188e-01
-1.099139153957366943e-01,6.273060292005538940e-02,7.852711677551269531e-01,-2.362993359565734863e-02,4.964177310466766357e-02,6.055872440338134766e-01,7.938774824142456055e-01,-1.119642779231071472e-01,3.874262571334838867e-01,1.683090627193450928e-01,4.071555733680725098e-01,-1.302586793899536133e-01,-2.206140570342540741e-02,-2.899202108383178711e-01,-2.511194050312042236e-01,-2.249018549919128418e-01,5.866611599922180176e-01,-2.774209380149841309e-01,2.935605309903621674e-02,-1.459871381521224976e-01,-1.827457994222640991e-01,2.633939385414123535e-01,-5.976810455322265625e-01,1.113743901252746582e+00,1.389537751674652100e-01,-2.128643840551376343e-01,8.081089705228805542e-02,-2.619660794734954834e-01,5.844566226005554199e-01,-8.892254531383514404e-02,-1.221412777900695801e+00,-5.102629065513610840e-01,-3.867470026016235352e-01,1.155012920498847961e-01,-3.032189607620239258e-01,-3.308064937591552734e-01
-1.006470322608947754e-01,6.293307989835739136e-02,7.922963500022888184e-01,-1.469223946332931519e-02,5.616227909922599792e-02,5.891410112380981445e-01,8.059421777725219727e-01,-1.280793398618698120e-01,3.709616959095001221e-01,1.640165448188781738e-01,4.311979711055755615e-01,-5.021950602531433105e-02,-3.989177569746971130e-02,-2.499732822179794312e-01,-2.478563785552978516e-01,-2.257049679756164551e-01,4.959083199501037598e-01,-2.564885318279266357e-01,3.478007018566131592e-02,-9.960880875587463379e-02,-1.776561141014099121e-01,2.702061533927917480e-01,-6.192596554756164551e-01,1.027947425842285156e+00,1.246384084224700928e-01,-2.570767700672149658e-01,1.026693210005760193e-01,-2.581213116645812988e-01,6.163633465766906738e-01,-1.577594131231307983e-01,-1.157574057579040527e+00,-4.376195669174194336e-01,-5.077277421951293945e-01,1.098341494798660278e-01,-3.123068213462829590e-01,-3.451737761497497559e-01
-9.270934015512466431e-02,6.576120108366012573e-02,8.077680468559265137e-01,-8.977085817605257034e-04,6.176653504371643066e-02,5.731514096260070801e-01,8.171178102493286133e-01,-1.736488044261932373e-01,3.330284953117370605e-01,1.549612581729888916e-01,4.809656441211700439e-01,-1.156443823128938675e-02,-4.308637231588363647e-02,-2.139845490455627441e-01,-2.566390335559844971e-01,-2.018406093120574951e-01,4.059492647647857666e-01,-1.515056192874908447e-01,6.927282363176345825e-02,-5.601525306701660156e-02,-1.766900718212127686e-01,2.995839715003967285e-01,-6.080608367919921875e-01,9.084347486495971680e-01,7.401808351278305054e-02,-2.853916287422180176e-01,5.626313760876655579e-02,-2.745800316333770752e-01,6.251933574676513672e-01,-2.344076335430145264e-01,-1.047903418540954590e+00,-3.153437077999114990e-01,-6.092136502265930176e-01,1.412545144557952881e-01,-3.145802915096282959e-01,-3.366785943508148193e-01
-8.852179348468780518e-02,6.902492791414260864e-02,8.200909495353698730e-01,1.058639585971832275e-02,6.878170371055603027e-02,5.625231862068176270e-01,8.238474726676940918e-01,-2.226859331130981445e-01,2.971585690975189209e-01,1.503654420375823975e-01,5.387237668037414551e-01,-1.257459260523319244e-02,-3.528307005763053894e-02,-1.887812167406082153e-01,-2.731861770153045654e-01,-1.848663985729217529e-01,3.441472351551055908e-01,-6.886379420757293701e-02,1.002757623791694641e-01,-2.381011657416820526e-02,-1.692908853292465210e-01,3.278776109218597412e-01,-5.810435414314270020e-01,8.170354962348937988e-01,4.555464163422584534e-02,-2.809701263904571533e-01,5.921958014369010925e-03,-2.878473997116088867e-01,6.301602125167846680e-01,-2.933861315250396729e-01,-9.562615752220153809e-01,-2.054978758096694946e-01,-6.454354524612426758e-01,1.574377715587615967e-01,-3.022172152996063232e-01,-3.267546594142913818e-01
-8.596546202898025513e-02,7.239256799221038818e-02,8.365200757980346680e-01,2.316856756806373596e-02,7.955209910869598389e-02,5.604887008666992188e-01,8.240067362785339355e-01,-3.024826049804687500e-01,2.441392838954925537e-01,1.691306382417678833e-01,5.982385873794555664e-01,2.439654804766178131e-02,-2.353390306234359741e-02,-1.710364967584609985e-01,-3.003218770027160645e-01,-1.647678911685943604e-01,2.837429940700531006e-01,4.930485039949417114e-02,1.397972851991653442e-01,1.467145280912518501e-03,-1.496613472700119019e-01,3.797543048858642578e-01,-5.313367843627929688e-01,6.658396720886230469e-01,-1.049272529780864716e-02,-2.593917846679687500e-01,-9.392187744379043579e-02,-3.083479702472686768e-01,5.910204052925109863e-01,-3.001575469970703125e-01,-8.165735006332397461e-01,-6.113642081618309021e-02,-6.372228264808654785e-01,2.436005920171737671e-01,-2.928233146667480469e-01,-2.735260725021362305e-01
-8.586797118186950684e-02,7.500442117452621460e-02,8.430432081222534180e-01,2.909252606332302094e-02,8.805512636899948120e-02,5.664958953857421875e-01,8.188298344612121582e-01,-4.046800434589385986e-01,2.082279175519943237e-01,1.902599036693572998e-01,6.154900789260864258e-01,4.493390023708343506e-02,-2.076994255185127258e-02,-1.665926575660705566e-01,-3.244489431381225586e-01,-1.604276150465011597e-01,2.638592720031738281e-01,9.427838027477264404e-02,1.387046277523040771e-01,3.025853820145130157e-02,-1.052417457103729248e-01,4.377869665622711182e-01,-4.627432227134704590e-01,5.035622119903564453e-01,-8.057399094104766846e-02,-2.055552750825881958e-01,-2.544509768486022949e-01,-3.291696310043334961e-01,5.134056210517883301e-01,-2.903227806091308594e-01,-6.667355895042419434e-01,7.748798280954360962e-02,-5.053561329841613770e-01,3.812760710716247559e-01,-2.781653404235839844e-01,-2.264771163463592529e-01
-8.706277608871459961e-02,7.898393273353576660e-02,8.432541489601135254e-01,2.807213552296161652e-02,9.118239581584930420e-02,5.766597390174865723e-01,8.113946318626403809e-01,-4.963225126266479492e-01,1.859527677297592163e-01,2.144387960433959961e-01,5.757800936698913574e-01,5.452010408043861389e-02,-2.918410301208496094e-02,-1.660683155059814453e-01,-3.348875045776367188e-01,-1.620101183652877808e-01,2.760292589664459229e-01,9.017194062471389771e-02,1.335987597703933716e-01,7.444565743207931519e-02,-2.734682336449623108e-02,4.746615290641784668e-01,-3.522357344627380371e-01,4.276031553745269775e-01,-1.590613126754760742e-01,-1.252330690622329712e-01,-3.614470660686492920e-01,-3.291886150836944580e-01,4.226045012474060059e-01,-2.470558583736419678e-01,-5.714139938354492188e-01,1.842382252216339111e-01,-2.436456233263015747e-01,5.228273868560791016e-01,-2.546580433845520020e-01,-2.117691487073898315e-01
-8.945215493440628052e-02,8.432731032371520996e-02,8.360368609428405762e-01,2.577964961528778076e-02,8.437460660934448242e-02,5.805323123931884766e-01,8.094433546066284180e-01,-6.044867634773254395e-01,1.848067641258239746e-01,2.355780452489852905e-01,4.606801867485046387e-01,3.440338745713233948e-02,-5.617348104715347290e-02,-1.533817052841186523e-01,-3.321950137615203857e-01,-1.751823723316192627e-01,2.993537187576293945e-01,3.129581362009048462e-02,1.391364932060241699e-01,1.744668334722518921e-01,1.115143001079559326e-01,4.952595233917236328e-01,-1.646903306245803833e-01,4.630694091320037842e-01,-2.945195436477661133e-01,-5.892334133386611938e-02,-4.202300906181335449e-01,-3.211983442306518555e-01,1.513508409261703491e-01,-2.810516655445098877e-01,-5.551236867904663086e-01,2.447357475757598877e-01,2.779070734977722168e-01,4.806031882762908936e-01,-2.082986831665039062e-01,-1.294673085212707520e-01
-9.157795459032058716e-02,8.938073366880416870e-02,8.252089619636535645e-01,1.774540543556213379e-02,7.701597362756729126e-02,5.823100805282592773e-01,8.091159462928771973e-01,-6.521767377853393555e-01,1.962683647871017456e-01,2.158176600933074951e-01,3.611979484558105469e-01,5.674814805388450623e-02,-7.843988388776779175e-02,-1.445326805114746094e-01,-3.062131404876708984e-01,-1.574172079563140869e-01,3.164696991443634033e-01,-4.991482943296432495e-02,1.322552710771560669e-01,2.286528050899505615e-01,1.830329746007919312e-01,5.030405521392822266e-01,-8.329212665557861328e-02,4.724847674369812012e-01,-3.210338652133941650e-01,-2.309802919626235962e-02,-4.432953000068664551e-01,-3.027762174606323242e-01,6.513454020023345947e-02,-2.851145863533020020e-01,-5.521237254142761230e-01,2.554002702236175537e-01,4.613048434257507324e-01,4.713970124721527100e-01,-1.904244273900985718e-01,-8.470447361469268799e-02
-9.256926923990249634e-02,9.838220477104187012e-02,8.123013377189636230e-01,9.716531261801719666e-03,6.824022531509399414e-02,5.851149559020996094e-01,8.080157041549682617e-01,-6.940762400627136230e-01,2.056255787611007690e-01,1.848581433296203613e-01,2.712869346141815186e-01,7.511084526777267456e-02,-9.037816524505615234e-02,-1.301631629467010498e-01,-2.816551327705383301e-01,-1.468739360570907593e-01,3.443493545055389404e-01,-1.472954750061035156e-01,1.090321019291877747e-01,2.855241000652313232e-01,2.563526928424835205e-01,5.085584521293640137e-01,3.369438694790005684e-03,5.014015436172485352e-01,-3.211085200309753418e-01,1.779214246198534966e-03,-4.467989206314086914e-01,-2.879370450973510742e-01,-1.491393987089395523e-02,-2.783679664134979248e-01,-5.620488524436950684e-01,2.284488081932067871e-01,6.413493752479553223e-01,4.566121101379394531e-01,-1.716532707214355469e-01,-4.667885228991508484e-02
-9.259781986474990845e-02,1.100373193621635437e-01,7.956659197807312012e-01,5.473201628774404526e-03,5.680457502603530884e-02,5.903473496437072754e-01,8.051294088363647461e-01,-7.431796193122863770e-01,2.135825753211975098e-01,1.808381080627441406e-01,2.365524619817733765e-01,3.657531365752220154e-02,-7.444528490304946899e-02,-1.023403704166412354e-01,-2.666144967079162598e-01,-1.556831449270248413e-01,3.829582929611206055e-01,-2.825013399124145508e-01,5.304260924458503723e-02,3.545191287994384766e-01,3.404278457164764404e-01,5.157140493392944336e-01,1.029672324657440186e-01,5.017853975296020508e-01,-2.593805789947509766e-01,1.755074225366115570e-02,-5.528143048286437988e-01,-2.827732861042022705e-01,-2.991452068090438843e-02,-3.337918221950531006e-01,-5.957047343254089355e-01,1.418981552124023438e-01,9.631875753402709961e-01,4.291240870952606201e-01,-1.191242113709449768e-01,-6.394279748201370239e-02
-9.184306114912033081e-02,1.089575067162513733e-01,7.836658358573913574e-01,1.378069631755352020e-03,4.594679549336433411e-02,5.998504757881164551e-01,7.987905740737915039e-01,-7.699106335639953613e-01,2.080248445272445679e-01,1.675162464380264282e-01,2.101656645536422729e-01,2.453581616282463074e-02,-4.957105964422225952e-02,-9.874161332845687866e-02,-2.364026010036468506e-01,-1.281592249870300293e-01,4.372804760932922363e-01,-4.024173617362976074e-01,1.283379551023244858e-02,4.029693007469177246e-01,4.063154458999633789e-01,5.199999809265136719e-01,1.956284344196319580e-01,5.321370959281921387e-01,-1.624161452054977417e-01,8.032172918319702148e-02,-6.034616231918334961e-01,-2.831909060478210449e-01,2.335119806230068207e-02,-3.501879572868347168e-01,-6.520016789436340332e-01,-1.512460992671549320e-03,1.142566084861755371e+00,5.245554447174072266e-01,-1.129666715860366821e-01,-1.482925713062286377e-01
-9.589236974716186523e-02,1.387273222208023071e-01,7.734063863754272461e-01,-1.252593006938695908e-02,4.551701247692108154e-02,6.083585023880004883e-01,7.922570705413818359e-01,-8.057514429092407227e-01,2.052695006132125854e-01,1.640970408916473389e-01,2.297228425741195679e-01,2.336679399013519287e-02,-2.384330704808235168e-02,-8.134615421295166016e-02,-2.254350036382675171e-01,-1.175943911075592041e-01,4.729959964752197266e-01,-4.538259208202362061e-01,-1.176607795059680939e-02,4.348974525928497314e-01,4.342433214187622070e-01,5.199999809265136719e-01,2.657718956470489502e-01,5.724022388458251953e-01,-3.018501773476600647e-02,1.876242011785507202e-01,-6.219695210456848145e-01,-2.869623899459838867e-01,1.010854542255401611e-01,-3.371398150920867920e-01,-7.205584645271301270e-01,-1.689559817314147949e-01,1.196058034896850586e+00,7.151670455932617188e-01,-1.545559167861938477e-01,-2.542022466659545898e-01
-1.042476445436477661e-01,1.716652214527130127e-01,7.664186358451843262e-01,-2.831649221479892731e-02,5.405338481068611145e-02,6.164560317993164062e-01,7.850212454795837402e-01,-8.393198847770690918e-01,1.937505453824996948e-01,1.705833077430725098e-01,2.847477197647094727e-01,1.716518402099609375e-02,1.663304399698972702e-03,-5.467778816819190979e-02,-2.243512570858001709e-01,-1.018542423844337463e-01,4.502323567867279053e-01,-4.685915112495422363e-01,-1.263461355119943619e-02,4.504285454750061035e-01,4.125286936759948730e-01,5.199999809265136719e-01,3.307780623435974121e-01,6.316366195678710938e-01,8.920706808567047119e-02,2.686388492584228516e-01,-6.018286943435668945e-01,-2.988529503345489502e-01,1.728309988975524902e-01,-2.864423692226409912e-01,-7.772038578987121582e-01,-2.907230854034423828e-01,1.128114342689514160e+00,8.531960248947143555e-01,-2.265511453151702881e-01,-3.336409330368041992e-01
-1.116871312260627747e-01,2.048110216856002808e-01,7.615771889686584473e-01,-4.536503553390502930e-02,6.646406650543212891e-02,6.217182278633117676e-01,7.790962457656860352e-01,-8.624222278594970703e-01,1.854254007339477539e-01,1.756251752376556396e-01,3.226683139801025391e-01,6.213387008756399155e-03,8.982528001070022583e-03,-2.127524279057979584e-02,-2.189385294914245605e-01,-7.493126392364501953e-02,3.881258070468902588e-01,-4.523321092128753662e-01,3.521646838635206223e-03,4.456650018692016602e-01,3.524896502494812012e-01,5.171514153480529785e-01,4.024912416934967041e-01,7.026659250259399414e-01,2.065316587686538696e-01,2.799965441226959229e-01,-5.537098646163940430e-01,-3.192646503448486328e-01,2.347166538238525391e-01,-1.702796518802642822e-01,-7.781431674957275391e-01,-3.809923231601715088e-01,8.965899348258972168e-01,9.006822109222412109e-01,-3.405998647212982178e-01,-4.198903143405914307e-01
-1.158957406878471375e-01,2.294724881649017334e-01,7.636031508445739746e-01,-5.221531912684440613e-02,7.599220424890518188e-02,6.262581944465637207e-01,7.741443514823913574e-01,-8.660522103309631348e-01,1.813107132911682129e-01,1.899383962154388428e-01,3.591122329235076904e-01,4.168100655078887939e-03,1.172195747494697571e-02,3.420977853238582611e-03,-2.245148122310638428e-01,-5.530672147870063782e-02,3.555204272270202637e-01,-3.941853642463684082e-01,2.429355308413505554e-02,4.416021406650543213e-01,2.952530086040496826e-01,5.133763551712036133e-01,4.436736106872558594e-01,7.360076904296875000e-01,2.654340863227844238e-01,2.396661043167114258e-01,-5.144134163856506348e-01,-3.352247476577758789e-01,2.774473428726196289e-01,-6.831276416778564453e-02,-7.583317756652832031e-01,-4.114557206630706787e-01,6.732817292213439941e-01,8.533189892768859863e-01,-3.930167257785797119e-01,-4.452102184295654297e-01
-1.145646423101425171e-01,2.348894327878952026e-01,7.678984999656677246e-01,-5.509057268500328064e-02,8.335269987583160400e-02,6.338713765144348145e-01,7.669578790664672852e-01,-8.513586521148681641e-01,1.791178733110427856e-01,1.978710293769836426e-01,3.743803501129150391e-01,2.561567164957523346e-02,3.463989356532692909e-03,7.355553563684225082e-03,-2.159042954444885254e-01,-2.316923998296260834e-02,3.427797555923461914e-01,-3.545536994934082031e-01,4.319431260228157043e-02,4.198909103870391846e-01,2.143688946962356567e-01,5.080875158309936523e-01,4.911915063858032227e-01,7.625269293785095215e-01,3.284851014614105225e-01,1.511717289686203003e-01,-4.472426474094390869e-01,-3.632732033729553223e-01,3.273583352565765381e-01,6.965950876474380493e-02,-6.892551779747009277e-01,-4.490600526332855225e-01,3.366666734218597412e-01,7.767053246498107910e-01,-4.485157430171966553e-01,-4.726956486701965332e-01
-1.145994290709495544e-01,2.413067817687988281e-01,7.770631909370422363e-01,-5.360911786556243896e-02,7.698106020689010620e-02,6.430305242538452148e-01,7.600734829902648926e-01,-8.152226805686950684e-01,1.900902837514877319e-01,2.116025984287261963e-01,3.832041621208190918e-01,5.437700077891349792e-02,-8.044470101594924927e-03,1.900670491158962250e-02,-2.061791867017745972e-01,-2.505768090486526489e-02,3.756109178066253662e-01,-2.686002254486083984e-01,5.837521702051162720e-02,3.880782723426818848e-01,1.506895124912261963e-01,5.018342137336730957e-01,5.041829347610473633e-01,7.809169292449951172e-01,3.494228720664978027e-01,4.820312559604644775e-02,-3.962245285511016846e-01,-3.852573633193969727e-01,3.528549075126647949e-01,1.647197455167770386e-01,-6.588338017463684082e-01,-4.559797644615173340e-01,1.625847369432449341e-01,7.150019407272338867e-01,-4.474870562553405762e-01,-4.478438794612884521e-01
-1.163020655512809753e-01,2.485520690679550171e-01,7.891109585762023926e-01,-5.078328028321266174e-02,6.964483112096786499e-02,6.538144350051879883e-01,7.517295479774475098e-01,-7.746630907058715820e-01,1.918412446975708008e-01,2.067305743694305420e-01,3.994445204734802246e-01,7.152500748634338379e-02,-1.047673169523477554e-02,3.516458673402667046e-03,-2.077300101518630981e-01,-4.451057314872741699e-02,4.666152298450469971e-01,-1.387020200490951538e-01,5.666799098253250122e-02,3.519920110702514648e-01,1.014160066843032837e-01,4.974125027656555176e-01,4.796535372734069824e-01,7.727834582328796387e-01,3.315261900424957275e-01,-3.847441449761390686e-02,-3.486036062240600586e-01,-3.828431665897369385e-01,3.664655983448028564e-01,2.254061251878738403e-01,-6.285197138786315918e-01,-4.370029866695404053e-01,3.384533151984214783e-02,5.969479084014892578e-01,-4.126422107219696045e-01,-4.223676621913909912e-01
-1.179848089814186096e-01,2.700392007827758789e-01,7.917249202728271484e-01,-4.673058539628982544e-02,6.656336039304733276e-02,6.600369215011596680e-01,7.468178272247314453e-01,-7.447305321693420410e-01,1.928386539220809937e-01,2.083610147237777710e-01,4.395239055156707764e-01,5.136620998382568359e-02,5.252262111753225327e-03,1.072715502232313156e-02,-2.185309380292892456e-01,-4.858534410595893860e-02,5.312919616699218750e-01,-4.346989840269088745e-02,5.663998425006866455e-02,3.061220943927764893e-01,3.880553692579269409e-02,4.890812635421752930e-01,4.050157666206359863e-01,7.466087341308593750e-01,2.500541508197784424e-01,-1.304867863655090332e-01,-2.793351113796234131e-01,-3.894077837467193604e-01,3.708883225917816162e-01,2.367594391107559204e-01,-5.896444916725158691e-01,-3.623508214950561523e-01,-9.611982107162475586e-02,4.529492557048797607e-01,-3.778944015502929688e-01,-4.070737957954406738e-01
-1.197531074285507202e-01,2.736999094486236572e-01,7.880103588104248047e-01,-4.427816718816757202e-02,5.842103809118270874e-02,6.627742648124694824e-01,7.452225685119628906e-01,-7.099695205688476562e-01,2.032600343227386475e-01,2.125250697135925293e-01,4.463964700698852539e-01,3.903436288237571716e-02,1.432296354323625565e-02,4.269739147275686264e-03,-2.219651192426681519e-01,-6.360577046871185303e-02,5.941549539566040039e-01,-3.388004377484321594e-02,5.381056666374206543e-02,2.740156948566436768e-01,1.616667956113815308e-02,4.843358397483825684e-01,3.391718864440917969e-01,7.298066020011901855e-01,1.867976039648056030e-01,-1.697341650724411011e-01,-2.425891160964965820e-01,-3.848649263381958008e-01,3.694058954715728760e-01,2.300201654434204102e-01,-5.617303848266601562e-01,-3.039738237857818604e-01,-1.568768620491027832e-01,3.878646492958068848e-01,-3.557302057743072510e-01,-4.011591076850891113e-01
-1.208602637052536011e-01,2.903982400894165039e-01,7.793684005737304688e-01,-4.770984500646591187e-02,6.125247105956077576e-02,6.603379249572753906e-01,7.469442486763000488e-01,-7.056279778480529785e-01,2.113576233386993408e-01,2.143183201551437378e-01,4.759552478790283203e-01,-9.386433521285653114e-05,2.796520106494426727e-02,5.103234667330980301e-03,-2.377981543540954590e-01,-8.650433272123336792e-02,6.153240203857421875e-01,-7.355058193206787109e-02,4.060187190771102905e-02,2.450066506862640381e-01,-1.008328143507242203e-02,4.590439796447753906e-01,2.391793876886367798e-01,6.986626982688903809e-01,1.056956723332405090e-01,-1.752153486013412476e-01,-2.134633511304855347e-01,-3.769045770168304443e-01,3.720637857913970947e-01,1.964041143655776978e-01,-5.264549851417541504e-01,-2.230956852436065674e-01,-2.036784440279006958e-01,3.413610458374023438e-01,-3.422723114490509033e-01,-4.007264673709869385e-01
-1.204248592257499695e-01,3.167231380939483643e-01,7.682262659072875977e-01,-4.137505218386650085e-02,2.316292189061641693e-02,6.792619228363037109e-01,7.323625087738037109e-01,-6.294209957122802734e-01,2.144519835710525513e-01,1.515796780586242676e-01,5.170533657073974609e-01,-6.883514672517776489e-02,3.071410581469535828e-02,-1.812893301248550415e-01,-2.255321890115737915e-01,-1.497537344694137573e-01,9.110639095306396484e-01,-2.107624113559722900e-01,-1.717902347445487976e-02,1.551590710878372192e-01,1.100101321935653687e-02,4.693058133125305176e-01,8.931160718202590942e-02,6.320798397064208984e-01,-4.359886050224304199e-02,-1.600246578454971313e-01,-2.019479423761367798e-01,-3.735211789608001709e-01,3.472542166709899902e-01,1.464625298976898193e-01,-4.674100875854492188e-01,-8.810398727655410767e-02,-2.698500752449035645e-01,3.102115690708160400e-01,-3.374524712562561035e-01,-3.803999125957489014e-01
-1.172708496451377869e-01,3.344280719757080078e-01,7.675052285194396973e-01,-3.807365521788597107e-02,1.395120192319154739e-02,6.851552128791809082e-01,7.272675633430480957e-01,-6.077398061752319336e-01,2.163698971271514893e-01,1.303964555263519287e-01,5.601847171783447266e-01,-1.248193532228469849e-01,3.216344118118286133e-02,-2.797324359416961670e-01,-2.544001042842864990e-01,-1.709189414978027344e-01,9.442939758300781250e-01,-2.575584352016448975e-01,-3.488378599286079407e-02,8.740571886301040649e-02,-6.151788402348756790e-03,4.470202326774597168e-01,-7.591734826564788818e-02,5.508874058723449707e-01,-2.026797533035278320e-01,-9.246994554996490479e-02,-2.264481335878372192e-01,-3.608541786670684814e-01,3.077819347381591797e-01,7.007386535406112671e-02,-4.248526990413665771e-01,7.221254706382751465e-02,-3.134022951126098633e-01,3.459653556346893311e-01,-3.405942618846893311e-01,-3.294730186462402344e-01
-1.234043166041374207e-01,3.531612753868103027e-01,7.675607800483703613e-01,-3.259630873799324036e-02,7.588648237287998199e-03,6.885156631469726562e-01,7.244488000869750977e-01,-5.752640962600708008e-01,2.005713284015655518e-01,1.191110610961914062e-01,5.925287604331970215e-01,-1.896400302648544312e-01,4.049174487590789795e-02,-3.554556667804718018e-01,-2.759388983249664307e-01,-1.902498900890350342e-01,9.123911261558532715e-01,-2.734633088111877441e-01,-2.891876175999641418e-02,2.632547728717327118e-02,-1.925603114068508148e-02,4.346997141838073730e-01,-2.446608096361160278e-01,4.542284905910491943e-01,-3.152982592582702637e-01,2.146631106734275818e-02,-2.596290707588195801e-01,-3.402106165885925293e-01,3.038959503173828125e-01,-4.249126184731721878e-03,-3.999733030796051025e-01,2.034429758787155151e-01,-3.366691172122955322e-01,4.205472469329833984e-01,-3.280981779098510742e-01,-2.668885588645935059e-01
-1.298329532146453857e-01,3.613252937793731689e-01,7.676858305931091309e-01,-2.027508616447448730e-02,-6.417019758373498917e-04,6.898378729820251465e-01,7.236796617507934570e-01,-5.379592776298522949e-01,1.798125058412551880e-01,1.130362302064895630e-01,6.123844981193542480e-01,-2.089808285236358643e-01,3.706907108426094055e-02,-3.980767130851745605e-01,-2.902630865573883057e-01,-1.922240257263183594e-01,8.203061819076538086e-01,-2.546849548816680908e-01,-8.609163574874401093e-03,-1.689947210252285004e-02,-2.609716728329658508e-02,4.311459660530090332e-01,-3.553291559219360352e-01,3.752109110355377197e-01,-3.689160048961639404e-01,1.103186979889869690e-01,-3.091443777084350586e-01,-3.248911798000335693e-01,3.310796618461608887e-01,-7.182057946920394897e-02,-3.859002590179443359e-01,2.875088453292846680e-01,-3.439689874649047852e-01,4.594307839870452881e-01,-3.102510869503021240e-01,-2.298874855041503906e-01
-1.283759176731109619e-01,3.726141750812530518e-01,7.683833241462707520e-01,-2.986491192132234573e-03,-4.347836133092641830e-03,6.913126111030578613e-01,7.225365042686462402e-01,-4.919299483299255371e-01,1.512835472822189331e-01,9.875266999006271362e-02,6.254993677139282227e-01,-2.195959091186523438e-01,2.597942575812339783e-02,-4.104883670806884766e-01,-3.005829453468322754e-01,-1.747560203075408936e-01,6.929325461387634277e-01,-1.933823227882385254e-01,3.857660666108131409e-02,-6.233894452452659607e-02,-3.426549211144447327e-02,4.326302707195281982e-01,-4.646660387516021729e-01,3.181842863559722900e-01,-3.907072544097900391e-01,1.748501211404800415e-01,-3.743274807929992676e-01,-3.106712996959686279e-01,3.614832162857055664e-01,-1.489855647087097168e-01,-3.950168788433074951e-01,3.377908170223236084e-01,-3.589815795421600342e-01,4.787803590297698975e-01,-2.805795967578887939e-01,-1.892388612031936646e-01
-1.201177164912223816e-01,3.796881437301635742e-01,7.698418498039245605e-01,1.076346263289451599e-02,-7.711099460721015930e-03,6.933540701866149902e-01,7.204753756523132324e-01,-4.445646107196807861e-01,1.391603201627731323e-01,9.194146096706390381e-02,6.082153916358947754e-01,-2.203529477119445801e-01,9.482405148446559906e-03,-3.943764269351959229e-01,-3.079448640346527100e-01,-1.664105057716369629e-01,5.898222327232360840e-01,-1.375144571065902710e-01,7.002348452806472778e-02,-9.517032653093338013e-02,-3.822923451662063599e-02,4.296405017375946045e-01,-5.330806970596313477e-01,2.918113768100738525e-01,-4.078584015369415283e-01,2.066621929407119751e-01,-4.006952941417694092e-01,-3.111650347709655762e-01,3.735615015029907227e-01,-2.018958330154418945e-01,-3.970567882061004639e-01,3.598038256168365479e-01,-3.704551756381988525e-01,4.715199172496795654e-01,-2.712291777133941650e-01,-1.706818342208862305e-01
-9.927336871623992920e-02,3.898923397064208984e-01,7.700445055961608887e-01,2.936030365526676178e-02,-5.955053493380546570e-03,6.968812942504882812e-01,7.165604829788208008e-01,-3.875314891338348389e-01,1.247580125927925110e-01,7.515862584114074707e-02,5.770990848541259766e-01,-2.197765707969665527e-01,-1.057944446802139282e-02,-3.550304472446441650e-01,-3.133104145526885986e-01,-1.210815683007240295e-01,4.663257300853729248e-01,-6.369505077600479126e-02,1.194259375333786011e-01,-1.293580085039138794e-01,-4.010573029518127441e-02,4.208365678787231445e-01,-6.073430776596069336e-01,2.590932846069335938e-01,-4.072128534317016602e-01,1.961533129215240479e-01,-4.678607881069183350e-01,-3.208475708961486816e-01,3.979332447052001953e-01,-2.621103525161743164e-01,-4.244725108146667480e-01,3.641161620616912842e-01,-4.152047336101531982e-01,4.601458609104156494e-01,-2.631997168064117432e-01,-1.606012135744094849e-01
-8.870536834001541138e-02,4.018068015575408936e-01,7.765418291091918945e-01,4.112952202558517456e-02,-1.814987626858055592e-04,6.991828083992004395e-01,7.137588858604431152e-01,-3.307939171791076660e-01,9.831197559833526611e-02,5.554826185107231140e-02,5.200787186622619629e-01,-2.392785102128982544e-01,-2.971808984875679016e-02,-2.955097258090972900e-01,-3.182920515537261963e-01,-7.181170582771301270e-02,3.724278211593627930e-01,-5.915089976042509079e-03,1.615322381258010864e-01,-1.566910147666931152e-01,-2.733628265559673309e-02,3.922108113765716553e-01,-6.980273723602294922e-01,2.436587065458297729e-01,-4.175190329551696777e-01,1.817336827516555786e-01,-5.453706383705139160e-01,-3.401679098606109619e-01,4.008633494377136230e-01,-3.246367275714874268e-01,-4.814760386943817139e-01,3.455561995506286621e-01,-4.509600400924682617e-01,4.278487563133239746e-01,-2.587694525718688965e-01,-1.716007739305496216e-01
-7.924885302782058716e-02,4.126808643341064453e-01,7.822854518890380859e-01,4.981683567166328430e-02,3.098345769103616476e-04,6.971582174301147461e-01,7.151843309402465820e-01,-2.819632291793823242e-01,9.775411337614059448e-02,5.724417418241500854e-02,4.861973822116851807e-01,-2.367559075355529785e-01,-4.246276617050170898e-02,-2.417166531085968018e-01,-3.259906172752380371e-01,-7.240535318851470947e-02,3.292142450809478760e-01,2.153057372197508812e-03,1.618381589651107788e-01,-1.559630930423736572e-01,-1.720833778381347656e-02,3.528249263763427734e-01,-7.785032987594604492e-01,2.513276636600494385e-01,-3.774633407592773438e-01,1.287282854318618774e-01,-5.693866610527038574e-01,-3.751725554466247559e-01,4.055979549884796143e-01,-3.896222412586212158e-01,-5.373743176460266113e-01,2.857507765293121338e-01,-4.698877632617950439e-01,3.873240947723388672e-01,-2.596884071826934814e-01,-1.972209811210632324e-01
-7.080128788948059082e-02,4.064104259014129639e-01,7.888354063034057617e-01,5.629811063408851624e-02,-2.668832894414663315e-03,6.962881088256835938e-01,7.155461311340332031e-01,-2.582640945911407471e-01,1.053339689970016479e-01,5.925144255161285400e-02,4.514822363853454590e-01,-2.041365653276443481e-01,-5.636818334460258484e-02,-1.901129484176635742e-01,-3.187943100929260254e-01,-8.127368986606597900e-02,2.872090935707092285e-01,-1.817407831549644470e-02,1.481853425502777100e-01,-1.361956596374511719e-01,-6.786325480788946152e-03,3.184753358364105225e-01,-8.310765624046325684e-01,2.911507189273834229e-01,-3.218820989131927490e-01,6.010142713785171509e-02,-5.347170829772949219e-01,-4.065907001495361328e-01,4.305199682712554932e-01,-4.233981072902679443e-01,-5.930395126342773438e-01,2.113761603832244873e-01,-4.281101524829864502e-01,3.906873762607574463e-01,-2.599024772644042969e-01,-2.548168897628784180e-01
-6.415556371212005615e-02,4.152693748474121094e-01,7.928524017333984375e-01,5.301908031105995178e-02,-1.034114416688680649e-02,6.967542767524719238e-01,7.152730226516723633e-01,-2.168228179216384888e-01,1.335617750883102417e-01,6.677945703268051147e-02,4.088126718997955322e-01,-1.745331287384033203e-01,-5.435277521610260010e-02,-1.427163332700729370e-01,-2.973212003707885742e-01,-1.071390137076377869e-01,2.574188113212585449e-01,-5.128980055451393127e-02,1.373573988676071167e-01,-9.232094138860702515e-02,7.733121514320373535e-03,2.953789234161376953e-01,-8.130049109458923340e-01,3.234528601169586182e-01,-2.598377764225006104e-01,-3.055388852953910828e-02,-5.307632684707641602e-01,-4.382875859737396240e-01,4.536609947681427002e-01,-4.634978473186492920e-01,-6.398478746414184570e-01,1.066842079162597656e-01,-3.172448575496673584e-01,4.237087965011596680e-01,-2.762642204761505127e-01,-3.535802662372589111e-01
-6.541077047586441040e-02,4.249863922595977783e-01,7.954681515693664551e-01,5.268606916069984436e-02,-1.066893246024847031e-02,6.987088918685913086e-01,7.133836746215820312e-01,-1.847957670688629150e-01,1.352681964635848999e-01,8.691518008708953857e-02,3.753879368305206299e-01,-1.702162623405456543e-01,-5.245915800333023071e-02,-1.065290644764900208e-01,-2.993271052837371826e-01,-1.280761659145355225e-01,2.212374210357666016e-01,-5.019194260239601135e-02,1.284552514553070068e-01,-5.608453974127769470e-02,5.223043728619813919e-03,2.620417475700378418e-01,-7.448009848594665527e-01,3.545485138893127441e-01,-2.483326941728591919e-01,-3.456258401274681091e-02,-5.332046151161193848e-01,-4.345313310623168945e-01,4.454270303249359131e-01,-4.928892552852630615e-01,-6.771823763847351074e-01,7.764837145805358887e-02,-1.839920431375503540e-01,4.481011033058166504e-01,-2.634018361568450928e-01,-3.912472724914550781e-01
-6.474308669567108154e-02,4.352671802043914795e-01,8.004869222640991211e-01,5.598348379135131836e-02,-8.012968115508556366e-03,7.011579275131225586e-01,7.107595801353454590e-01,-1.092259138822555542e-01,1.210027784109115601e-01,1.051384583115577698e-01,2.616296112537384033e-01,-1.618572920560836792e-01,-4.275402799248695374e-02,-4.150061681866645813e-02,-3.034970462322235107e-01,-1.465233564376831055e-01,1.337184906005859375e-01,-3.697155788540840149e-02,1.341777592897415161e-01,-8.851787075400352478e-03,-1.415186654776334763e-02,1.816002130508422852e-01,-5.449362397193908691e-01,4.034049808979034424e-01,-2.775775194168090820e-01,2.525784075260162354e-02,-5.530245900154113770e-01,-3.927823603153228760e-01,4.198971390724182129e-01,-6.163853406906127930e-01,-6.876940131187438965e-01,1.142434030771255493e-01,2.304661422967910767e-01,5.328214764595031738e-01,-2.429370433092117310e-01,-4.504067003726959229e-01
-6.610213220119476318e-02,4.262768030166625977e-01,7.997307777404785156e-01,5.754128843545913696e-02,-1.498278137296438217e-02,6.990640163421630859e-01,7.125826478004455566e-01,-7.268534600734710693e-02,1.274355649948120117e-01,1.173570305109024048e-01,1.996227949857711792e-01,-1.705881059169769287e-01,-2.275967225432395935e-02,-2.827665954828262329e-02,-2.903073132038116455e-01,-1.297260969877243042e-01,1.053976640105247498e-01,-2.226777747273445129e-02,1.468847841024398804e-01,4.530934616923332214e-02,-2.888665162026882172e-02,1.627102941274642944e-01,-3.300418555736541748e-01,5.309062004089355469e-01,-3.519400954246520996e-01,2.816058993339538574e-01,-5.291411280632019043e-01,-2.448612153530120850e-01,2.435833960771560669e-01,-9.427879452705383301e-01,-7.393901944160461426e-01,2.896180152893066406e-01,8.066048026084899902e-01,4.946288466453552246e-01,-1.206658482551574707e-01,-3.444124758243560791e-01
-7.106553763151168823e-02,4.327867329120635986e-01,7.991229891777038574e-01,5.373946949839591980e-02,-1.296018995344638824e-02,7.017142772674560547e-01,7.103105783462524414e-01,-5.467056483030319214e-02,1.211767941713333130e-01,1.234480887651443481e-01,1.667399555444717407e-01,-1.849684268236160278e-01,-1.579470187425613403e-02,-1.889021694660186768e-02,-2.957206070423126221e-01,-1.371453255414962769e-01,9.238402545452117920e-02,-2.091912925243377686e-02,1.552631556987762451e-01,7.234049588441848755e-02,-4.743656143546104431e-02,1.613057255744934082e-01,-2.027333229780197144e-01,5.732938051223754883e-01,-3.539668321609497070e-01,3.349592685699462891e-01,-4.991821348667144775e-01,-2.145254164934158325e-01,1.843067258596420288e-01,-1.002781271934509277e+00,-7.887553572654724121e-01,3.467966318130493164e-01,9.134464859962463379e-01,4.273332059383392334e-01,-8.129545301198959351e-02,-3.014386296272277832e-01
-7.728525251150131226e-02,4.422437548637390137e-01,8.002856373786926270e-01,4.540968686342239380e-02,-6.231463514268398285e-03,6.997661590576171875e-01,7.129000425338745117e-01,-4.252570122480392456e-02,1.148185208439826965e-01,1.258129328489303589e-01,1.323122680187225342e-01,-2.085417956113815308e-01,-1.064349524676799774e-02,-2.189086191356182098e-02,-3.004713356494903564e-01,-1.457734704017639160e-01,7.149998098611831665e-02,-1.816278509795665741e-02,1.638591289520263672e-01,1.179106086492538452e-01,-7.376359403133392334e-02,1.666131764650344849e-01,-1.848206482827663422e-02,6.202670335769653320e-01,-3.000565469264984131e-01,4.200224876403808594e-01,-4.856448769569396973e-01,-1.830017864704132080e-01,9.176867455244064331e-02,-1.101296663284301758e+00,-8.731499314308166504e-01,4.434940218925476074e-01,1.019153594970703125e+00,3.013179302215576172e-01,-5.173841863870620728e-02,-2.190098762512207031e-01
-8.122126758098602295e-02,4.465552866458892822e-01,8.023159503936767578e-01,4.038495197892189026e-02,-2.451493171975016594e-03,7.009443640708923340e-01,7.120674848556518555e-01,-3.718134760856628418e-02,1.103821694850921631e-01,1.275641620159149170e-01,1.098186895251274109e-01,-2.184441536664962769e-01,-1.093681063503026962e-02,-2.378929778933525085e-02,-3.054252862930297852e-01,-1.609072983264923096e-01,6.142657622694969177e-02,-1.390309166163206100e-02,1.720155626535415649e-01,1.446169763803482056e-01,-9.820650517940521240e-02,1.639633774757385254e-01,1.005804687738418579e-01,6.649538874626159668e-01,-2.462517917156219482e-01,4.536355137825012207e-01,-4.772274494171142578e-01,-1.781383603811264038e-01,2.563387528061866760e-02,-1.150459289550781250e+00,-9.677004814147949219e-01,5.728957653045654297e-01,1.047687053680419922e+00,1.742851436138153076e-01,-4.641811177134513855e-02,-1.181628704071044922e-01
-8.428844809532165527e-02,4.483706057071685791e-01,8.035039305686950684e-01,3.444360196590423584e-02,1.966355834156274796e-03,7.028405070304870605e-01,7.105103731155395508e-01,-4.327781498432159424e-02,1.081797480583190918e-01,1.304350793361663818e-01,9.595640748739242554e-02,-2.191226333379745483e-01,-1.546773780137300491e-02,-3.101936541497707367e-02,-3.085402846336364746e-01,-1.756904274225234985e-01,5.111224576830863953e-02,-2.543193055316805840e-03,1.756372302770614624e-01,1.603783816099166870e-01,-1.195973083376884460e-01,1.601439118385314941e-01,2.035577893257141113e-01,7.043966054916381836e-01,-1.686133444309234619e-01,4.416326582431793213e-01,-4.705083370208740234e-01,-1.915844231843948364e-01,-4.601466655731201172e-02,-1.202213406562805176e+00,-1.087830901145935059e+00,7.413347959518432617e-01,1.028850913047790527e+00,1.705858297646045685e-02,-7.220986485481262207e-02,6.017732620239257812e-02
-8.554361760616302490e-02,4.503624439239501953e-01,8.038353919982910156e-01,3.200235962867736816e-02,3.750327741727232933e-03,7.041234374046325684e-01,7.093461155891418457e-01,-4.274215549230575562e-02,1.077995672821998596e-01,1.309491991996765137e-01,9.005760401487350464e-02,-2.189892679452896118e-01,-2.251110039651393890e-02,-3.329683095216751099e-02,-3.105096518993377686e-01,-1.817809492349624634e-01,5.085764080286026001e-02,-1.111566438339650631e-03,1.780972927808761597e-01,1.661047488451004028e-01,-1.354322880506515503e-01,1.620424389839172363e-01,2.673269212245941162e-01,7.236328125000000000e-01,-1.098986640572547913e-01,4.188094735145568848e-01,-4.609214663505554199e-01,-2.068481445312500000e-01,-5.903204530477523804e-02,-1.207420587539672852e+00,-1.168581962585449219e+00,8.534253239631652832e-01,9.916855692863464355e-01,-4.724248126149177551e-02,-1.033691763877868652e-01,1.622229218482971191e-01
-7.499524205923080444e-02,4.443609118461608887e-01,8.015630245208740234e-01,3.493941575288772583e-02,4.891640972346067429e-03,7.083243131637573242e-01,7.050049901008605957e-01,-4.909254983067512512e-02,1.142411679029464722e-01,1.141711547970771790e-01,8.623394370079040527e-02,-1.877166479825973511e-01,-4.118758440017700195e-02,-3.257403150200843811e-02,-3.055001795291900635e-01,-1.975220292806625366e-01,5.138425901532173157e-02,-1.646895147860050201e-02,1.667830348014831543e-01,1.717533171176910400e-01,-1.550837308168411255e-01,1.619478911161422729e-01,3.051619827747344971e-01,7.451687455177307129e-01,-4.171613976359367371e-02,3.680290877819061279e-01,-4.561089873313903809e-01,-2.237286865711212158e-01,-1.008162721991539001e-01,-1.155918121337890625e+00,-1.304024219512939453e+00,1.023568511009216309e+00,8.776264786720275879e-01,-1.193410605192184448e-01,-1.548017710447311401e-01,3.734707832336425781e-01
-6.863392144441604614e-02,4.486940205097198486e-01,8.030567169189453125e-01,3.479174152016639709e-02,7.611431181430816650e-03,7.101323604583740234e-01,7.031668424606323242e-01,-4.852211102843284607e-02,1.196233332157135010e-01,1.092672869563102722e-01,8.911430835723876953e-02,-1.755758374929428101e-01,-4.979433119297027588e-02,-2.926023118197917938e-02,-3.026489913463592529e-01,-2.057154625654220581e-01,5.518896505236625671e-02,-3.688184544444084167e-02,1.563800424337387085e-01,1.705339103937149048e-01,-1.614571511745452881e-01,1.633253097534179688e-01,3.134517371654510498e-01,7.273336648941040039e-01,-9.395618923008441925e-03,3.220772445201873779e-01,-4.533131718635559082e-01,-2.302644550800323486e-01,-1.135231181979179382e-01,-1.105152964591979980e+00,-1.365454435348510742e+00,1.084241509437561035e+00,8.200705051422119141e-01,-1.182190030813217163e-01,-1.709372848272323608e-01,4.633374214172363281e-01
-5.476389080286026001e-02,4.504098892211914062e-01,8.070120811462402344e-01,3.646131232380867004e-02,9.479715488851070404e-03,7.134966850280761719e-01,6.996450424194335938e-01,-5.068682506680488586e-02,1.312616020441055298e-01,8.044390380382537842e-02,9.268495440483093262e-02,-1.473790258169174194e-01,-6.119253486394882202e-02,-2.285885065793991089e-02,-2.913809716701507568e-01,-2.178507447242736816e-01,5.922179296612739563e-02,-6.886988878250122070e-02,1.378054767847061157e-01,1.583274453878402710e-01,-1.661309003829956055e-01,1.626789420843124390e-01,2.744408845901489258e-01,6.730382442474365234e-01,2.349654212594032288e-02,2.679099738597869873e-01,-4.631209373474121094e-01,-2.389484792947769165e-01,-1.163076534867286682e-01,-9.714546203613281250e-01,-1.392460465431213379e+00,1.113851070404052734e+00,7.368094325065612793e-01,-7.658908516168594360e-02,-1.762204617261886597e-01,5.563885569572448730e-01
-4.771887138485908508e-02,4.557351768016815186e-01,8.090877532958984375e-01,3.533458709716796875e-02,1.283912826329469681e-02,7.167358994483947754e-01,6.963305473327636719e-01,-5.345208570361137390e-02,1.368753015995025635e-01,7.067093253135681152e-02,9.590195119380950928e-02,-1.342658251523971558e-01,-6.612443923950195312e-02,-1.926242746412754059e-02,-2.883570194244384766e-01,-2.342942953109741211e-01,6.322425603866577148e-02,-8.970917761325836182e-02,1.288608610630035400e-01,1.440765112638473511e-01,-1.742055565118789673e-01,1.589212417602539062e-01,2.418143451213836670e-01,6.319785118103027344e-01,3.328660503029823303e-02,2.285576015710830688e-01,-4.623153507709503174e-01,-2.365074604749679565e-01,-1.157813891768455505e-01,-8.578038811683654785e-01,-1.411527633666992188e+00,1.089387893676757812e+00,6.738819479942321777e-01,-5.237090215086936951e-02,-1.711240112781524658e-01,5.994397997856140137e-01
-3.953157365322113037e-02,4.559809565544128418e-01,8.104164004325866699e-01,3.528903424739837646e-02,1.259554829448461533e-02,7.212958931922912598e-01,6.916128396987915039e-01,-5.940885469317436218e-02,1.465621739625930786e-01,5.075185745954513550e-02,1.014982461929321289e-01,-1.136460825800895691e-01,-7.388879358768463135e-02,-1.566964760422706604e-02,-2.800745964050292969e-01,-2.500481903553009033e-01,6.996505707502365112e-02,-1.026353240013122559e-01,1.172351166605949402e-01,1.193614155054092407e-01,-1.828376203775405884e-01,1.515464335680007935e-01,1.802063882350921631e-01,5.614098310470581055e-01,3.874812647700309753e-02,1.750561743974685669e-01,-4.653650224208831787e-01,-2.438111752271652222e-01,-1.014528200030326843e-01,-7.000837922096252441e-01,-1.366945385932922363e+00,1.023777484893798828e+00,6.341987848281860352e-01,-1.946236751973628998e-02,-1.550673395395278931e-01,6.107973456382751465e-01
-3.481660038232803345e-02,4.584938287734985352e-01,8.112180233001708984e-01,3.500475734472274780e-02,1.442557852715253830e-02,7.256070375442504883e-01,6.870669126510620117e-01,-6.673748791217803955e-02,1.500972211360931396e-01,4.818359762430191040e-02,1.103665679693222046e-01,-9.062673151493072510e-02,-7.496953010559082031e-02,-1.123638451099395752e-02,-2.798551917076110840e-01,-2.699945569038391113e-01,7.274629920721054077e-02,-1.072456911206245422e-01,1.133300587534904480e-01,1.103228479623794556e-01,-1.966442316770553589e-01,1.489487588405609131e-01,1.268630474805831909e-01,5.187590718269348145e-01,3.396746888756752014e-02,1.414113193750381470e-01,-4.778241515159606934e-01,-2.452032119035720825e-01,-8.453859388828277588e-02,-5.477939248085021973e-01,-1.313939332962036133e+00,9.245001673698425293e-01,6.138488054275512695e-01,-1.321456395089626312e-03,-1.401376575231552124e-01,5.894758105278015137e-01
-3.386666998267173767e-02,4.575539231300354004e-01,8.102657198905944824e-01,3.415340185165405273e-02,1.430022250860929489e-02,7.311776280403137207e-01,6.811815500259399414e-01,-8.151491731405258179e-02,1.520594507455825806e-01,4.720010980963706970e-02,1.262953877449035645e-01,-6.469330191612243652e-02,-6.810842454433441162e-02,-8.280592039227485657e-03,-2.815020680427551270e-01,-2.902642786502838135e-01,7.441597431898117065e-02,-9.151574969291687012e-02,1.150757893919944763e-01,1.154568567872047424e-01,-2.173929065465927124e-01,1.520293802022933960e-01,3.458096086978912354e-02,4.590100049972534180e-01,2.919778926298022270e-03,8.482773602008819580e-02,-5.416351556777954102e-01,-2.559080123901367188e-01,-6.654883176088333130e-02,-3.315777182579040527e-01,-1.168240666389465332e+00,7.366520762443542480e-01,6.247189044952392578e-01,3.616938367486000061e-02,-1.108236014842987061e-01,5.163789391517639160e-01
-3.542689234018325806e-02,4.552370905876159668e-01,8.110584020614624023e-01,3.366233780980110168e-02,1.253993250429630280e-02,7.346557378768920898e-01,6.774883866310119629e-01,-9.095788747072219849e-02,1.566680520772933960e-01,6.902430206537246704e-02,1.392168998718261719e-01,-4.248586297035217285e-02,-5.214111506938934326e-02,-7.824317552149295807e-03,-2.837482392787933350e-01,-3.045870065689086914e-01,7.785890996456146240e-02,-6.086884066462516785e-02,1.236630305647850037e-01,1.384648531675338745e-01,-2.225288748741149902e-01,1.674991995096206665e-01,-4.181715846061706543e-02,4.086548388004302979e-01,-4.044650122523307800e-02,4.702750965952873230e-02,-6.515690684318542480e-01,-2.782230675220489502e-01,-2.627033554017543793e-02,-1.564497649669647217e-01,-1.002976536750793457e+00,5.511443614959716797e-01,6.542481780052185059e-01,9.378462284803390503e-02,-9.003918617963790894e-02,4.099753499031066895e-01
-3.976254165172576904e-02,4.546636641025543213e-01,8.138884902000427246e-01,3.384425118565559387e-02,1.112627238035202026e-02,7.340881228446960449e-01,6.781190037727355957e-01,-8.846262097358703613e-02,1.544630974531173706e-01,6.441074609756469727e-02,1.434834599494934082e-01,-2.877224609255790710e-02,-4.156228527426719666e-02,-1.025674585253000259e-02,-2.900086641311645508e-01,-3.120672702789306641e-01,8.362741768360137939e-02,-2.445767261087894440e-02,1.370999515056610107e-01,1.617943942546844482e-01,-2.099028378725051880e-01,1.751869916915893555e-01,-8.836098760366439819e-02,3.624842464923858643e-01,-7.876769453287124634e-02,7.106525823473930359e-03,-7.308801412582397461e-01,-2.964908480644226074e-01,-2.122240606695413589e-03,-6.876377761363983154e-02,-8.645313978195190430e-01,4.520232677459716797e-01,6.766407489776611328e-01,1.526863276958465576e-01,-7.578358799219131470e-02,3.377518653869628906e-01
-4.406755790114402771e-02,4.528812170028686523e-01,8.159217238426208496e-01,3.021854907274246216e-02,1.161457784473896027e-02,7.322443723678588867e-01,6.802720427513122559e-01,-9.347909688949584961e-02,1.509875208139419556e-01,2.310449816286563873e-02,1.443931460380554199e-01,-2.493545226752758026e-02,-4.013596102595329285e-02,-2.128460817039012909e-02,-2.890463471412658691e-01,-2.946626245975494385e-01,8.014732599258422852e-02,1.011544186621904373e-02,1.589074134826660156e-01,1.788458973169326782e-01,-1.835463792085647583e-01,2.023062258958816528e-01,-1.349009126424789429e-01,3.169997334480285645e-01,-9.956752508878707886e-02,-5.223914608359336853e-02,-7.933168411254882812e-01,-3.260712027549743652e-01,5.275165289640426636e-02,-3.929062746465206146e-03,-7.088162302970886230e-01,3.181598186492919922e-01,6.939582228660583496e-01,2.218463420867919922e-01,-7.589279115200042725e-02,2.061786353588104248e-01
-5.117850378155708313e-02,4.517682492733001709e-01,8.173136115074157715e-01,3.011601418256759644e-02,9.700733236968517303e-03,7.291182875633239746e-01,6.836559176445007324e-01,-8.540339022874832153e-02,1.464119255542755127e-01,5.889432039111852646e-03,1.437150239944458008e-01,-2.755088917911052704e-02,-3.925409168004989624e-02,-2.702779881656169891e-02,-2.955386042594909668e-01,-2.863983511924743652e-01,8.523350208997726440e-02,4.377891123294830322e-02,1.734458953142166138e-01,1.872696876525878906e-01,-1.654446125030517578e-01,2.088888138532638550e-01,-1.393354684114456177e-01,3.248186707496643066e-01,-8.968681842088699341e-02,-7.776144146919250488e-02,-7.985765337944030762e-01,-3.346768617630004883e-01,9.836288541555404663e-02,5.993873346596956253e-03,-6.316633820533752441e-01,2.677621841430664062e-01,6.965041160583496094e-01,2.777304351329803467e-01,-7.729994505643844604e-02,1.442462205886840820e-01
-6.043615192174911499e-02,4.514265656471252441e-01,8.175780773162841797e-01,3.057868406176567078e-02,1.190654002130031586e-02,7.244963645935058594e-01,6.884970068931579590e-01,-8.546964824199676514e-02,1.288738250732421875e-01,-3.610953688621520996e-02,1.544389873743057251e-01,-2.591212652623653412e-02,-4.063193872570991516e-02,-3.686542436480522156e-02,-3.106573522090911865e-01,-2.675320804119110107e-01,8.587639033794403076e-02,6.497546285390853882e-02,1.844080090522766113e-01,1.814655214548110962e-01,-1.444910466670989990e-01,2.140508443117141724e-01,-1.352064013481140137e-01,3.336867392063140869e-01,-6.331625580787658691e-02,-1.097338870167732239e-01,-7.922207117080688477e-01,-3.501757383346557617e-01,1.511445939540863037e-01,-1.602675532922148705e-03,-5.317063927650451660e-01,2.187718003988265991e-01,6.848161816596984863e-01,3.636312782764434814e-01,-8.419212698936462402e-02,6.543786078691482544e-02
-7.189044356346130371e-02,4.513114988803863525e-01,8.154525160789489746e-01,3.161421045660972595e-02,1.471081655472517014e-02,7.158368825912475586e-01,6.973963975906372070e-01,-8.616248518228530884e-02,1.096314713358879089e-01,-6.663087010383605957e-02,1.782721877098083496e-01,-5.089638754725456238e-02,-3.842360526323318481e-02,-5.515424534678459167e-02,-3.285887241363525391e-01,-2.314207851886749268e-01,9.414090961217880249e-02,6.893648952245712280e-02,1.955447047948837280e-01,1.907264292240142822e-01,-1.397856026887893677e-01,2.224803715944290161e-01,-1.306189894676208496e-01,3.635329902172088623e-01,-6.224413868039846420e-03,-1.085985973477363586e-01,-7.853508591651916504e-01,-3.579182028770446777e-01,2.089342921972274780e-01,-2.022855170071125031e-02,-4.541536867618560791e-01,2.047011554241180420e-01,6.319437026977539062e-01,4.396710693836212158e-01,-9.846828132867813110e-02,6.827862001955509186e-03
-8.494994789361953735e-02,4.506905376911163330e-01,8.105407357215881348e-01,3.164098784327507019e-02,1.478819269686937332e-02,7.047881484031677246e-01,7.085575461387634277e-01,-9.448145329952239990e-02,9.371598809957504272e-02,-9.748942404985427856e-02,2.291336655616760254e-01,-1.140408515930175781e-01,-1.514903362840414047e-02,-8.182346075773239136e-02,-3.424220383167266846e-01,-1.909820437431335449e-01,1.163918972015380859e-01,6.004278361797332764e-02,1.953963041305541992e-01,1.938315182924270630e-01,-1.394601464271545410e-01,2.505716383457183838e-01,-1.351543515920639038e-01,4.179040789604187012e-01,4.775479808449745178e-02,-9.075655043125152588e-02,-7.597381472587585449e-01,-3.610813617706298828e-01,2.596572637557983398e-01,-6.845642626285552979e-02,-4.048462510108947754e-01,2.211912721395492554e-01,5.529976487159729004e-01,4.887793958187103271e-01,-1.138022318482398987e-01,-4.131393879652023315e-02
-1.006481871008872986e-01,4.421597719192504883e-01,8.025749325752258301e-01,2.073487266898155212e-02,2.053396776318550110e-03,6.934421062469482422e-01,7.202110290527343750e-01,-1.486780643463134766e-01,1.159617751836776733e-01,-1.111795753240585327e-01,3.541713356971740723e-01,-2.330168336629867554e-01,2.251658961176872253e-02,-1.543772667646408081e-01,-3.288898468017578125e-01,-1.533260345458984375e-01,2.105811834335327148e-01,5.070177838206291199e-02,1.917292624711990356e-01,1.924514770507812500e-01,-1.217344775795936584e-01,3.285956084728240967e-01,-1.774178296327590942e-01,4.623908996582031250e-01,8.064457029104232788e-02,-1.916916668415069580e-02,-7.053956389427185059e-01,-3.548121154308319092e-01,3.283223807811737061e-01,-1.800927221775054932e-01,-3.643809556961059570e-01,2.500976920127868652e-01,4.486480951309204102e-01,4.971171617507934570e-01,-1.580524444580078125e-01,-1.122789010405540466e-01
-1.154654994606971741e-01,4.388336241245269775e-01,7.938333153724670410e-01,2.042045257985591888e-02,-3.598742419853806496e-03,6.837725639343261719e-01,7.294005155563354492e-01,-1.731621772050857544e-01,1.124327480792999268e-01,-9.901057928800582886e-02,4.418120086193084717e-01,-3.193803429603576660e-01,5.135535821318626404e-02,-1.858424246311187744e-01,-3.452862799167633057e-01,-1.591671854257583618e-01,2.539284825325012207e-01,3.617618605494499207e-02,1.670785248279571533e-01,1.945615857839584351e-01,-1.241782456636428833e-01,3.671684265136718750e-01,-1.951160579919815063e-01,4.758578538894653320e-01,1.026432663202285767e-01,1.784138195216655731e-02,-6.764533519744873047e-01,-3.497028350830078125e-01,3.698591291904449463e-01,-2.391519546508789062e-01,-3.377080559730529785e-01,2.777306735515594482e-01,3.758663833141326904e-01,4.848379492759704590e-01,-1.751426011323928833e-01,-1.544067412614822388e-01
-1.279096752405166626e-01,4.218990206718444824e-01,7.842540144920349121e-01,2.383865229785442352e-02,-1.188919506967067719e-02,6.755244731903076172e-01,7.368562221527099609e-01,-2.075701951980590820e-01,1.126801595091819763e-01,-8.448171615600585938e-02,5.214059352874755859e-01,-3.772599697113037109e-01,7.144302874803543091e-02,-2.187818884849548340e-01,-3.550326228141784668e-01,-1.548647433519363403e-01,2.825689613819122314e-01,2.873473428189754486e-02,1.585779190063476562e-01,1.905737370252609253e-01,-1.345475614070892334e-01,4.053328633308410645e-01,-2.046936452388763428e-01,4.714659452438354492e-01,9.171970188617706299e-02,5.526762083172798157e-02,-6.430860757827758789e-01,-3.334973156452178955e-01,3.808237016201019287e-01,-2.899684906005859375e-01,-3.056755661964416504e-01,3.147608637809753418e-01,2.976635694503784180e-01,4.661696553230285645e-01,-1.826873421669006348e-01,-1.716965436935424805e-01
-1.426550149917602539e-01,3.981137573719024658e-01,7.752173542976379395e-01,2.974743582308292389e-02,-2.142289653420448303e-02,6.660215258598327637e-01,7.450311779975891113e-01,-2.475498616695404053e-01,1.118585765361785889e-01,-6.429792940616607666e-02,6.004760265350341797e-01,-4.143317341804504395e-01,7.615311443805694580e-02,-2.547692656517028809e-01,-3.701987564563751221e-01,-1.687631458044052124e-01,3.021603822708129883e-01,3.967032209038734436e-02,1.576575040817260742e-01,1.937415003776550293e-01,-1.611225157976150513e-01,4.543810784816741943e-01,-2.160806059837341309e-01,4.231171309947967529e-01,6.210552901029586792e-02,8.050919324159622192e-02,-6.164015531539916992e-01,-3.210313916206359863e-01,3.779971897602081299e-01,-3.276516795158386230e-01,-2.661565840244293213e-01,3.688160181045532227e-01,1.693631261587142944e-01,4.423304796218872070e-01,-1.959428042173385620e-01,-1.611439883708953857e-01
-1.607972383499145508e-01,3.714042603969573975e-01,7.688900828361511230e-01,3.012262843549251556e-02,-2.507774159312248230e-02,6.591941118240356445e-01,7.509506344795227051e-01,-3.136375844478607178e-01,1.067518442869186401e-01,-4.483948275446891785e-02,6.752536296844482422e-01,-4.241340756416320801e-01,8.602780103683471680e-02,-2.941027581691741943e-01,-3.843415677547454834e-01,-1.870991736650466919e-01,2.872160971164703369e-01,5.747611448168754578e-02,1.683417111635208130e-01,1.832491755485534668e-01,-1.888090819120407104e-01,4.949519932270050049e-01,-1.882256418466567993e-01,3.293137848377227783e-01,7.369179511442780495e-04,1.390710920095443726e-01,-5.754303932189941406e-01,-2.894369363784790039e-01,3.532451391220092773e-01,-3.683684468269348145e-01,-2.298121452331542969e-01,4.470988512039184570e-01,9.845773130655288696e-02,3.753460943698883057e-01,-1.844475120306015015e-01,-1.276738643646240234e-01
-1.747744232416152954e-01,3.558495342731475830e-01,7.671487927436828613e-01,2.996288239955902100e-02,-2.643953450024127960e-02,6.544978022575378418e-01,7.550071477890014648e-01,-3.437646627426147461e-01,1.010275557637214661e-01,-3.165019676089286804e-02,7.002677321434020996e-01,-4.362633228302001953e-01,8.842376619577407837e-02,-3.223992884159088135e-01,-3.933439254760742188e-01,-1.869253814220428467e-01,2.802360355854034424e-01,6.928801536560058594e-02,1.805525571107864380e-01,1.503033936023712158e-01,-2.230523824691772461e-01,5.023452043533325195e-01,-1.836019456386566162e-01,2.970529794692993164e-01,-6.614292412996292114e-02,1.687688380479812622e-01,-5.511829257011413574e-01,-2.574477493762969971e-01,3.105322718620300293e-01,-3.672010600566864014e-01,-2.330411374568939209e-01,4.759753644466400146e-01,6.968580186367034912e-02,3.419522345066070557e-01,-1.681833863258361816e-01,-9.831232577562332153e-02
-1.885704249143600464e-01,3.454907536506652832e-01,7.667697668075561523e-01,2.667335048317909241e-02,-2.594674937427043915e-02,6.505661010742187500e-01,7.585374116897583008e-01,-3.674075603485107422e-01,9.933847188949584961e-02,-1.383051462471485138e-02,7.089421153068542480e-01,-4.322869181632995605e-01,7.678559422492980957e-02,-3.556486964225769043e-01,-3.975117802619934082e-01,-1.720927655696868896e-01,2.808634638786315918e-01,1.175220757722854614e-01,1.975456178188323975e-01,8.901937305927276611e-02,-2.564156651496887207e-01,5.055965781211853027e-01,-2.294533550739288330e-01,2.730566263198852539e-01,-1.782346516847610474e-01,2.580250203609466553e-01,-5.392599701881408691e-01,-2.120370715856552124e-01,2.241848558187484741e-01,-3.386678695678710938e-01,-2.525010704994201660e-01,4.669121205806732178e-01,6.366064399480819702e-02,3.740805089473724365e-01,-1.699889004230499268e-01,-7.783544063568115234e-02
-1.919731795787811279e-01,3.413012921810150146e-01,7.714024186134338379e-01,3.062623739242553711e-02,-2.814758941531181335e-02,6.411882638931274414e-01,7.662554383277893066e-01,-3.326162397861480713e-01,1.078499928116798401e-01,8.210489526391029358e-03,6.636061072349548340e-01,-4.189119935035705566e-01,6.044474616646766663e-02,-3.716650307178497314e-01,-4.034416079521179199e-01,-2.024067640304565430e-01,2.991095185279846191e-01,1.785020679235458374e-01,1.967502683401107788e-01,3.039652295410633087e-02,-2.956395447254180908e-01,5.016627311706542969e-01,-3.066452443599700928e-01,2.801447510719299316e-01,-2.991967797279357910e-01,3.039980232715606689e-01,-5.613245964050292969e-01,-1.845259666442871094e-01,1.448753923177719116e-01,-2.970107793807983398e-01,-3.259514272212982178e-01,4.186816215515136719e-01,5.656082928180694580e-02,4.423248171806335449e-01,-1.833990663290023804e-01,-9.021860361099243164e-02
-1.974852681159973145e-01,3.383163213729858398e-01,7.863244414329528809e-01,-3.765445435419678688e-03,-3.745966404676437378e-02,6.042199730873107910e-01,7.959276437759399414e-01,-3.022786676883697510e-01,2.184469550848007202e-01,5.199908837676048279e-02,5.743185281753540039e-01,-3.659014999866485596e-01,4.219833761453628540e-02,-3.538450896739959717e-01,-3.216180801391601562e-01,-2.497796565294265747e-01,4.464279115200042725e-01,3.744124248623847961e-02,1.854017078876495361e-01,5.286459997296333313e-02,-2.555670440196990967e-01,4.821957647800445557e-01,-3.925744593143463135e-01,2.773424386978149414e-01,-3.615061342716217041e-01,3.093693852424621582e-01,-5.764433741569519043e-01,-1.920977830886840820e-01,1.153007894754409790e-01,-2.720548212528228760e-01,-3.858835101127624512e-01,3.375057280063629150e-01,1.246197335422039032e-02,5.130554437637329102e-01,-1.874593645334243774e-01,-9.097439050674438477e-02
-1.950988173484802246e-01,3.354790508747100830e-01,7.908867597579956055e-01,-1.181847881525754929e-02,-2.698408067226409912e-02,5.694623589515686035e-01,8.214893937110900879e-01,-2.666684985160827637e-01,2.560768425464630127e-01,1.029375270009040833e-01,4.973882734775543213e-01,-3.096949458122253418e-01,1.849490404129028320e-02,-3.135666549205780029e-01,-3.216313719749450684e-01,-3.066401481628417969e-01,4.923683106899261475e-01,5.274149402976036072e-02,1.703333854675292969e-01,1.184762362390756607e-02,-2.724352180957794189e-01,4.331322014331817627e-01,-4.501017034053802490e-01,3.015725910663604736e-01,-4.220570325851440430e-01,2.314851731061935425e-01,-5.648191571235656738e-01,-2.004393935203552246e-01,6.985802203416824341e-02,-2.173953354358673096e-01,-4.911682307720184326e-01,2.098663449287414551e-01,-5.497623607516288757e-02,5.529124736785888672e-01,-2.123415619134902954e-01,-1.161698028445243835e-01
-1.891305744647979736e-01,3.343487381935119629e-01,7.994407415390014648e-01,-1.931106299161911011e-02,-1.305986754596233368e-02,5.229297280311584473e-01,8.520569205284118652e-01,-2.156856358051300049e-01,2.877974510192871094e-01,1.404077112674713135e-01,4.109236299991607666e-01,-2.481011152267456055e-01,-1.258733216673135757e-02,-2.801441252231597900e-01,-3.143742978572845459e-01,-3.456804454326629639e-01,5.506885051727294922e-01,6.141550838947296143e-02,1.551645845174789429e-01,-9.310583584010601044e-03,-2.816757857799530029e-01,3.774106502532958984e-01,-4.670571982860565186e-01,3.343096375465393066e-01,-3.984199166297912598e-01,8.222688734531402588e-02,-5.604785680770874023e-01,-2.497275173664093018e-01,6.376136094331741333e-02,-2.049562931060791016e-01,-6.104380488395690918e-01,8.946033567190170288e-02,-1.607153564691543579e-01,5.194740891456604004e-01,-2.321511805057525635e-01,-1.021321490406990051e-01
-1.780281066894531250e-01,3.324455320835113525e-01,8.057935833930969238e-01,-2.246704325079917908e-02,-3.097067121416330338e-03,4.924275577068328857e-01,8.700578808784484863e-01,-1.910556554794311523e-01,3.099301457405090332e-01,1.463702172040939331e-01,3.792658150196075439e-01,-1.763760149478912354e-01,-2.408181503415107727e-02,-2.639804780483245850e-01,-3.130525350570678711e-01,-3.394369184970855713e-01,5.633743405342102051e-01,7.281873375177383423e-02,1.459473967552185059e-01,-1.890058256685733795e-02,-2.686917483806610107e-01,3.371053338050842285e-01,-4.617870450019836426e-01,3.857912719249725342e-01,-3.534516394138336182e-01,-6.324233952909708023e-03,-5.183392763137817383e-01,-2.767888605594635010e-01,7.756949961185455322e-02,-1.985354572534561157e-01,-6.767186522483825684e-01,4.838092718273401260e-03,-2.511531412601470947e-01,4.977788329124450684e-01,-2.454536110162734985e-01,-1.026827543973922729e-01
-1.662296950817108154e-01,3.282975852489471436e-01,8.084085583686828613e-01,-1.812421716749668121e-02,6.699322257190942764e-03,4.632509648799896240e-01,8.860164880752563477e-01,-1.743308305740356445e-01,3.184369802474975586e-01,1.450927853584289551e-01,3.766704201698303223e-01,-1.088830307126045227e-01,-3.665648028254508972e-02,-2.576642930507659912e-01,-3.141267299652099609e-01,-3.189442753791809082e-01,5.516285300254821777e-01,8.568586409091949463e-02,1.418377757072448730e-01,-1.750303991138935089e-02,-2.520731389522552490e-01,3.151746392250061035e-01,-4.294837713241577148e-01,4.305126965045928955e-01,-2.995473444461822510e-01,-5.808896571397781372e-02,-4.969153404235839844e-01,-2.911678850650787354e-01,8.774520456790924072e-02,-2.128496617078781128e-01,-7.093818187713623047e-01,-4.452291131019592285e-02,-3.263641297817230225e-01,4.696606993675231934e-01,-2.510820031166076660e-01,-9.848517179489135742e-02
-1.546698808670043945e-01,3.217617273330688477e-01,8.101223111152648926e-01,-1.115183997899293900e-02,1.138306688517332077e-02,4.446055293083190918e-01,8.955847024917602539e-01,-1.687171161174774170e-01,3.281153142452239990e-01,1.450334042310714722e-01,3.979876637458801270e-01,-6.547809392213821411e-02,-4.171030595898628235e-02,-2.521040141582489014e-01,-3.215964436531066895e-01,-2.983786761760711670e-01,5.297170281410217285e-01,8.200304955244064331e-02,1.338644027709960938e-01,-1.639576256275177002e-02,-2.375215440988540649e-01,3.110102713108062744e-01,-4.036710560321807861e-01,4.559624195098876953e-01,-2.555351257324218750e-01,-8.022560179233551025e-02,-4.893092811107635498e-01,-2.962541580200195312e-01,1.110930740833282471e-01,-2.411627769470214844e-01,-7.223418354988098145e-01,-5.044299364089965820e-02,-3.721061646938323975e-01,4.300275444984436035e-01,-2.491510510444641113e-01,-1.129131093621253967e-01
-1.441948264837265015e-01,3.143942952156066895e-01,8.090307712554931641e-01,-8.011920726858079433e-04,1.570559665560722351e-02,4.245477020740509033e-01,9.052689671516418457e-01,-1.738051325082778931e-01,3.267413675785064697e-01,1.226752549409866333e-01,4.480023384094238281e-01,-4.074576869606971741e-02,-5.050725117325782776e-02,-2.521299421787261963e-01,-3.279172778129577637e-01,-2.673907279968261719e-01,5.066815018653869629e-01,5.086817219853401184e-02,1.188900321722030640e-01,-9.231632575392723083e-03,-2.150741666555404663e-01,3.193255960941314697e-01,-3.745831847190856934e-01,4.769857823848724365e-01,-2.091422677040100098e-01,-8.469407260417938232e-02,-4.713199734687805176e-01,-2.976716160774230957e-01,1.497868746519088745e-01,-2.873678505420684814e-01,-7.160738110542297363e-01,-3.088743239641189575e-02,-3.963848054409027100e-01,3.831091821193695068e-01,-2.446704655885696411e-01,-1.417897939682006836e-01
-1.352854967117309570e-01,3.070754408836364746e-01,8.040997385978698730e-01,1.309332717210054398e-02,2.323052100837230682e-02,4.003138542175292969e-01,9.159899950027465820e-01,-2.157446444034576416e-01,3.035821914672851562e-01,5.543263629078865051e-02,5.686567425727844238e-01,-4.224846884608268738e-02,-6.328468024730682373e-02,-2.642542421817779541e-01,-3.233512938022613525e-01,-1.962846368551254272e-01,4.715031385421752930e-01,-1.638276316225528717e-02,9.377996623516082764e-02,1.177105773240327835e-02,-1.744534671306610107e-01,3.511592447757720947e-01,-3.302606046199798584e-01,4.856171011924743652e-01,-1.522859036922454834e-01,-8.514612168073654175e-02,-4.595181643962860107e-01,-2.994147241115570068e-01,2.077671587467193604e-01,-3.687906563282012939e-01,-6.753536462783813477e-01,2.340425178408622742e-02,-4.134568572044372559e-01,3.474615216255187988e-01,-2.347269803285598755e-01,-1.819729357957839966e-01
-1.293592154979705811e-01,3.026165068149566650e-01,7.985433936119079590e-01,4.331944510340690613e-02,2.806189842522144318e-02,3.719698190689086914e-01,9.268087148666381836e-01,-3.084995150566101074e-01,2.583749890327453613e-01,-7.176978141069412231e-02,7.528222799301147461e-01,-4.946548491716384888e-02,-1.056641563773155212e-01,-2.939250171184539795e-01,-3.174085319042205811e-01,-8.158797025680541992e-02,4.697577059268951416e-01,-1.133114099502563477e-01,4.240583255887031555e-02,4.784813150763511658e-02,-1.142886951565742493e-01,4.114362895488739014e-01,-2.375518679618835449e-01,4.856811165809631348e-01,-9.608716517686843872e-02,-3.952765464782714844e-02,-4.724418222904205322e-01,-2.791781723499298096e-01,2.278725504875183105e-01,-4.497920572757720947e-01,-6.149874329566955566e-01,1.210391893982887268e-01,-2.892026603221893311e-01,3.377407193183898926e-01,-1.913484781980514526e-01,-1.836425513029098511e-01
-1.274378448724746704e-01,3.021995127201080322e-01,7.942956686019897461e-01,5.883418396115303040e-02,2.984815090894699097e-02,3.554634749889373779e-01,9.323590397834777832e-01,-3.935596048831939697e-01,2.194186300039291382e-01,-1.124689802527427673e-01,8.900817632675170898e-01,-1.038610562682151794e-01,-9.411466866731643677e-02,-3.100841045379638672e-01,-3.199016153812408447e-01,4.728950560092926025e-03,4.927734732627868652e-01,-1.752818673849105835e-01,3.298439830541610718e-02,6.787437945604324341e-02,-7.512568682432174683e-02,4.550228714942932129e-01,-1.944329589605331421e-01,4.612087905406951904e-01,-7.080020010471343994e-02,-1.587549783289432526e-02,-4.431518912315368652e-01,-2.664145827293395996e-01,2.490774691104888916e-01,-5.023411512374877930e-01,-5.846171975135803223e-01,1.737419515848159790e-01,-1.888725161552429199e-01,3.514134585857391357e-01,-1.848422586917877197e-01,-2.001237124204635620e-01
-1.298110336065292358e-01,3.050498962402343750e-01,7.897602915763854980e-01,6.592769920825958252e-02,4.053420946002006531e-02,3.379133343696594238e-01,9.379899501800537109e-01,-5.205407738685607910e-01,1.482866704463958740e-01,-1.665094643831253052e-01,9.944751858711242676e-01,-1.502343118190765381e-01,-8.165945112705230713e-02,-3.652540445327758789e-01,-3.174898326396942139e-01,8.667575567960739136e-02,5.320082902908325195e-01,-2.203914672136306763e-01,2.200669422745704651e-02,9.721874445676803589e-02,-9.823114611208438873e-03,4.899863898754119873e-01,-1.234353333711624146e-01,4.342860281467437744e-01,-7.122027128934860229e-02,4.391055181622505188e-02,-4.161816835403442383e-01,-2.593906521797180176e-01,2.779266238212585449e-01,-5.620294809341430664e-01,-5.632761120796203613e-01,2.541673183441162109e-01,5.574405565857887268e-02,3.499039113521575928e-01,-1.726143956184387207e-01,-2.300802916288375854e-01
-1.351762861013412476e-01,3.099998533725738525e-01,7.878519892692565918e-01,6.539490818977355957e-02,5.728124082088470459e-02,3.239122331142425537e-01,9.420844912528991699e-01,-6.361204385757446289e-01,5.924643576145172119e-02,-1.961548030376434326e-01,1.021713018417358398e+00,-1.956779211759567261e-01,-8.483628183603286743e-02,-4.268665611743927002e-01,-3.102576732635498047e-01,1.531142741441726685e-01,5.519570112228393555e-01,-2.653731703758239746e-01,3.226258605718612671e-02,1.275660693645477295e-01,5.649475008249282837e-02,5.116732716560363770e-01,-3.206186741590499878e-02,4.241793751716613770e-01,-1.033039167523384094e-01,7.583498954772949219e-02,-4.055542051792144775e-01,-2.684575021266937256e-01,2.835433781147003174e-01,-6.289845108985900879e-01,-5.721827149391174316e-01,3.107921183109283447e-01,4.126065373420715332e-01,3.191434144973754883e-01,-1.497164517641067505e-01,-2.493377327919006348e-01
-1.418302357196807861e-01,2.983952462673187256e-01,7.857270240783691406e-01,5.949580669403076172e-02,6.649229675531387329e-02,3.163861036300659180e-01,9.444251656532287598e-01,-6.867080926895141602e-01,-1.324953604489564896e-02,-2.391262799501419067e-01,9.912565350532531738e-01,-2.046979069709777832e-01,-9.102524071931838989e-02,-4.786625802516937256e-01,-2.654151618480682373e-01,2.181738764047622681e-01,5.694509148597717285e-01,-2.921001911163330078e-01,4.406079649925231934e-02,1.334727853536605835e-01,1.046964898705482483e-01,5.199999809265136719e-01,2.639432623982429504e-02,4.125320911407470703e-01,-1.210834085941314697e-01,6.595573574304580688e-02,-4.213040769100189209e-01,-2.822674810886383057e-01,2.911936640739440918e-01,-6.924459338188171387e-01,-5.958598256111145020e-01,3.243609368801116943e-01,6.469227075576782227e-01,3.537464737892150879e-01,-1.378120034933090210e-01,-2.298077344894409180e-01
-1.484152674674987793e-01,3.060143887996673584e-01,7.818455100059509277e-01,5.159428715705871582e-02,7.792364805936813354e-02,2.978243231773376465e-01,9.500350356101989746e-01,-7.514275312423706055e-01,-5.981391295790672302e-02,-2.508648633956909180e-01,9.207975268363952637e-01,-2.192563414573669434e-01,-1.113345101475715637e-01,-5.318380594253540039e-01,-2.449053227901458740e-01,2.544605135917663574e-01,5.854502320289611816e-01,-3.107326924800872803e-01,4.439273104071617126e-02,1.711852401494979858e-01,1.860976666212081909e-01,5.199999809265136719e-01,8.132345229387283325e-02,4.381254017353057861e-01,-1.425039321184158325e-01,2.161634713411331177e-02,-5.155017971992492676e-01,-2.925170361995697021e-01,2.269270122051239014e-01,-7.742506861686706543e-01,-7.070287466049194336e-01,2.708860039710998535e-01,1.061902523040771484e+00,3.895190656185150146e-01,-6.377010047435760498e-02,-1.632595360279083252e-01
-1.537919938564300537e-01,3.153187334537506104e-01,7.800304293632507324e-01,4.347956553101539612e-02,8.875801414251327515e-02,2.671826183795928955e-01,9.585640430450439453e-01,-7.774208784103393555e-01,-9.555636346340179443e-02,-2.655944228172302246e-01,8.316015601158142090e-01,-2.225419431924819946e-01,-1.201490238308906555e-01,-5.752754807472229004e-01,-2.177224606275558472e-01,2.828648984432220459e-01,5.726038813591003418e-01,-3.058320879936218262e-01,4.145417734980583191e-02,1.904795616865158081e-01,2.318767160177230835e-01,5.199999809265136719e-01,1.170166954398155212e-01,4.853451550006866455e-01,-1.216538399457931519e-01,-5.317422747611999512e-02,-5.837358236312866211e-01,-3.112383186817169189e-01,1.799645125865936279e-01,-8.415311574935913086e-01,-8.298650979995727539e-01,1.863079667091369629e-01,1.212489366531372070e+00,4.865607619285583496e-01,-4.286798089742660522e-02,-1.416345983743667603e-01
-1.579392999410629272e-01,3.265032470226287842e-01,7.807304263114929199e-01,3.325427323579788208e-02,1.081154122948646545e-01,2.208102792501449585e-01,9.687352776527404785e-01,-7.619438767433166504e-01,-1.492056697607040405e-01,-3.218090236186981201e-01,7.544224262237548828e-01,-2.138747572898864746e-01,-1.247667968273162842e-01,-6.124822497367858887e-01,-1.713130027055740356e-01,3.444306254386901855e-01,5.000391602516174316e-01,-2.652855515480041504e-01,5.772177875041961670e-02,1.654610037803649902e-01,2.135453075170516968e-01,5.199999809265136719e-01,1.300588250160217285e-01,5.307849645614624023e-01,-7.230547815561294556e-02,-1.311461329460144043e-01,-6.020805239677429199e-01,-3.397752046585083008e-01,2.000498026609420776e-01,-9.124954342842102051e-01,-9.950743317604064941e-01,1.453863531351089478e-01,1.198895454406738281e+00,5.402179360389709473e-01,-7.442143559455871582e-02,-1.693855971097946167e-01
-1.621456742286682129e-01,3.412607014179229736e-01,7.812342643737792969e-01,2.959161438047885895e-02,1.186323910951614380e-01,1.904741227626800537e-01,9.740484356880187988e-01,-7.492199540138244629e-01,-1.712212562561035156e-01,-3.184514343738555908e-01,7.199526429176330566e-01,-2.110681086778640747e-01,-1.132581233978271484e-01,-6.168801188468933105e-01,-1.663296669721603394e-01,3.749443888664245605e-01,4.234291017055511475e-01,-2.117419391870498657e-01,7.172444462776184082e-02,1.427943706512451172e-01,1.958821862936019897e-01,5.199999809265136719e-01,1.153799518942832947e-01,5.527504086494445801e-01,-4.392019286751747131e-02,-1.819969266653060913e-01,-6.236007809638977051e-01,-3.608703613281250000e-01,2.178157866001129150e-01,-9.490288496017456055e-01,-1.109680891036987305e+00,1.327425688505172729e-01,1.203009128570556641e+00,5.516493916511535645e-01,-7.939454913139343262e-02,-1.898884922266006470e-01
-1.675228625535964966e-01,3.390056192874908447e-01,7.856070995330810547e-01,2.857212163507938385e-02,1.311906576156616211e-01,1.542030274868011475e-01,9.788739085197448730e-01,-7.320862412452697754e-01,-1.744556725025177002e-01,-2.685106992721557617e-01,6.835936903953552246e-01,-2.229204028844833374e-01,-7.433324307203292847e-02,-6.110646128654479980e-01,-1.425966620445251465e-01,4.275419116020202637e-01,2.962323725223541260e-01,-1.582342237234115601e-01,9.370824694633483887e-02,7.280228286981582642e-02,1.374481767416000366e-01,5.199999809265136719e-01,6.273905187845230103e-02,5.515778064727783203e-01,-3.691763803362846375e-02,-2.164300978183746338e-01,-5.895109176635742188e-01,-3.781679868698120117e-01,2.663444280624389648e-01,-9.791062474250793457e-01,-1.195872187614440918e+00,1.378984302282333374e-01,1.153026938438415527e+00,5.533334612846374512e-01,-1.066290363669395447e-01,-2.439081668853759766e-01
-1.716236025094985962e-01,3.558310866355895996e-01,7.813653349876403809e-01,3.133850172162055969e-02,1.329960227012634277e-01,1.270267963409423828e-01,9.824429750442504883e-01,-7.087082862854003906e-01,-1.732929199934005737e-01,-1.926678568124771118e-01,6.623466014862060547e-01,-2.266168892383575439e-01,-4.272840172052383423e-02,-5.997687578201293945e-01,-1.621967554092407227e-01,4.227111339569091797e-01,2.229487299919128418e-01,-2.989422716200351715e-02,1.232616454362869263e-01,1.435950119048357010e-02,7.502263784408569336e-02,5.199999809265136719e-01,3.681512922048568726e-02,5.254890918731689453e-01,-5.045507848262786865e-02,-2.447942942380905151e-01,-5.771862268447875977e-01,-3.807064294815063477e-01,2.846447527408599854e-01,-9.741659760475158691e-01,-1.233210921287536621e+00,1.589802950620651245e-01,1.134728431701660156e+00,5.190228819847106934e-01,-1.059714704751968384e-01,-2.656285464763641357e-01
-1.802235841751098633e-01,3.493275344371795654e-01,7.760871052742004395e-01,1.703657768666744232e-02,1.375167816877365112e-01,5.370232090353965759e-02,9.888958334922790527e-01,-6.987908482551574707e-01,-7.831226289272308350e-02,-8.790300786495208740e-02,6.663793921470642090e-01,-2.784672379493713379e-01,-2.896220190450549126e-03,-5.692021846771240234e-01,-2.290492802858352661e-01,4.254314303398132324e-01,1.195100471377372742e-01,6.790692359209060669e-02,2.413824945688247681e-01,-5.690472200512886047e-02,-2.359239198267459869e-02,5.199999809265136719e-01,-2.385839261114597321e-02,5.110007524490356445e-01,-7.131030410528182983e-02,-2.534646689891815186e-01,-5.594601035118103027e-01,-3.757628202438354492e-01,3.171253204345703125e-01,-9.700635671615600586e-01,-1.209691166877746582e+00,2.031565606594085693e-01,1.043210983276367188e+00,5.061887502670288086e-01,-1.314922869205474854e-01,-2.845581769943237305e-01
-1.859593689441680908e-01,3.680762350559234619e-01,7.914310097694396973e-01,1.431763079017400742e-02,1.281036883592605591e-01,-3.502345085144042969e-02,9.910387396812438965e-01,-6.430448293685913086e-01,-1.958293467760086060e-02,1.087634009309113026e-03,6.568766236305236816e-01,-3.038764297962188721e-01,3.004499012604355812e-03,-5.719655752182006836e-01,-2.425755262374877930e-01,3.366699218750000000e-01,5.571572482585906982e-02,1.504035741090774536e-01,2.454521358013153076e-01,-1.196819767355918884e-01,-1.253607273101806641e-01,5.199999809265136719e-01,-9.046471118927001953e-02,4.712862372398376465e-01,-3.590293228626251221e-02,-2.353675216436386108e-01,-4.891143143177032471e-01,-3.807727098464965820e-01,4.078810214996337891e-01,-9.022454023361206055e-01,-1.173606276512145996e+00,1.775559633970260620e-01,8.974999785423278809e-01,5.198831558227539062e-01,-1.872019767761230469e-01,-3.699550628662109375e-01
-1.837935298681259155e-01,3.696262240409851074e-01,8.083347082138061523e-01,1.156561262905597687e-02,1.072887405753135681e-01,-1.215051785111427307e-01,9.867075681686401367e-01,-5.514923930168151855e-01,2.116727642714977264e-02,6.399007886648178101e-02,6.258450746536254883e-01,-3.243755698204040527e-01,2.801880473271012306e-03,-5.408045053482055664e-01,-2.334549129009246826e-01,2.445196062326431274e-01,7.620505988597869873e-02,1.842421293258666992e-01,2.608460783958435059e-01,-1.924355477094650269e-01,-2.370602041482925415e-01,5.199999809265136719e-01,-1.304100155830383301e-01,4.648215174674987793e-01,-1.271776668727397919e-02,-2.365670204162597656e-01,-4.621241390705108643e-01,-3.607134222984313965e-01,4.135534167289733887e-01,-7.755942344665527344e-01,-1.243930101394653320e+00,1.770484000444412231e-01,8.979285359382629395e-01,4.433401226997375488e-01,-1.699020266532897949e-01,-3.296771049499511719e-01
-1.760422885417938232e-01,3.848333060741424561e-01,8.248932361602783203e-01,7.373168598860502243e-03,7.321269065141677856e-02,-2.234516292810440063e-01,9.719336032867431641e-01,-4.127638041973114014e-01,6.434560567140579224e-02,1.233191564679145813e-01,5.666247010231018066e-01,-3.164978325366973877e-01,-1.660279184579849243e-02,-4.714435636997222900e-01,-2.033977508544921875e-01,1.191699653863906860e-01,1.123321354389190674e-01,2.423267215490341187e-01,2.578897476196289062e-01,-2.295638620853424072e-01,-3.404534459114074707e-01,5.058429241180419922e-01,-1.860208958387374878e-01,4.660148322582244873e-01,-2.197558432817459106e-02,-2.521851956844329834e-01,-4.570156335830688477e-01,-3.470184803009033203e-01,3.878360092639923096e-01,-5.409768819808959961e-01,-1.337919831275939941e+00,1.791784912347793579e-01,9.327222108840942383e-01,1.967707872390747070e-01,-1.351586580276489258e-01,-1.383570134639739990e-01
-1.583740562200546265e-01,3.924377262592315674e-01,8.265075683593750000e-01,1.653803512454032898e-03,4.330823943018913269e-02,-3.027162849903106689e-01,9.520947933197021484e-01,-2.771675884723663330e-01,7.532943040132522583e-02,1.225805580615997314e-01,5.066767334938049316e-01,-2.832083702087402344e-01,-2.949950471520423889e-02,-3.993726074695587158e-01,-1.733171045780181885e-01,3.463570401072502136e-02,1.578565388917922974e-01,2.335502058267593384e-01,2.236550599336624146e-01,-2.887436151504516602e-01,-3.869557380676269531e-01,4.492621421813964844e-01,-2.935480773448944092e-01,4.560386240482330322e-01,-7.706999033689498901e-02,-2.525252401828765869e-01,-3.684628009796142578e-01,-3.135054409503936768e-01,3.275724053382873535e-01,-3.463665246963500977e-01,-1.394768238067626953e+00,1.080826446413993835e-01,9.428595900535583496e-01,4.394136369228363037e-02,-1.377259939908981323e-01,-9.265859611332416534e-03
-1.380884051322937012e-01,3.894715607166290283e-01,8.297867774963378906e-01,7.873295806348323822e-03,3.538876771926879883e-02,-3.781751394271850586e-01,9.250239133834838867e-01,-2.062825113534927368e-01,6.009552627801895142e-02,1.350377947092056274e-01,4.989819526672363281e-01,-2.592019736766815186e-01,-2.708603627979755402e-02,-3.625757694244384766e-01,-1.600981056690216064e-01,-9.817483834922313690e-03,1.963679939508438110e-01,2.643505334854125977e-01,2.123362421989440918e-01,-3.501649498939514160e-01,-4.077997803688049316e-01,3.071592748165130615e-01,-4.847519397735595703e-01,4.412913322448730469e-01,-2.781668305397033691e-01,-2.562342584133148193e-01,-2.415496408939361572e-01,-2.698239088058471680e-01,2.373824566602706909e-01,7.874261587858200073e-03,-1.419663190841674805e+00,-1.275637894868850708e-01,9.128810763359069824e-01,-8.766192197799682617e-02,-1.367527842521667480e-01,8.056987822055816650e-02
-1.196781620383262634e-01,3.830070197582244873e-01,8.329740762710571289e-01,1.096545998007059097e-02,2.596327662467956543e-02,-4.332175254821777344e-01,9.008486270904541016e-01,-1.388680338859558105e-01,3.204810619354248047e-02,1.231533661484718323e-01,4.813701808452606201e-01,-2.258341461420059204e-01,-2.081707492470741272e-02,-3.338344693183898926e-01,-1.373369097709655762e-01,-3.734734654426574707e-02,2.313969880342483521e-01,2.594987154006958008e-01,2.001937925815582275e-01,-4.049493670463562012e-01,-3.862807154655456543e-01,2.026836425065994263e-01,-5.500399470329284668e-01,4.736778438091278076e-01,-3.533892333507537842e-01,-2.352235466241836548e-01,-2.136750817298889160e-01,-2.499691396951675415e-01,1.625328660011291504e-01,1.205026507377624512e-01,-1.425636410713195801e+00,-1.658077389001846313e-01,9.203360080718994141e-01,-1.247827857732772827e-01,-1.277997493743896484e-01,1.446066200733184814e-01
-1.021700799465179443e-01,3.770267367362976074e-01,8.356223702430725098e-01,2.236083149909973145e-02,2.249214053153991699e-02,-5.267595052719116211e-01,8.494224548339843750e-01,-7.251667976379394531e-02,-2.311104349792003632e-02,9.864405542612075806e-02,4.281341433525085449e-01,-1.919778734445571899e-01,7.088378071784973145e-03,-3.308965861797332764e-01,-8.788038045167922974e-02,-5.127015709877014160e-02,2.686299979686737061e-01,2.517233788967132568e-01,1.823889315128326416e-01,-4.393196403980255127e-01,-3.241997361183166504e-01,7.800925523042678833e-02,-5.432948470115661621e-01,5.696136355400085449e-01,-3.501729071140289307e-01,-1.860337853431701660e-01,-1.767780035734176636e-01,-2.622429728507995605e-01,1.251143813133239746e-01,3.481480479240417480e-01,-1.420897603034973145e+00,-3.540524840354919434e-01,8.641804456710815430e-01,-1.677277237176895142e-01,-1.271302103996276855e-01,1.680652350187301636e-01
-9.015984088182449341e-02,3.689357042312622070e-01,8.372966647148132324e-01,3.033622540533542633e-02,1.858178153634071350e-02,-6.272596716880798340e-01,7.779972553253173828e-01,-8.767268620431423187e-03,-7.433847337961196899e-02,7.662919163703918457e-02,3.673109710216522217e-01,-1.524448096752166748e-01,3.849100694060325623e-02,-3.040660321712493896e-01,-4.644598066806793213e-02,-4.632534459233283997e-02,2.768480777740478516e-01,2.476222962141036987e-01,1.822664737701416016e-01,-4.769179522991180420e-01,-2.600244283676147461e-01,4.487531259655952454e-03,-4.503092169761657715e-01,7.120355367660522461e-01,-2.446654140949249268e-01,-1.189194619655609131e-01,-1.344696432352066040e-01,-2.955675125122070312e-01,1.456222236156463623e-01,4.467143714427947998e-01,-1.384907603263854980e+00,-4.896085858345031738e-01,8.187631368637084961e-01,-1.518457084894180298e-01,-1.585016548633575439e-01,1.245823949575424194e-01
-8.027564734220504761e-02,3.585938513278961182e-01,8.407924175262451172e-01,3.233482688665390015e-02,1.201800536364316940e-02,-7.200126051902770996e-01,6.931031346321105957e-01,7.532822899520397186e-03,5.759679246693849564e-03,8.931738138198852539e-02,2.729648351669311523e-01,-5.160906538367271423e-02,-1.711581274867057800e-02,-2.702569365501403809e-01,-3.351363539695739746e-02,-6.162281334400177002e-02,3.018179237842559814e-01,2.268712818622589111e-01,1.634958088397979736e-01,-4.652952253818511963e-01,-1.848018765449523926e-01,-2.783801034092903137e-02,-3.213493227958679199e-01,8.467953801155090332e-01,-8.752409368753433228e-02,-6.511073559522628784e-02,-1.207203492522239685e-01,-3.278414309024810791e-01,1.597713679075241089e-01,6.526775956153869629e-01,-1.317706227302551270e+00,-7.269703745841979980e-01,7.013268470764160156e-01,-1.130424216389656067e-01,-1.865275055170059204e-01,7.955571264028549194e-02
-7.359674572944641113e-02,3.506732881069183350e-01,8.459773063659667969e-01,3.025937639176845551e-02,1.947321370244026184e-02,-7.955539226531982422e-01,6.048133373260498047e-01,2.005323767662048340e-02,1.524764299392700195e-02,1.142038777470588684e-01,2.397018522024154663e-01,-4.706266894936561584e-02,-1.806864398531615734e-03,-2.490686625242233276e-01,-2.924592606723308563e-02,-6.772758811712265015e-02,3.563072681427001953e-01,1.873807460069656372e-01,1.334997117519378662e-01,-4.552340507507324219e-01,-9.565625339746475220e-02,-5.026495084166526794e-02,-2.131038904190063477e-01,9.503228068351745605e-01,3.802733123302459717e-02,-2.596429176628589630e-02,-1.121487319469451904e-01,-3.296844661235809326e-01,1.446982324123382568e-01,7.572320103645324707e-01,-1.244598865509033203e+00,-8.653470277786254883e-01,6.293498873710632324e-01,-8.005018532276153564e-02,-1.841589510440826416e-01,3.492736816406250000e-02
-6.454673409461975098e-02,3.450371026992797852e-01,8.494874238967895508e-01,2.891185320913791656e-02,2.586828172206878662e-02,-8.411141633987426758e-01,5.394644737243652344e-01,1.902960985898971558e-02,2.634811773896217346e-02,1.321050226688385010e-01,2.169914543628692627e-01,-4.156792908906936646e-02,1.474856049753725529e-03,-2.456393390893936157e-01,-3.206152096390724182e-02,-6.022016704082489014e-02,4.021221697330474854e-01,1.606478691101074219e-01,1.204070225358009338e-01,-4.542526006698608398e-01,-2.045059576630592346e-02,-4.425484687089920044e-02,-1.153875291347503662e-01,9.829903841018676758e-01,1.303178966045379639e-01,1.166584156453609467e-02,-1.693164408206939697e-01,-3.204082846641540527e-01,1.311990916728973389e-01,8.101162910461425781e-01,-1.199340224266052246e+00,-9.600188136100769043e-01,6.139702200889587402e-01,-3.673521801829338074e-02,-1.805866211652755737e-01,2.089173533022403717e-02
-5.216018483042716980e-02,3.409223556518554688e-01,8.510364294052124023e-01,2.503923699259757996e-02,3.112275339663028717e-02,-8.979043960571289062e-01,4.383743703365325928e-01,1.468633487820625305e-02,4.229283332824707031e-02,2.231556624174118042e-01,1.804464459419250488e-01,-6.550537422299385071e-03,-3.905346617102622986e-03,-2.555009126663208008e-01,-5.736621469259262085e-02,-8.122018724679946899e-02,4.435138702392578125e-01,1.028886884450912476e-01,9.179596602916717529e-02,-4.890834391117095947e-01,1.313529908657073975e-01,-1.976772397756576538e-02,6.389985978603363037e-02,9.561040997505187988e-01,2.580572962760925293e-01,-1.392235793173313141e-02,-3.930701017379760742e-01,-3.442989885807037354e-01,1.076426953077316284e-01,8.869119882583618164e-01,-1.140899777412414551e+00,-1.090707182884216309e+00,5.520824790000915527e-01,6.616893410682678223e-02,-2.095237225294113159e-01,-6.643630564212799072e-02
-4.147300124168395996e-02,3.397474884986877441e-01,8.502745032310485840e-01,3.414621576666831970e-02,3.003312647342681885e-02,-9.409692287445068359e-01,3.354235887527465820e-01,5.667148623615503311e-03,6.523772329092025757e-02,3.275713622570037842e-01,1.723351776599884033e-01,-4.582082852721214294e-03,1.513933879323303699e-03,-2.721209228038787842e-01,-7.712002843618392944e-02,-5.462689697742462158e-02,4.989888072013854980e-01,5.138466879725456238e-02,9.207154065370559692e-02,-5.189108252525329590e-01,2.563512623310089111e-01,2.612222172319889069e-02,1.421081572771072388e-01,8.866997957229614258e-01,2.686772942543029785e-01,-8.864659816026687622e-03,-6.506316661834716797e-01,-3.714926540851593018e-01,9.078271687030792236e-02,8.722222447395324707e-01,-1.157094120979309082e+00,-1.171366214752197266e+00,5.045761466026306152e-01,1.590213030576705933e-01,-2.452431619167327881e-01,-1.517615318298339844e-01
-2.887299656867980957e-02,3.398506939411163330e-01,8.423255681991577148e-01,3.866474702954292297e-02,1.927448995411396027e-02,-9.779227972030639648e-01,2.044517397880554199e-01,-1.598609238862991333e-02,6.959599256515502930e-02,4.145252406597137451e-01,1.740658879280090332e-01,-1.404319796711206436e-02,2.189442329108715057e-02,-2.784367799758911133e-01,-1.371976584196090698e-01,-4.499962925910949707e-02,4.901261627674102783e-01,1.712066307663917542e-02,8.380097150802612305e-02,-5.053853988647460938e-01,3.552889525890350342e-01,9.216919541358947754e-02,2.264948636293411255e-01,8.593329787254333496e-01,2.736816108226776123e-01,-2.798462472856044769e-02,-7.382795810699462891e-01,-3.696748912334442139e-01,6.841842085123062134e-02,8.078721761703491211e-01,-1.157806396484375000e+00,-1.231955409049987793e+00,4.077795445919036865e-01,2.238938361406326294e-01,-2.586140632629394531e-01,-2.214105725288391113e-01
-1.724368520081043243e-02,3.388674259185791016e-01,8.319979310035705566e-01,4.062872752547264099e-02,4.283525049686431885e-03,-9.966612458229064941e-01,7.069136947393417358e-02,-2.782524190843105316e-02,7.510741800069808960e-02,5.711107850074768066e-01,2.134005874395370483e-01,-7.318206876516342163e-02,4.436407238245010376e-02,-2.867047786712646484e-01,-2.555162906646728516e-01,-1.166749149560928345e-01,4.951061606407165527e-01,1.589964143931865692e-02,7.256295531988143921e-02,-4.639144241809844971e-01,4.251613616943359375e-01,1.442787349224090576e-01,2.614379227161407471e-01,8.013747930526733398e-01,2.535911798477172852e-01,-9.114272147417068481e-02,-8.063228130340576172e-01,-3.831560015678405762e-01,3.997350856661796570e-02,6.873915791511535645e-01,-1.163578033447265625e+00,-1.243620634078979492e+00,3.169491887092590332e-01,2.989977598190307617e-01,-2.699995338916778564e-01,-3.021726608276367188e-01
-5.545551422983407974e-03,3.390361368656158447e-01,8.193325400352478027e-01,5.232407525181770325e-02,-7.949181832373142242e-03,-9.969564080238342285e-01,-5.724419653415679932e-02,-5.270154401659965515e-02,7.989017665386199951e-02,6.545498371124267578e-01,2.753434777259826660e-01,-1.462357938289642334e-01,7.600533217191696167e-02,-3.119094669818878174e-01,-3.465090095996856689e-01,-1.412839442491531372e-01,5.062319636344909668e-01,-6.200846284627914429e-03,6.068250164389610291e-02,-4.152679741382598877e-01,4.691350758075714111e-01,2.070803940296173096e-01,2.645812630653381348e-01,7.292250990867614746e-01,2.433840781450271606e-01,-1.553377062082290649e-01,-7.804638743400573730e-01,-3.922803997993469238e-01,5.244256183505058289e-02,5.373848676681518555e-01,-1.165879487991333008e+00,-1.196663379669189453e+00,2.119224816560745239e-01,3.343140482902526855e-01,-2.642402052879333496e-01,-3.794033527374267578e-01
4.350299946963787079e-03,3.393923938274383545e-01,8.069673776626586914e-01,5.502650886774063110e-02,-2.214675210416316986e-02,-9.825585484504699707e-01,-1.762391924858093262e-01,-8.887738734483718872e-02,9.721927344799041748e-02,7.097263336181640625e-01,3.640587925910949707e-01,-2.214880287647247314e-01,1.100095883011817932e-01,-3.655436336994171143e-01,-4.238535463809967041e-01,-1.358015984296798706e-01,5.377122759819030762e-01,-2.416805736720561981e-02,6.913124024868011475e-02,-3.523266911506652832e-01,4.920793771743774414e-01,2.652238309383392334e-01,2.167268842458724976e-01,6.854647397994995117e-01,1.824046522378921509e-01,-2.104055434465408325e-01,-7.486136555671691895e-01,-3.544504642486572266e-01,5.517117679119110107e-02,3.052681386470794678e-01,-1.170333981513977051e+00,-1.043689489364624023e+00,1.274983584880828857e-01,4.140550792217254639e-01,-2.527225017547607422e-01,-3.935997486114501953e-01
1.429684180766344070e-02,3.421296477317810059e-01,7.958961129188537598e-01,5.334555730223655701e-02,-3.230249136686325073e-02,-9.662681818008422852e-01,-2.498731315135955811e-01,-1.154560595750808716e-01,1.078635230660438538e-01,7.368840575218200684e-01,4.273782968521118164e-01,-2.730029225349426270e-01,1.341607719659805298e-01,-4.205915033817291260e-01,-4.470567703247070312e-01,-1.082100719213485718e-01,5.658916831016540527e-01,-5.546750873327255249e-02,8.119838684797286987e-02,-3.288438916206359863e-01,4.924034774303436279e-01,3.214817345142364502e-01,1.624904870986938477e-01,6.498062610626220703e-01,1.378292292356491089e-01,-2.355612814426422119e-01,-7.147369980812072754e-01,-3.431974947452545166e-01,8.245325833559036255e-02,1.167231723666191101e-01,-1.149525165557861328e+00,-8.844084143638610840e-01,7.997607439756393433e-02,4.283454716205596924e-01,-2.487729489803314209e-01,-4.138227701187133789e-01
2.468929439783096313e-02,3.444703817367553711e-01,7.862605452537536621e-01,4.940684512257575989e-02,-4.207640513777732849e-02,-9.415264129638671875e-01,-3.306305110454559326e-01,-1.315430104732513428e-01,1.186345219612121582e-01,7.147722840309143066e-01,4.962026178836822510e-01,-3.369083702564239502e-01,1.383130550384521484e-01,-5.035208463668823242e-01,-4.404030740261077881e-01,-6.572777032852172852e-02,6.147665977478027344e-01,-8.813892304897308350e-02,1.042340323328971863e-01,-3.210029304027557373e-01,4.862670004367828369e-01,3.995240628719329834e-01,8.760307729244232178e-02,6.250078082084655762e-01,9.752160310745239258e-02,-2.309453785419464111e-01,-5.841938853263854980e-01,-3.383845686912536621e-01,1.519985646009445190e-01,-1.054475456476211548e-01,-1.080998897552490234e+00,-6.468768119812011719e-01,1.019865795969963074e-01,4.681722521781921387e-01,-2.254429310560226440e-01,-4.174979329109191895e-01
3.449705988168716431e-02,3.482344746589660645e-01,7.777069807052612305e-01,4.695746302604675293e-02,-4.895545169711112976e-02,-9.162608981132507324e-01,-3.947966098785400391e-01,-1.522037386894226074e-01,1.319479793310165405e-01,6.799240708351135254e-01,5.608324408531188965e-01,-3.900711536407470703e-01,1.470456272363662720e-01,-5.790296196937561035e-01,-3.887677788734436035e-01,-1.122075784951448441e-02,6.574410200119018555e-01,-1.283269524574279785e-01,1.209602504968643188e-01,-3.374674916267395020e-01,4.754385650157928467e-01,4.676149189472198486e-01,2.919079922139644623e-02,5.955363512039184570e-01,6.308520585298538208e-02,-1.985448598861694336e-01,-5.049331784248352051e-01,-3.151994943618774414e-01,2.175961732864379883e-01,-2.686238884925842285e-01,-1.004748344421386719e+00,-4.489277899265289307e-01,1.380620598793029785e-01,5.055981874465942383e-01,-2.098281383514404297e-01,-4.037883281707763672e-01
3.977352753281593323e-02,3.541389703750610352e-01,7.735720872879028320e-01,4.179787635803222656e-02,-6.145404651761054993e-02,-8.860797882080078125e-01,-4.575356841087341309e-01,-2.602462470531463623e-01,1.744544804096221924e-01,6.197003126144409180e-01,6.650172472000122070e-01,-3.951413631439208984e-01,1.658200770616531372e-01,-6.513464450836181641e-01,-3.475876748561859131e-01,3.072011098265647888e-02,7.006987333297729492e-01,-1.646511256694793701e-01,1.186729818582534790e-01,-3.409533798694610596e-01,4.365381300449371338e-01,4.973730444908142090e-01,-1.974949799478054047e-02,5.668572783470153809e-01,1.331658102571964264e-02,-1.440674662590026855e-01,-4.002127945423126221e-01,-3.008277714252471924e-01,2.956224679946899414e-01,-3.847959637641906738e-01,-9.227933883666992188e-01,-2.669206559658050537e-01,2.942762076854705811e-01,5.363556742668151855e-01,-1.915088444948196411e-01,-4.210061728954315186e-01
4.557235538959503174e-02,3.593385219573974609e-01,7.698080539703369141e-01,3.601182252168655396e-02,-7.189210504293441772e-02,-8.607426881790161133e-01,-5.026497244834899902e-01,-3.091503679752349854e-01,1.906312555074691772e-01,5.334631800651550293e-01,7.110854387283325195e-01,-4.152150154113769531e-01,1.729690432548522949e-01,-7.191818356513977051e-01,-2.994971275329589844e-01,6.495928019285202026e-02,7.470577359199523926e-01,-1.929730772972106934e-01,1.096574664115905762e-01,-3.238123655319213867e-01,4.242903590202331543e-01,5.086543560028076172e-01,-7.763823121786117554e-02,5.401185750961303711e-01,-6.097168475389480591e-02,-1.233708411455154419e-01,-3.070675432682037354e-01,-2.848271131515502930e-01,3.215408027172088623e-01,-4.848106801509857178e-01,-8.788768649101257324e-01,-1.434553563594818115e-01,5.465683341026306152e-01,5.480338931083679199e-01,-1.499624699354171753e-01,-4.162676930427551270e-01
5.190468579530715942e-02,3.639293909072875977e-01,7.604259252548217773e-01,3.517319262027740479e-02,-8.052812516689300537e-02,-8.434253931045532227e-01,-5.300109982490539551e-01,-3.441511988639831543e-01,1.941728889942169189e-01,4.831647872924804688e-01,7.346661090850830078e-01,-4.262185990810394287e-01,1.720704585313796997e-01,-7.593758702278137207e-01,-2.653881609439849854e-01,8.874173462390899658e-02,7.665805220603942871e-01,-2.078855484724044800e-01,1.079527661204338074e-01,-3.177972137928009033e-01,4.123094081878662109e-01,5.152123570442199707e-01,-1.136989593505859375e-01,5.146383643150329590e-01,-9.338108450174331665e-02,-1.053619310259819031e-01,-2.845047414302825928e-01,-2.809532582759857178e-01,3.182398080825805664e-01,-5.293723344802856445e-01,-8.621371388435363770e-01,-9.604768455028533936e-02,6.591897606849670410e-01,5.597850084304809570e-01,-1.409025043249130249e-01,-3.891161680221557617e-01
5.680319294333457947e-02,3.679166734218597412e-01,7.544600963592529297e-01,3.284416720271110535e-02,-9.077911078929901123e-02,-8.249894976615905762e-01,-5.568417906761169434e-01,-3.977188467979431152e-01,2.067322432994842529e-01,4.165010452270507812e-01,7.681170701980590820e-01,-4.331455230712890625e-01,1.673083156347274780e-01,-8.092144131660461426e-01,-2.359825372695922852e-01,1.105031445622444153e-01,8.047071695327758789e-01,-2.200427651405334473e-01,1.035112068057060242e-01,-2.900072932243347168e-01,4.099787175655364990e-01,5.199999809265136719e-01,-1.573393195867538452e-01,4.797117710113525391e-01,-1.355538666248321533e-01,-7.972901314496994019e-02,-2.433270663022994995e-01,-2.765502333641052246e-01,3.192291855812072754e-01,-5.845873355865478516e-01,-8.623503446578979492e-01,-5.534493923187255859e-02,8.438025712966918945e-01,5.646119713783264160e-01,-1.124296709895133972e-01,-3.561205863952636719e-01
5.924951285123825073e-02,3.706841468811035156e-01,7.517079114913940430e-01,3.257425129413604736e-02,-9.800594300031661987e-02,-8.107368946075439453e-01,-5.762286186218261719e-01,-4.321879446506500244e-01,2.151817828416824341e-01,3.789854049682617188e-01,7.842010855674743652e-01,-4.312720298767089844e-01,1.636592447757720947e-01,-8.357894420623779297e-01,-2.117255628108978271e-01,1.249145567417144775e-01,8.136121630668640137e-01,-2.240211963653564453e-01,1.024694889783859253e-01,-2.800933122634887695e-01,4.045791327953338623e-01,5.199999809265136719e-01,-1.754617393016815186e-01,4.628072381019592285e-01,-1.487723886966705322e-01,-6.706748157739639282e-02,-2.433232963085174561e-01,-2.789196074008941650e-01,3.107283413410186768e-01,-6.011030077934265137e-01,-8.717997670173645020e-01,-5.011003464460372925e-02,8.819722533226013184e-01,6.002457141876220703e-01,-1.211794689297676086e-01,-3.394079804420471191e-01
5.800381302833557129e-02,3.745149374008178711e-01,7.520598769187927246e-01,3.270375728607177734e-02,-1.019222140312194824e-01,-7.987763285636901855e-01,-5.920292735099792480e-01,-4.540973603725433350e-01,2.189213633537292480e-01,3.466930091381072998e-01,7.798588871955871582e-01,-4.194487035274505615e-01,1.586344093084335327e-01,-8.406935930252075195e-01,-1.901176422834396362e-01,1.397654265165328979e-01,8.036209344863891602e-01,-2.229826748371124268e-01,9.669177234172821045e-02,-2.751826047897338867e-01,3.957344591617584229e-01,5.199999809265136719e-01,-1.938816606998443604e-01,4.506155550479888916e-01,-1.410259008407592773e-01,-5.625307187438011169e-02,-2.392505407333374023e-01,-2.820303440093994141e-01,3.016661107540130615e-01,-5.939210653305053711e-01,-8.813629150390625000e-01,-5.952587723731994629e-02,8.285012841224670410e-01,6.280422806739807129e-01,-1.488524675369262695e-01,-3.285988271236419678e-01
5.811947584152221680e-02,3.781360387802124023e-01,7.551328539848327637e-01,3.126934170722961426e-02,-1.037945970892906189e-01,-7.899077534675598145e-01,-6.035682559013366699e-01,-4.690348803997039795e-01,2.164858579635620117e-01,3.252229392528533936e-01,7.639108896255493164e-01,-4.055195152759552002e-01,1.529862284660339355e-01,-8.318377733230590820e-01,-1.712106168270111084e-01,1.543271690607070923e-01,7.839688062667846680e-01,-2.088774591684341431e-01,9.068921953439712524e-02,-2.743168175220489502e-01,3.795781135559082031e-01,5.199999809265136719e-01,-2.138629108667373657e-01,4.519696533679962158e-01,-1.343458890914916992e-01,-5.059857666492462158e-02,-2.311474531888961792e-01,-2.836143672466278076e-01,3.189800381660461426e-01,-5.807510614395141602e-01,-8.879044055938720703e-01,-6.498098373413085938e-02,7.551508545875549316e-01,6.414266228675842285e-01,-1.777570098638534546e-01,-3.371611535549163818e-01
5.733660236001014709e-02,3.843311369419097900e-01,7.597871422767639160e-01,3.275322169065475464e-02,-1.052125766873359680e-01,-7.799075841903686523e-01,-6.161182522773742676e-01,-4.768528640270233154e-01,2.082071602344512939e-01,3.076052069664001465e-01,7.273317575454711914e-01,-3.850391507148742676e-01,1.414667218923568726e-01,-8.145965337753295898e-01,-1.495046615600585938e-01,1.647064834833145142e-01,7.490432858467102051e-01,-1.990362554788589478e-01,8.332461863756179810e-02,-2.801333665847778320e-01,3.537069261074066162e-01,5.199999809265136719e-01,-2.442900985479354858e-01,4.588350057601928711e-01,-1.258935928344726562e-01,-2.981842309236526489e-02,-2.387542426586151123e-01,-2.852118909358978271e-01,3.337711095809936523e-01,-5.490615963935852051e-01,-8.766016364097595215e-01,-6.820072978734970093e-02,5.755468606948852539e-01,6.393192410469055176e-01,-2.149541378021240234e-01,-3.384422361850738525e-01
5.797845125198364258e-02,3.853828012943267822e-01,7.659226655960083008e-01,2.975221909582614899e-02,-1.054898276925086975e-01,-7.734773755073547363e-01,-6.242751479148864746e-01,-4.803087711334228516e-01,1.952023655176162720e-01,2.957906723022460938e-01,7.006574273109436035e-01,-3.765397071838378906e-01,1.317839324474334717e-01,-7.920358180999755859e-01,-1.411205381155014038e-01,1.704431027173995972e-01,7.080706357955932617e-01,-1.663277447223663330e-01,8.930359035730361938e-02,-2.849206626415252686e-01,3.294546902179718018e-01,5.199999809265136719e-01,-2.744205892086029053e-01,4.642779827117919922e-01,-1.354712545871734619e-01,-7.952922955155372620e-03,-2.383667975664138794e-01,-2.839391231536865234e-01,3.453884124755859375e-01,-5.258238315582275391e-01,-8.738154172897338867e-01,-5.766620859503746033e-02,4.637166857719421387e-01,6.094601750373840332e-01,-2.254096567630767822e-01,-3.442719578742980957e-01
5.509619414806365967e-02,3.896005153656005859e-01,7.724595665931701660e-01,2.975228987634181976e-02,-1.034703776240348816e-01,-7.663390040397644043e-01,-6.333507299423217773e-01,-4.749465882778167725e-01,1.795073896646499634e-01,2.840347588062286377e-01,6.530046463012695312e-01,-3.551672697067260742e-01,1.169065982103347778e-01,-7.582011818885803223e-01,-1.284013092517852783e-01,1.786858737468719482e-01,6.555203199386596680e-01,-1.444305330514907837e-01,9.038183093070983887e-02,-2.954916954040527344e-01,2.945511043071746826e-01,5.199999809265136719e-01,-3.118659257888793945e-01,4.685448110103607178e-01,-1.520483493804931641e-01,2.694053575396537781e-02,-2.467243522405624390e-01,-2.813269495964050293e-01,3.525846898555755615e-01,-5.097881555557250977e-01,-8.672876358032226562e-01,-3.730758652091026306e-02,3.151491880416870117e-01,5.492049455642700195e-01,-2.397529929876327515e-01,-3.511880636215209961e-01
5.826740339398384094e-02,3.969208896160125732e-01,7.792897820472717285e-01,2.992023341357707977e-02,-1.018137410283088684e-01,-7.580556869506835938e-01,-6.434984803199768066e-01,-4.643882811069488525e-01,1.581437885761260986e-01,2.584226429462432861e-01,6.048691272735595703e-01,-3.216247260570526123e-01,9.626220166683197021e-02,-7.141466140747070312e-01,-1.075832173228263855e-01,1.833028495311737061e-01,5.898229479789733887e-01,-1.372682899236679077e-01,8.635465055704116821e-02,-3.063676953315734863e-01,2.458976209163665771e-01,5.199999809265136719e-01,-3.971395790576934814e-01,4.466892480850219727e-01,-1.934302300214767456e-01,1.095584183931350708e-01,-2.484571188688278198e-01,-2.636583447456359863e-01,3.516108691692352295e-01,-5.068130493164062500e-01,-8.397035002708435059e-01,1.617281697690486908e-02,1.750258803367614746e-01,4.377458989620208740e-01,-2.446104586124420166e-01,-3.534257411956787109e-01
5.653909966349601746e-02,3.959886133670806885e-01,7.859808206558227539e-01,2.642287872731685638e-02,-1.001259163022041321e-01,-7.525106668472290039e-01,-6.503878831863403320e-01,-4.559310078620910645e-01,1.398359537124633789e-01,2.430323809385299683e-01,5.787029862403869629e-01,-3.067583441734313965e-01,9.123763442039489746e-02,-6.864808797836303711e-01,-1.057328805327415466e-01,1.877359747886657715e-01,5.405575037002563477e-01,-8.981332182884216309e-02,1.022839173674583435e-01,-3.112762868404388428e-01,2.132448703050613403e-01,5.199999809265136719e-01,-4.734725058078765869e-01,4.283797144889831543e-01,-2.241160869598388672e-01,1.660676598548889160e-01,-2.437885403633117676e-01,-2.623077332973480225e-01,3.537832796573638916e-01,-5.097176432609558105e-01,-8.130257725715637207e-01,6.021196767687797546e-02,8.393339067697525024e-02,3.788735270500183105e-01,-2.369611412286758423e-01,-3.583098053932189941e-01
5.384680256247520447e-02,3.964039981365203857e-01,7.921267747879028320e-01,2.316915802657604218e-02,-9.634262323379516602e-02,-7.458384037017822266e-01,-6.587156653404235840e-01,-4.414073228836059570e-01,1.234018281102180481e-01,2.215071767568588257e-01,5.450347661972045898e-01,-2.947779297828674316e-01,7.744402438402175903e-02,-6.466311812400817871e-01,-1.031447649002075195e-01,1.856873035430908203e-01,4.777304530143737793e-01,-5.669107660651206970e-02,1.162753105163574219e-01,-3.234840631484985352e-01,1.676556020975112915e-01,5.162446498870849609e-01,-5.864765048027038574e-01,3.729090988636016846e-01,-2.885354459285736084e-01,2.688547670841217041e-01,-2.616790533065795898e-01,-2.376723140478134155e-01,3.149724900722503662e-01,-5.311284065246582031e-01,-7.558190822601318359e-01,1.398007869720458984e-01,-1.711917482316493988e-02,3.345541656017303467e-01,-2.310696095228195190e-01,-3.262455165386199951e-01
4.515863582491874695e-02,3.990534842014312744e-01,7.978321909904479980e-01,1.924644783139228821e-02,-8.965097367763519287e-02,-7.389802932739257812e-01,-6.674581766128540039e-01,-4.084867238998413086e-01,1.156881526112556458e-01,2.138557136058807373e-01,5.305514931678771973e-01,-2.921137213706970215e-01,6.689908355474472046e-02,-6.033921837806701660e-01,-1.079442501068115234e-01,1.727213263511657715e-01,4.252905845642089844e-01,-2.657596766948699951e-02,1.377267688512802124e-01,-3.299551010131835938e-01,1.184880584478378296e-01,5.077748298645019531e-01,-7.151180505752563477e-01,3.166785836219787598e-01,-3.349035084247589111e-01,3.425341546535491943e-01,-2.708567678928375244e-01,-2.135715931653976440e-01,2.789551615715026855e-01,-5.689268708229064941e-01,-6.869614124298095703e-01,2.378633022308349609e-01,-1.133732721209526062e-01,3.020346760749816895e-01,-2.123725116252899170e-01,-2.751366496086120605e-01
4.344597458839416504e-02,3.956231474876403809e-01,8.018263578414916992e-01,1.200036425143480301e-02,-8.181871473789215088e-02,-7.342951893806457520e-01,-6.737746000289916992e-01,-3.753490149974822998e-01,1.114218086004257202e-01,2.036308944225311279e-01,5.096925497055053711e-01,-2.811614274978637695e-01,6.005772203207015991e-02,-5.664692521095275879e-01,-1.069212481379508972e-01,1.643943935632705688e-01,3.834854662418365479e-01,6.727770902216434479e-03,1.522534191608428955e-01,-3.374530673027038574e-01,8.536588400602340698e-02,5.046454668045043945e-01,-7.904393076896667480e-01,2.925487756729125977e-01,-3.709388673305511475e-01,3.839656412601470947e-01,-2.688637971878051758e-01,-1.988424658775329590e-01,2.479456961154937744e-01,-5.996009111404418945e-01,-6.547052264213562012e-01,2.993367910385131836e-01,-1.722315549850463867e-01,2.873472869396209717e-01,-1.992644667625427246e-01,-2.266116291284561157e-01
3.791895881295204163e-02,3.962626159191131592e-01,8.059791326522827148e-01,2.481989096850156784e-03,-6.898424029350280762e-02,-7.289558053016662598e-01,-6.810715198516845703e-01,-3.267979621887207031e-01,1.098932549357414246e-01,1.988398134708404541e-01,4.974093735218048096e-01,-2.787140309810638428e-01,6.051712483167648315e-02,-5.157558321952819824e-01,-1.052074655890464783e-01,1.562135070562362671e-01,3.502607643604278564e-01,2.922892570495605469e-02,1.681520342826843262e-01,-3.405044376850128174e-01,4.192830994725227356e-02,4.954882860183715820e-01,-8.706039190292358398e-01,2.679579555988311768e-01,-3.923075795173645020e-01,3.962062001228332520e-01,-2.987027466297149658e-01,-1.916696280241012573e-01,2.338789552450180054e-01,-6.526451706886291504e-01,-6.143670678138732910e-01,3.521001935005187988e-01,-2.440468370914459229e-01,2.760941684246063232e-01,-1.847428232431411743e-01,-1.896580010652542114e-01
3.581870719790458679e-02,4.018743336200714111e-01,8.096560835838317871e-01,-5.820784717798233032e-03,-6.063856929540634155e-02,-7.222439050674438477e-01,-6.889504790306091309e-01,-2.737013101577758789e-01,1.064783409237861633e-01,1.923169642686843872e-01,4.742548167705535889e-01,-2.775875926017761230e-01,5.890430882573127747e-02,-4.666654765605926514e-01,-1.058032438158988953e-01,1.381377726793289185e-01,3.153944313526153564e-01,2.999284863471984863e-02,1.774504333734512329e-01,-3.364667296409606934e-01,1.503330841660499573e-02,4.865027368068695068e-01,-9.305752515792846680e-01,2.710734009742736816e-01,-4.056732356548309326e-01,3.664259016513824463e-01,-3.540634512901306152e-01,-2.060860544443130493e-01,2.283528298139572144e-01,-7.059043645858764648e-01,-6.081956028938293457e-01,3.855220079421997070e-01,-3.014317154884338379e-01,2.719409763813018799e-01,-1.703631281852722168e-01,-1.596605330705642700e-01
2.996376715600490570e-02,4.087682664394378662e-01,8.127944469451904297e-01,-8.744461461901664734e-03,-5.352459102869033813e-02,-7.197576761245727539e-01,-6.921036839485168457e-01,-2.299920171499252319e-01,1.043363511562347412e-01,1.966075450181961060e-01,4.478436112403869629e-01,-2.823935151100158691e-01,5.551481992006301880e-02,-4.242153763771057129e-01,-1.096070855855941772e-01,1.242983266711235046e-01,2.820750474929809570e-01,3.075333870947360992e-02,1.866414546966552734e-01,-3.356404900550842285e-01,-7.270275615155696869e-03,4.554298222064971924e-01,-9.825572371482849121e-01,2.806450426578521729e-01,-4.080682098865509033e-01,3.059220612049102783e-01,-4.031829535961151123e-01,-2.341895401477813721e-01,2.234179377555847168e-01,-7.507144808769226074e-01,-6.236625313758850098e-01,4.037362337112426758e-01,-3.373099267482757568e-01,2.713527381420135498e-01,-1.573664844036102295e-01,-1.431726813316345215e-01
2.139668166637420654e-02,4.228688180446624756e-01,8.152427673339843750e-01,-8.704110980033874512e-03,-5.059229582548141479e-02,-7.181240320205688477e-01,-6.940190792083740234e-01,-1.830169707536697388e-01,9.707092493772506714e-02,2.118292450904846191e-01,4.144069850444793701e-01,-2.968983650207519531e-01,5.403049290180206299e-02,-3.799047470092773438e-01,-1.228697821497917175e-01,9.930461645126342773e-02,2.450993359088897705e-01,5.547948647290468216e-03,1.889239102602005005e-01,-3.329166769981384277e-01,-1.841110549867153168e-02,4.207763075828552246e-01,-1.017912268638610840e+00,2.922343611717224121e-01,-3.792057037353515625e-01,2.066217213869094849e-01,-4.335540235042572021e-01,-2.841389775276184082e-01,2.684277594089508057e-01,-7.787148952484130859e-01,-6.496164202690124512e-01,3.715779185295104980e-01,-3.584776818752288818e-01,2.347593307495117188e-01,-1.596364080905914307e-01,-1.881617158651351929e-01
1.376554556190967560e-02,4.228917360305786133e-01,8.163300156593322754e-01,-1.615956239402294159e-02,-4.463645443320274353e-02,-7.146739363670349121e-01,-6.978450417518615723e-01,-1.416782587766647339e-01,8.251170814037322998e-02,2.219962477684020996e-01,3.860842883586883545e-01,-3.050019145011901855e-01,5.633287131786346436e-02,-3.490765094757080078e-01,-1.409068852663040161e-01,6.293366104364395142e-02,2.210537195205688477e-01,8.952259086072444916e-03,2.028619050979614258e-01,-3.208173215389251709e-01,-3.204043209552764893e-02,3.875299096107482910e-01,-1.033967733383178711e+00,3.100055158138275146e-01,-3.074082732200622559e-01,9.218126535415649414e-02,-4.446235597133636475e-01,-3.406580686569213867e-01,3.358422219753265381e-01,-7.592646479606628418e-01,-6.734785437583923340e-01,3.036234974861145020e-01,-3.231204450130462646e-01,2.375735342502593994e-01,-1.627044528722763062e-01,-2.564857006072998047e-01
7.455244660377502441e-03,4.177314639091491699e-01,8.171227574348449707e-01,-2.790296077728271484e-02,-3.558878600597381592e-02,-7.108587622642517090e-01,-7.018793821334838867e-01,-9.631714224815368652e-02,6.962104886770248413e-02,2.399799674749374390e-01,3.576813638210296631e-01,-3.080636858940124512e-01,5.592765659093856812e-02,-3.174467980861663818e-01,-1.576723903417587280e-01,2.680563181638717651e-02,2.018601596355438232e-01,2.441328763961791992e-02,2.167876958847045898e-01,-2.977427244186401367e-01,-3.933638334274291992e-02,3.649983704090118408e-01,-1.009224891662597656e+00,3.308939933776855469e-01,-2.105400413274765015e-01,-1.626444235444068909e-02,-4.830744266510009766e-01,-3.977584242820739746e-01,4.483728408813476562e-01,-7.177439332008361816e-01,-6.985520720481872559e-01,1.749266386032104492e-01,-2.078654468059539795e-01,2.645498812198638916e-01,-1.757006347179412842e-01,-3.819729089736938477e-01
-2.743913326412439346e-03,4.084240198135375977e-01,8.176732063293457031e-01,-3.772817924618721008e-02,-2.466733753681182861e-02,-7.070993781089782715e-01,-7.056759595870971680e-01,-5.618196725845336914e-02,5.329889804124832153e-02,2.460113465785980225e-01,3.256175220012664795e-01,-3.175224363803863525e-01,5.771376937627792358e-02,-2.973133921623229980e-01,-1.726352572441101074e-01,5.183954490348696709e-04,1.923295110464096069e-01,6.345300376415252686e-02,2.329925745725631714e-01,-2.800819873809814453e-01,-4.702244326472282410e-02,3.401089906692504883e-01,-9.249128103256225586e-01,3.505145013332366943e-01,-1.697602868080139160e-01,-4.240621998906135559e-02,-5.154356956481933594e-01,-4.129860103130340576e-01,4.973427057266235352e-01,-6.890055537223815918e-01,-7.147578597068786621e-01,1.167017072439193726e-01,-1.184238120913505554e-01,3.221689462661743164e-01,-1.900245845317840576e-01,-4.352983236312866211e-01
-7.564934436231851578e-03,3.976913988590240479e-01,8.181409835815429688e-01,-4.926359653472900391e-02,-1.478962600231170654e-02,-7.070475220680236816e-01,-7.052929997444152832e-01,-2.250548638403415680e-02,4.029704630374908447e-02,2.506183683872222900e-01,2.977722585201263428e-01,-3.138536810874938965e-01,5.579389631748199463e-02,-2.777826786041259766e-01,-1.899496018886566162e-01,-3.112860769033432007e-02,1.892980337142944336e-01,9.577803313732147217e-02,2.284268438816070557e-01,-2.605669200420379639e-01,-5.276579782366752625e-02,3.118368089199066162e-01,-7.757161855697631836e-01,3.662288188934326172e-01,-9.697665274143218994e-02,6.895714439451694489e-03,-5.603767037391662598e-01,-4.218263924121856689e-01,5.478923916816711426e-01,-6.607714891433715820e-01,-7.066267132759094238e-01,3.487893193960189819e-02,3.035699774045497179e-04,4.127499163150787354e-01,-2.242175936698913574e-01,-5.105097293853759766e-01
-1.591737568378448486e-02,3.939687311649322510e-01,8.188586831092834473e-01,-5.562362819910049438e-02,-6.213901098817586899e-03,-7.045007348060607910e-01,-7.074928879737854004e-01,2.037448063492774963e-02,2.390078082680702209e-02,2.393585592508316040e-01,2.515211701393127441e-01,-3.156008124351501465e-01,6.538811326026916504e-02,-2.534791231155395508e-01,-2.014475464820861816e-01,-5.009347572922706604e-02,1.718769967555999756e-01,1.228084787726402283e-01,2.092477530241012573e-01,-2.333523482084274292e-01,-5.501421913504600525e-02,2.808519601821899414e-01,-5.001289248466491699e-01,4.326765537261962891e-01,-1.253696978092193604e-01,1.149141192436218262e-01,-6.522378921508789062e-01,-3.559767901897430420e-01,3.977136611938476562e-01,-6.436505913734436035e-01,-7.093542218208312988e-01,-2.186568686738610268e-03,6.097319722175598145e-02,5.062695145606994629e-01,-2.514913380146026611e-01,-5.075508356094360352e-01
-1.977277547121047974e-02,3.967046737670898438e-01,8.181185126304626465e-01,-6.590928882360458374e-02,1.159425009973347187e-03,-7.039203047752380371e-01,-7.072134017944335938e-01,8.748523890972137451e-02,1.504932180978357792e-03,2.463330775499343872e-01,1.856992095708847046e-01,-3.128037750720977783e-01,5.862385407090187073e-02,-1.941762715578079224e-01,-2.218941003084182739e-01,-1.143491566181182861e-01,1.291035562753677368e-01,1.147825121879577637e-01,1.860510855913162231e-01,-2.337735891342163086e-01,-6.114117801189422607e-02,2.168178707361221313e-01,-2.852018475532531738e-01,4.972176551818847656e-01,-1.695853918790817261e-01,1.957172751426696777e-01,-6.520795226097106934e-01,-2.912269830703735352e-01,2.955685555934906006e-01,-6.423061490058898926e-01,-7.287467718124389648e-01,-4.455774091184139252e-03,1.023723259568214417e-01,5.481808781623840332e-01,-2.346247732639312744e-01,-4.828482866287231445e-01
-2.135937288403511047e-02,3.875102400779724121e-01,8.159691095352172852e-01,-7.041887938976287842e-02,1.323586213402450085e-03,-6.975268125534057617e-01,-7.130888700485229492e-01,7.741356641054153442e-02,7.287312182597815990e-04,2.571729421615600586e-01,2.022201418876647949e-01,-3.114010393619537354e-01,6.206184625625610352e-02,-2.227553129196166992e-01,-2.380508035421371460e-01,-1.539268046617507935e-01,1.617192625999450684e-01,9.588235616683959961e-02,1.379529982805252075e-01,-2.056069225072860718e-01,-6.496664136648178101e-02,2.302500754594802856e-01,-2.042098641395568848e-01,5.089776515960693359e-01,-1.714949309825897217e-01,2.496516704559326172e-01,-6.467536687850952148e-01,-2.639675140380859375e-01,2.526841759681701660e-01,-6.755610108375549316e-01,-7.146642804145812988e-01,-8.427417837083339691e-03,1.206604689359664917e-01,5.721591711044311523e-01,-2.431846261024475098e-01,-4.857011139392852783e-01
-2.073200233280658722e-02,3.851552605628967285e-01,8.134144544601440430e-01,-7.498452067375183105e-02,1.864917110651731491e-03,-6.952258944511413574e-01,-7.148669958114624023e-01,8.673372119665145874e-02,-4.013875033706426620e-03,2.634305953979492188e-01,1.977633684873580933e-01,-3.103925883769989014e-01,5.852264538407325745e-02,-2.168852239847183228e-01,-2.507686614990234375e-01,-1.890973448753356934e-01,1.609700918197631836e-01,6.701836735010147095e-02,1.035480573773384094e-01,-1.942693442106246948e-01,-7.046198099851608276e-02,2.170769423246383667e-01,-1.035811081528663635e-01,5.310334563255310059e-01,-1.932736486196517944e-01,3.326906859874725342e-01,-6.409364342689514160e-01,-2.223756313323974609e-01,1.721228361129760742e-01,-7.262253165245056152e-01,-7.041730880737304688e-01,-5.635194946080446243e-03,1.535452753305435181e-01,6.185129880905151367e-01,-2.523588538169860840e-01,-4.856873452663421631e-01
-1.735685206949710846e-02,3.865667581558227539e-01,8.121308088302612305e-01,-7.757745683193206787e-02,3.476180834695696831e-03,-6.959574818611145020e-01,-7.138717174530029297e-01,1.004572212696075439e-01,-2.469107508659362793e-03,2.607660591602325439e-01,1.903502941131591797e-01,-3.070800304412841797e-01,5.320221930742263794e-02,-2.059143930673599243e-01,-2.547706365585327148e-01,-2.077864706516265869e-01,1.670402586460113525e-01,4.357622936367988586e-02,8.765280991792678833e-02,-1.833501905202865601e-01,-6.466175615787506104e-02,2.071666121482849121e-01,-3.168016672134399414e-02,5.183458328247070312e-01,-1.837279945611953735e-01,3.861185908317565918e-01,-6.656832695007324219e-01,-2.042981982231140137e-01,1.463345736265182495e-01,-7.451356053352355957e-01,-6.843190789222717285e-01,-1.387330424040555954e-02,1.804236620664596558e-01,6.692454814910888672e-01,-2.648608684539794922e-01,-4.989800751209259033e-01
-1.317340601235628128e-02,3.877839148044586182e-01,8.115805983543395996e-01,-7.865552604198455811e-02,5.241686478257179260e-03,-6.999121308326721191e-01,-7.098653912544250488e-01,1.090239956974983215e-01,2.534188097342848778e-03,2.511537373065948486e-01,1.836131066083908081e-01,-2.978940308094024658e-01,4.392047971487045288e-02,-1.940422803163528442e-01,-2.545817494392395020e-01,-2.066744565963745117e-01,1.703866571187973022e-01,3.012881241738796234e-02,8.229232579469680786e-02,-1.817986071109771729e-01,-5.366053059697151184e-02,1.993768811225891113e-01,1.051861885935068130e-02,5.067366957664489746e-01,-1.681781709194183350e-01,4.063792526721954346e-01,-6.917973756790161133e-01,-1.973930150270462036e-01,1.165725439786911011e-01,-7.475876808166503906e-01,-6.647418141365051270e-01,-3.104002401232719421e-02,1.850891411304473877e-01,7.050433158874511719e-01,-2.844614088535308838e-01,-5.063399672508239746e-01
-8.733076974749565125e-03,3.954998552799224854e-01,8.125597238540649414e-01,-7.421794533729553223e-02,5.808760412037372589e-03,-7.067874073982238770e-01,-7.034980654716491699e-01,1.171886697411537170e-01,1.322077307850122452e-02,2.343567460775375366e-01,1.709602326154708862e-01,-2.888181209564208984e-01,4.078816249966621399e-02,-1.804085373878479004e-01,-2.505005896091461182e-01,-2.109338790178298950e-01,1.737145632505416870e-01,2.397451736032962799e-02,7.760174572467803955e-02,-1.755029857158660889e-01,-3.416057303547859192e-02,1.912761479616165161e-01,4.453646391630172729e-02,4.781213998794555664e-01,-1.265260726213455200e-01,4.271550774574279785e-01,-7.439266443252563477e-01,-1.944090425968170166e-01,1.000281944870948792e-01,-7.307853102684020996e-01,-6.249363422393798828e-01,-8.504837006330490112e-02,1.621445715427398682e-01,7.692438960075378418e-01,-3.203738629817962646e-01,-5.159862041473388672e-01
-4.795292392373085022e-03,4.025934934616088867e-01,8.136585354804992676e-01,-6.929009407758712769e-02,7.341846358031034470e-03,-7.144877910614013672e-01,-6.961696743965148926e-01,1.235754117369651794e-01,2.635480649769306183e-02,2.179045528173446655e-01,1.597484350204467773e-01,-2.823711037635803223e-01,3.397366404533386230e-02,-1.683168560266494751e-01,-2.424080520868301392e-01,-1.997935622930526733e-01,1.800009757280349731e-01,1.971846446394920349e-02,8.228205889463424683e-02,-1.737299710512161255e-01,-7.728413213044404984e-03,1.868846714496612549e-01,5.962704867124557495e-02,4.482239782810211182e-01,-7.584217190742492676e-02,4.188905060291290283e-01,-7.936561107635498047e-01,-2.041514366865158081e-01,1.054221540689468384e-01,-6.898673772811889648e-01,-5.698382258415222168e-01,-1.403649896383285522e-01,1.149021014571189880e-01,8.188869953155517578e-01,-3.612629473209381104e-01,-5.249180197715759277e-01
-1.859399955719709396e-03,4.097576737403869629e-01,8.146355748176574707e-01,-6.402395665645599365e-02,8.274075575172901154e-03,-7.206032276153564453e-01,-6.903358101844787598e-01,1.276453286409378052e-01,3.815331682562828064e-02,2.004326134920120239e-01,1.515994817018508911e-01,-2.789203524589538574e-01,3.091112710535526276e-02,-1.573292613029479980e-01,-2.322540283203125000e-01,-1.809613853693008423e-01,1.819372326135635376e-01,1.335931569337844849e-02,9.139706939458847046e-02,-1.775455325841903687e-01,1.392847485840320587e-02,1.821573823690414429e-01,7.562915980815887451e-02,4.353062510490417480e-01,-3.964746743440628052e-02,4.097340404987335205e-01,-8.173866271972656250e-01,-2.113378196954727173e-01,1.070455089211463928e-01,-6.432542800903320312e-01,-5.266200304031372070e-01,-1.876159012317657471e-01,4.770411178469657898e-02,8.442134857177734375e-01,-3.980478346347808838e-01,-5.271837711334228516e-01
2.648007590323686600e-03,4.214866459369659424e-01,8.156705498695373535e-01,-5.576055124402046204e-02,9.671838954091072083e-03,-7.316933274269104004e-01,-6.792805790901184082e-01,1.445731520652770996e-01,5.144877359271049500e-02,1.702527701854705811e-01,1.153199970722198486e-01,-2.721890211105346680e-01,2.400081604719161987e-02,-1.186278983950614929e-01,-2.145633548498153687e-01,-1.883608549833297729e-01,1.467995494604110718e-01,1.442291866987943649e-02,9.696325659751892090e-02,-1.865945309400558472e-01,3.847834095358848572e-02,1.428620368242263794e-01,1.322166174650192261e-01,4.165831804275512695e-01,-1.792401308193802834e-04,3.733097016811370850e-01,-8.591371774673461914e-01,-2.310820668935775757e-01,1.158859208226203918e-01,-5.169885158538818359e-01,-4.475787878036499023e-01,-2.427533417940139771e-01,-8.411864936351776123e-02,9.079503417015075684e-01,-4.420112073421478271e-01,-5.165936350822448730e-01
6.509102880954742432e-03,4.305804073810577393e-01,8.168190121650695801e-01,-4.741213098168373108e-02,8.004998788237571716e-03,-7.409281730651855469e-01,-6.698607802391052246e-01,1.377714127302169800e-01,6.555908918380737305e-02,1.435031592845916748e-01,1.090564280748367310e-01,-2.682098448276519775e-01,2.400920540094375610e-02,-1.130664348602294922e-01,-2.046998143196105957e-01,-1.777680367231369019e-01,1.513180881738662720e-01,6.537714973092079163e-03,9.695767611265182495e-02,-1.868740618228912354e-01,6.087149307131767273e-02,1.354633420705795288e-01,1.426538527011871338e-01,4.059567451477050781e-01,2.469252422451972961e-02,3.477634191513061523e-01,-8.924871683120727539e-01,-2.449881136417388916e-01,1.224016100168228149e-01,-4.165773987770080566e-01,-3.742235600948333740e-01,-2.859124839305877686e-01,-2.118369042873382568e-01,9.469792842864990234e-01,-4.733540713787078857e-01,-4.946699440479278564e-01
1.224686205387115479e-02,4.405874907970428467e-01,8.179029226303100586e-01,-4.003879055380821228e-02,5.590057931840419769e-03,-7.491799592971801758e-01,-6.611316204071044922e-01,1.306782960891723633e-01,8.123229444026947021e-02,1.234283447265625000e-01,1.063740551471710205e-01,-2.610926032066345215e-01,1.675493828952312469e-02,-1.064027473330497742e-01,-1.943852901458740234e-01,-1.766786724328994751e-01,1.548929661512374878e-01,-6.920055951923131943e-03,9.268789738416671753e-02,-1.869029104709625244e-01,8.209857344627380371e-02,1.270062923431396484e-01,1.539969891309738159e-01,3.982048630714416504e-01,4.647562652826309204e-02,3.325138688087463379e-01,-9.052829742431640625e-01,-2.606830000877380371e-01,1.279686838388442993e-01,-3.308895528316497803e-01,-3.291864097118377686e-01,-3.241032958030700684e-01,-3.030366003513336182e-01,9.375113844871520996e-01,-4.939881265163421631e-01,-4.839165210723876953e-01
1.507588382810354233e-02,4.482743144035339355e-01,8.185103535652160645e-01,-3.399088606238365173e-02,2.677613869309425354e-03,-7.554125785827636719e-01,-6.543617844581604004e-01,1.211376488208770752e-01,8.980139344930648804e-02,1.070371046662330627e-01,1.085327416658401489e-01,-2.583627700805664062e-01,1.241242699325084686e-02,-1.022000238299369812e-01,-1.889673173427581787e-01,-1.728807985782623291e-01,1.555788069963455200e-01,-2.121644280850887299e-02,8.335714042186737061e-02,-1.871074140071868896e-01,9.513062983751296997e-02,1.232063621282577515e-01,1.589069217443466187e-01,3.977658450603485107e-01,5.987455323338508606e-02,3.277601599693298340e-01,-9.038714766502380371e-01,-2.693217694759368896e-01,1.335224509239196777e-01,-2.604148387908935547e-01,-3.027392327785491943e-01,-3.508470654487609863e-01,-3.727877438068389893e-01,9.132000803947448730e-01,-5.010474920272827148e-01,-4.793392717838287354e-01
2.068901062011718750e-02,4.513384401798248291e-01,8.197098374366760254e-01,-3.130163624882698059e-02,-1.480581588111817837e-03,-7.585474848747253418e-01,-6.508638262748718262e-01,9.325359016656875610e-02,9.969450533390045166e-02,1.021192967891693115e-01,1.426994055509567261e-01,-2.501956522464752197e-01,9.676137007772922516e-03,-1.275235563516616821e-01,-1.908375322818756104e-01,-1.603119224309921265e-01,1.993391066789627075e-01,-4.287387430667877197e-02,6.564744561910629272e-02,-1.793123781681060791e-01,1.028289049863815308e-01,1.581243425607681274e-01,1.219071298837661743e-01,4.047451913356781006e-01,7.986629009246826172e-02,3.477029800415039062e-01,-8.935702443122863770e-01,-2.752168476581573486e-01,1.528189927339553833e-01,-2.394302040338516235e-01,-3.015164732933044434e-01,-3.794175684452056885e-01,-4.021132290363311768e-01,8.805854916572570801e-01,-5.109863281250000000e-01,-4.922660291194915771e-01
2.781254798173904419e-02,4.572616517543792725e-01,8.203600049018859863e-01,-2.772696316242218018e-02,-6.367428228259086609e-03,-7.649460434913635254e-01,-6.434658169746398926e-01,7.350201159715652466e-02,1.113704070448875427e-01,1.163707822561264038e-01,1.588537544012069702e-01,-2.342312783002853394e-01,-1.446851063519716263e-03,-1.281086653470993042e-01,-1.892969310283660889e-01,-1.686990857124328613e-01,2.055967450141906738e-01,-6.442205607891082764e-02,4.714269563555717468e-02,-1.785306334495544434e-01,1.041878834366798401e-01,1.699436306953430176e-01,1.048355624079704285e-01,4.345514178276062012e-01,1.000671014189720154e-01,3.765495717525482178e-01,-8.777794837951660156e-01,-2.803678810596466064e-01,1.708892881870269775e-01,-2.182788997888565063e-01,-3.440436422824859619e-01,-4.141420125961303711e-01,-4.051319062709808350e-01,8.438730835914611816e-01,-5.076033473014831543e-01,-5.068472027778625488e-01
3.572065755724906921e-02,4.600434005260467529e-01,8.217296004295349121e-01,-2.631475217640399933e-02,-1.178926974534988403e-02,-7.719954252243041992e-01,-6.349737644195556641e-01,4.812334477901458740e-02,1.228635460138320923e-01,1.523170918226242065e-01,1.809532940387725830e-01,-1.965760737657546997e-01,-1.291364431381225586e-02,-1.243304461240768433e-01,-1.906484365463256836e-01,-1.767375320196151733e-01,1.990127265453338623e-01,-7.573587447404861450e-02,3.501201793551445007e-02,-1.799319833517074585e-01,9.687176346778869629e-02,1.741174906492233276e-01,8.519826829433441162e-02,4.736844003200531006e-01,1.139165014028549194e-01,4.026005864143371582e-01,-8.751124143600463867e-01,-2.786318361759185791e-01,1.809411793947219849e-01,-2.034255117177963257e-01,-4.178903400897979736e-01,-4.435912072658538818e-01,-3.810709416866302490e-01,8.263476490974426270e-01,-4.918997287750244141e-01,-5.199665427207946777e-01
4.387167096138000488e-02,4.562906920909881592e-01,8.232880830764770508e-01,-2.769180946052074432e-02,-1.898188889026641846e-02,-7.797358632087707520e-01,-6.252078413963317871e-01,1.217630412429571152e-02,1.294000893831253052e-01,2.061189115047454834e-01,2.094413638114929199e-01,-1.441155225038528442e-01,-2.516338601708412170e-02,-1.248293593525886536e-01,-2.023153603076934814e-01,-1.883583813905715942e-01,1.848082840442657471e-01,-7.671929150819778442e-02,2.821412682533264160e-02,-1.782387346029281616e-01,8.227450400590896606e-02,1.744216978549957275e-01,4.361169040203094482e-02,5.423407554626464844e-01,1.377766132354736328e-01,4.463245868682861328e-01,-8.982451558113098145e-01,-2.758798301219940186e-01,1.859658956527709961e-01,-1.980446130037307739e-01,-5.738623142242431641e-01,-4.802728891372680664e-01,-2.861092686653137207e-01,8.444845080375671387e-01,-4.603121578693389893e-01,-5.208708643913269043e-01
4.703769460320472717e-02,4.472028613090515137e-01,8.246451616287231445e-01,-3.049510344862937927e-02,-2.246370166540145874e-02,-7.893427610397338867e-01,-6.127833724021911621e-01,-2.026897110044956207e-02,1.347133964300155640e-01,2.769449949264526367e-01,2.392423748970031738e-01,-1.036095395684242249e-01,-3.131201118230819702e-02,-1.195690482854843140e-01,-2.200763523578643799e-01,-2.052974551916122437e-01,1.656242311000823975e-01,-6.375423073768615723e-02,2.504060789942741394e-02,-1.868527084589004517e-01,6.027480587363243103e-02,1.700338423252105713e-01,-1.509034447371959686e-02,6.639845371246337891e-01,1.728186011314392090e-01,4.890967607498168945e-01,-9.044789075851440430e-01,-2.654559016227722168e-01,1.638905555009841919e-01,-2.004010528326034546e-01,-8.432949185371398926e-01,-5.184177160263061523e-01,-8.205313980579376221e-02,8.411297798156738281e-01,-3.973275423049926758e-01,-4.664987325668334961e-01
5.540236458182334900e-02,4.216729998588562012e-01,8.244605660438537598e-01,-2.284383028745651245e-02,-3.361133113503456116e-02,-8.204280138015747070e-01,-5.703036785125732422e-01,4.183825105428695679e-02,1.121231019496917725e-01,3.990879058837890625e-01,2.896977066993713379e-01,-1.525206565856933594e-01,-5.372226610779762268e-02,-1.506933420896530151e-01,-2.646057605743408203e-01,-2.792084515094757080e-01,1.551713049411773682e-01,-3.986950218677520752e-02,1.898502185940742493e-02,-2.285003364086151123e-01,2.535749599337577820e-02,1.313865780830383301e-01,-1.831854730844497681e-01,9.157948493957519531e-01,2.029335796833038330e-01,6.018338799476623535e-01,-8.078201413154602051e-01,-2.384916841983795166e-01,5.507400259375572205e-02,-1.871718764305114746e-01,-1.444035768508911133e+00,-5.176091194152832031e-01,4.715091288089752197e-01,6.377855539321899414e-01,-2.086465805768966675e-01,-1.356564164161682129e-01
6.997840106487274170e-02,4.137997925281524658e-01,8.267865180969238281e-01,-2.841161005198955536e-02,-4.294145107269287109e-02,-8.363276124000549316e-01,-5.458066463470458984e-01,4.969346523284912109e-02,1.105562746524810791e-01,4.548746347427368164e-01,3.333138227462768555e-01,-1.498173922300338745e-01,-6.496352702379226685e-02,-1.501770168542861938e-01,-2.928985059261322021e-01,-3.024172782897949219e-01,1.522310227155685425e-01,-4.029175639152526855e-02,1.312254462391138077e-02,-2.235805541276931763e-01,-8.483666926622390747e-03,1.158189177513122559e-01,-3.298863768577575684e-01,1.115738987922668457e+00,1.684667915105819702e-01,6.508818864822387695e-01,-6.316455006599426270e-01,-2.000209242105484009e-01,2.664154581725597382e-02,-1.765697896480560303e-01,-1.818566918373107910e+00,-4.879733622074127197e-01,8.125247955322265625e-01,3.157933056354522705e-01,-9.347677975893020630e-02,1.635458767414093018e-01
8.097624778747558594e-02,4.136285781860351562e-01,8.288081884384155273e-01,-2.825180068612098694e-02,-4.925898462533950806e-02,-8.466320037841796875e-01,-5.291404724121093750e-01,6.523441523313522339e-02,1.176916584372520447e-01,4.842435121536254883e-01,3.559175729751586914e-01,-1.439429819583892822e-01,-7.071606069803237915e-02,-1.448610723018646240e-01,-3.008196651935577393e-01,-3.286515772342681885e-01,1.433512568473815918e-01,-4.441051930189132690e-02,7.247576490044593811e-03,-2.302613407373428345e-01,-1.964709535241127014e-02,9.778947383165359497e-02,-3.942476511001586914e-01,1.203818559646606445e+00,1.450324952602386475e-01,6.475578546524047852e-01,-6.006179451942443848e-01,-1.988793015480041504e-01,4.259670525789260864e-02,-1.862252950668334961e-01,-1.935788035392761230e+00,-5.065587162971496582e-01,8.799383044242858887e-01,2.719476222991943359e-01,-8.869487792253494263e-02,1.958064138889312744e-01
9.209796041250228882e-02,4.146459996700286865e-01,8.310846686363220215e-01,-2.669987268745899200e-02,-5.716438964009284973e-02,-8.566710352897644043e-01,-5.119903683662414551e-01,8.709828555583953857e-02,1.222349628806114197e-01,5.062198042869567871e-01,3.879054784774780273e-01,-1.322800368070602417e-01,-8.397263288497924805e-02,-1.392145901918411255e-01,-3.094711005687713623e-01,-3.617286682128906250e-01,1.260669827461242676e-01,-4.613710567355155945e-02,7.267876528203487396e-03,-2.401119321584701538e-01,-3.707301244139671326e-02,7.660877704620361328e-02,-4.996542632579803467e-01,1.293945789337158203e+00,1.190068349242210388e-01,5.927801132202148438e-01,-5.599055290222167969e-01,-2.166255563497543335e-01,7.674235105514526367e-02,-1.881614178419113159e-01,-2.059088230133056641e+00,-5.608426928520202637e-01,8.887785077095031738e-01,2.200414836406707764e-01,-1.014049351215362549e-01,2.082169800996780396e-01
9.831479191780090332e-02,4.171075522899627686e-01,8.329433202743530273e-01,-2.195988595485687256e-02,-6.317970901727676392e-02,-8.658091425895690918e-01,-4.958836138248443604e-01,1.164025589823722839e-01,1.275496333837509155e-01,5.201839804649353027e-01,4.046523571014404297e-01,-1.106170117855072021e-01,-9.062912315130233765e-02,-1.356049776077270508e-01,-3.160332441329956055e-01,-3.975278437137603760e-01,1.138904467225074768e-01,-4.426459223031997681e-02,1.434988714754581451e-02,-2.500234842300415039e-01,-4.082227498292922974e-02,6.017686054110527039e-02,-6.058745384216308594e-01,1.333152770996093750e+00,8.626635372638702393e-02,5.123018026351928711e-01,-5.337209105491638184e-01,-2.436988502740859985e-01,1.412382572889328003e-01,-1.802014410495758057e-01,-2.139797925949096680e+00,-6.521652340888977051e-01,8.140303492546081543e-01,2.194165587425231934e-01,-1.347215920686721802e-01,1.492516994476318359e-01
1.063001826405525208e-01,4.151139855384826660e-01,8.340626358985900879e-01,-1.724522374570369720e-02,-6.599536538124084473e-02,-8.756420016288757324e-01,-4.781195819377899170e-01,1.434776633977890015e-01,1.322599351406097412e-01,5.345724821090698242e-01,3.963070511817932129e-01,-8.490660786628723145e-02,-9.445531666278839111e-02,-1.372916251420974731e-01,-3.191515505313873291e-01,-4.301908612251281738e-01,1.070215553045272827e-01,-3.387097641825675964e-02,1.810993254184722900e-02,-2.649039626121520996e-01,-3.520627319812774658e-02,4.472183436155319214e-02,-6.939060688018798828e-01,1.339085817337036133e+00,4.816633462905883789e-02,4.216966032981872559e-01,-5.243510007858276367e-01,-2.754770517349243164e-01,2.084924131631851196e-01,-1.391833722591400146e-01,-2.195440292358398438e+00,-7.344967126846313477e-01,7.189590334892272949e-01,2.305760383605957031e-01,-1.637937575578689575e-01,7.886497676372528076e-02
1.158981099724769592e-01,4.091818928718566895e-01,8.345322608947753906e-01,-1.265494059771299362e-02,-6.788093596696853638e-02,-8.857085108757019043e-01,-4.590778350830078125e-01,1.747456938028335571e-01,1.264456063508987427e-01,5.581353306770324707e-01,3.757112622261047363e-01,-6.235444918274879456e-02,-1.051138788461685181e-01,-1.394864767789840698e-01,-3.215641975402832031e-01,-4.724873602390289307e-01,9.383124113082885742e-02,-2.015917934477329254e-02,2.434580773115158081e-02,-2.878826856613159180e-01,-3.430477529764175415e-02,1.195401884615421295e-02,-7.903711795806884766e-01,1.357547879219055176e+00,4.614771809428930283e-03,2.588717937469482422e-01,-4.608577191829681396e-01,-3.270556330680847168e-01,2.684840857982635498e-01,-9.179328382015228271e-02,-2.251499652862548828e+00,-8.246027827262878418e-01,5.130408406257629395e-01,1.672488003969192505e-01,-2.190856933593750000e-01,-3.333347383886575699e-03
1.257311254739761353e-01,3.996368348598480225e-01,8.341472148895263672e-01,-5.113997496664524078e-03,-6.668518483638763428e-02,-8.989871144294738770e-01,-4.328384399414062500e-01,2.076085060834884644e-01,1.146981790661811829e-01,5.763695836067199707e-01,3.041459023952484131e-01,-4.448861256241798401e-02,-1.227745190262794495e-01,-1.443848460912704468e-01,-3.249059319496154785e-01,-5.226234793663024902e-01,7.958197593688964844e-02,7.213708478957414627e-03,3.918230161070823669e-02,-2.920105159282684326e-01,-2.388888597488403320e-02,-1.685183122754096985e-02,-9.159840941429138184e-01,1.332640886306762695e+00,-6.073052436113357544e-02,5.167538672685623169e-02,-3.282573819160461426e-01,-3.692166209220886230e-01,4.110190570354461670e-01,-3.139288397505879402e-03,-2.251499891281127930e+00,-9.563172459602355957e-01,2.308936268091201782e-01,4.598737135529518127e-02,-2.340396791696548462e-01,-1.377813369035720825e-01
1.296900957822799683e-01,3.926230370998382568e-01,8.329195380210876465e-01,9.118735906668007374e-04,-6.358885765075683594e-02,-9.100677967071533203e-01,-4.095512330532073975e-01,2.275128066539764404e-01,1.140428036451339722e-01,6.055973768234252930e-01,2.743799090385437012e-01,-3.851430118083953857e-02,-1.264459639787673950e-01,-1.416397988796234131e-01,-3.293672204017639160e-01,-5.801964402198791504e-01,7.923270016908645630e-02,8.752468042075634003e-03,4.934040829539299011e-02,-2.786962389945983887e-01,-1.571625471115112305e-02,-3.419376537203788757e-02,-9.908154606819152832e-01,1.294144988059997559e+00,-9.733084589242935181e-02,-7.814793288707733154e-02,-2.696850001811981201e-01,-3.935979604721069336e-01,4.806677997112274170e-01,3.857665136456489563e-02,-2.251499891281127930e+00,-1.053790211677551270e+00,7.890156656503677368e-02,1.178513932973146439e-02,-2.470054924488067627e-01,-2.342395931482315063e-01
1.306857615709304810e-01,3.840707838535308838e-01,8.315849900245666504e-01,6.167325191199779510e-03,-5.981877446174621582e-02,-9.206908345222473145e-01,-3.856320679187774658e-01,2.389730066061019897e-01,1.141487285494804382e-01,6.385303735733032227e-01,2.508414089679718018e-01,-3.907076641917228699e-02,-1.264149248600006104e-01,-1.362350285053253174e-01,-3.404136896133422852e-01,-6.359056234359741211e-01,7.962682098150253296e-02,1.337909419089555740e-02,6.226922944188117981e-02,-2.497406899929046631e-01,-4.805104807019233704e-03,-3.779783472418785095e-02,-1.054678201675415039e+00,1.236182332038879395e+00,-1.310530155897140503e-01,-1.811732500791549683e-01,-2.160938978195190430e-01,-3.977200686931610107e-01,5.397915840148925781e-01,9.111714363098144531e-02,-2.251499891281127930e+00,-1.157809495925903320e+00,-3.702280670404434204e-02,-5.799943581223487854e-03,-2.431478798389434814e-01,-3.302287459373474121e-01
1.298374980688095093e-01,3.746625781059265137e-01,8.296186923980712891e-01,1.066533289849758148e-02,-5.393875390291213989e-02,-9.327886104583740234e-01,-3.562054336071014404e-01,2.439565211534500122e-01,1.110300719738006592e-01,6.814551949501037598e-01,2.258293628692626953e-01,-6.775276362895965576e-02,-1.225414276123046875e-01,-1.217317134141921997e-01,-3.542952835559844971e-01,-6.986294388771057129e-01,8.278853446245193481e-02,1.378445327281951904e-02,7.566943764686584473e-02,-1.979031264781951904e-01,1.030173245817422867e-02,-3.188719227910041809e-02,-1.126156330108642578e+00,1.155959248542785645e+00,-1.645461618900299072e-01,-2.737378776073455811e-01,-1.537246853113174438e-01,-3.890773057937622070e-01,5.928167700767517090e-01,1.632399857044219971e-01,-2.251499891281127930e+00,-1.276872754096984863e+00,-1.385923773050308228e-01,4.868451971560716629e-03,-2.384077012538909912e-01,-4.309237301349639893e-01
1.303218752145767212e-01,3.605501949787139893e-01,8.273903727531433105e-01,1.005064882338047028e-02,-4.481121897697448730e-02,-9.444213509559631348e-01,-3.255137503147125244e-01,2.413605600595474243e-01,1.149032264947891235e-01,7.026178836822509766e-01,2.183525860309600830e-01,-1.154060661792755127e-01,-1.074444949626922607e-01,-9.670001268386840820e-02,-3.674774765968322754e-01,-7.374119162559509277e-01,7.767847180366516113e-02,2.578556537628173828e-02,9.134490787982940674e-02,-1.469039320945739746e-01,1.614567078649997711e-02,-2.508417889475822449e-02,-1.189031720161437988e+00,1.058490276336669922e+00,-2.256506234407424927e-01,-3.513989746570587158e-01,-5.766989290714263916e-02,-3.388003408908843994e-01,6.671190857887268066e-01,4.136844575405120850e-01,-2.251499891281127930e+00,-1.537857890129089355e+00,-2.542079985141754150e-01,-1.113542355597019196e-02,-2.090528607368469238e-01,-5.408709645271301270e-01
1.344214528799057007e-01,3.476883769035339355e-01,8.245441913604736328e-01,1.165454275906085968e-02,-3.759566694498062134e-02,-9.578105211257934570e-01,-2.846924662590026855e-01,2.237354218959808350e-01,1.108766272664070129e-01,6.957526206970214844e-01,2.091022282838821411e-01,-1.807985305786132812e-01,-7.764782011508941650e-02,-7.680673897266387939e-02,-3.808265924453735352e-01,-7.638747096061706543e-01,8.607013523578643799e-02,1.939085684716701508e-02,9.927534312009811401e-02,-7.131586968898773193e-02,3.131366148591041565e-02,-5.003762431442737579e-03,-1.229252934455871582e+00,9.567031860351562500e-01,-2.303912043571472168e-01,-3.938356935977935791e-01,-7.021973282098770142e-02,-3.480119705200195312e-01,6.735620498657226562e-01,5.262054204940795898e-01,-2.251499891281127930e+00,-1.678388595581054688e+00,-3.198598325252532959e-01,4.017763957381248474e-02,-2.372930049896240234e-01,-6.081338524818420410e-01
1.393577456474304199e-01,3.333673179149627686e-01,8.222343921661376953e-01,1.078370492905378342e-02,-2.877528779208660126e-02,-9.733534455299377441e-01,-2.272417396306991577e-01,1.855204999446868896e-01,1.299113929271697998e-01,6.697430014610290527e-01,2.222061604261398315e-01,-2.522118091583251953e-01,-3.037251904606819153e-02,-3.490974381566047668e-02,-4.021727442741394043e-01,-8.069899082183837891e-01,9.344471246004104614e-02,2.138516306877136230e-02,1.075434312224388123e-01,3.853790089488029480e-02,7.055703550577163696e-02,1.270449906587600708e-02,-1.260349035263061523e+00,8.083587884902954102e-01,-2.299765795469284058e-01,-3.956763744354248047e-01,-1.148213446140289307e-01,-3.255846500396728516e-01,6.521956324577331543e-01,8.529028296470642090e-01,-2.251499891281127930e+00,-1.999998688697814941e+00,-4.475292265415191650e-01,1.201992109417915344e-01,-2.745571136474609375e-01,-6.839584708213806152e-01
1.429067403078079224e-01,3.213926851749420166e-01,8.200387358665466309e-01,1.077229902148246765e-02,-2.619271166622638702e-02,-9.824051260948181152e-01,-1.846026182174682617e-01,1.582280099391937256e-01,1.216240450739860535e-01,6.437000632286071777e-01,2.211571335792541504e-01,-2.884106636047363281e-01,-1.363639347255229950e-02,-7.400349713861942291e-03,-4.153307676315307617e-01,-7.977366447448730469e-01,9.316008538007736206e-02,1.181393489241600037e-02,1.239352747797966003e-01,1.069406419992446899e-01,9.480541944503784180e-02,1.520030945539474487e-02,-1.274308681488037109e+00,7.308717370033264160e-01,-2.257236242294311523e-01,-3.983167707920074463e-01,-1.392616182565689087e-01,-3.191143274307250977e-01,6.656571626663208008e-01,8.825762271881103516e-01,-2.251499891281127930e+00,-2.000000000000000000e+00,-4.607671797275543213e-01,1.501512080430984497e-01,-2.882668375968933105e-01,-7.303940653800964355e-01
1.366830915212631226e-01,3.070491254329681396e-01,8.195061683654785156e-01,1.631173677742481232e-02,-2.152190543711185455e-02,-9.920770525932312012e-01,-1.226943433284759521e-01,1.202624440193176270e-01,1.146982610225677490e-01,6.063144803047180176e-01,2.253614813089370728e-01,-3.057712912559509277e-01,-1.727267634123563766e-03,3.223795443773269653e-02,-4.365070760250091553e-01,-7.688925862312316895e-01,1.079285517334938049e-01,2.291022799909114838e-02,1.573941707611083984e-01,1.907569020986557007e-01,1.479427367448806763e-01,2.393199130892753601e-02,-1.290265083312988281e+00,6.450340747833251953e-01,-2.087171077728271484e-01,-3.765915632247924805e-01,-1.760587096214294434e-01,-3.014816045761108398e-01,6.708874106407165527e-01,9.039132595062255859e-01,-2.251499891281127930e+00,-2.000000000000000000e+00,-4.595874845981597900e-01,1.559634506702423096e-01,-2.880856096744537354e-01,-7.791455984115600586e-01
1.265230476856231689e-01,2.971647679805755615e-01,8.202635049819946289e-01,2.741112932562828064e-02,-1.617318391799926758e-02,-9.985626339912414551e-01,-4.312470182776451111e-02,6.907445937395095825e-02,1.145665869116783142e-01,5.582893490791320801e-01,2.304731905460357666e-01,-3.056821227073669434e-01,3.438749816268682480e-03,7.954376190900802612e-02,-4.476168751716613770e-01,-7.397379279136657715e-01,1.340593397617340088e-01,3.317875415086746216e-02,1.865214407444000244e-01,2.738025784492492676e-01,2.157522290945053101e-01,2.657114341855049133e-02,-1.322814106941223145e+00,5.770447254180908203e-01,-1.926162540912628174e-01,-3.357039988040924072e-01,-2.431682199239730835e-01,-2.891021966934204102e-01,6.536160111427307129e-01,9.331941604614257812e-01,-2.251499891281127930e+00,-2.000000000000000000e+00,-4.657688438892364502e-01,1.613002568483352661e-01,-2.908225655555725098e-01,-7.951561808586120605e-01
1.135436296463012695e-01,2.863359749317169189e-01,8.216745853424072266e-01,1.917807199060916901e-02,-1.121555268764495850e-02,-9.986038208007812500e-01,4.792502149939537048e-02,5.810705572366714478e-02,1.005964353680610657e-01,4.529017508029937744e-01,2.400426864624023438e-01,-3.034027516841888428e-01,1.541540306061506271e-02,5.168208852410316467e-02,-3.863397240638732910e-01,-7.350358963012695312e-01,1.954509317874908447e-01,1.197506114840507507e-02,8.553044497966766357e-02,2.971639037132263184e-01,2.527331411838531494e-01,5.023476108908653259e-02,-1.349701642990112305e+00,5.213971734046936035e-01,-1.853076964616775513e-01,-2.738161683082580566e-01,-3.694635629653930664e-01,-3.145276904106140137e-01,5.864236950874328613e-01,9.406839013099670410e-01,-2.251499891281127930e+00,-2.000000000000000000e+00,-4.619321227073669434e-01,1.707711368799209595e-01,-2.869914472103118896e-01,-7.359490394592285156e-01
1.083094030618667603e-01,2.826929986476898193e-01,8.221598863601684570e-01,2.108122967183589935e-02,-6.049041170626878738e-03,-9.920234084129333496e-01,1.241314113140106201e-01,1.229446474462747574e-02,1.002305373549461365e-01,3.651924729347229004e-01,2.669731974601745605e-01,-2.881996929645538330e-01,2.169748768210411072e-02,5.092865228652954102e-02,-3.513026237487792969e-01,-6.508952379226684570e-01,2.810482382774353027e-01,-3.029637411236763000e-02,5.718592926859855652e-02,3.216369748115539551e-01,2.996982038021087646e-01,7.405112683773040771e-02,-1.377289414405822754e+00,5.205187201499938965e-01,-1.771227568387985229e-01,-2.021764218807220459e-01,-4.492086768150329590e-01,-3.109703361988067627e-01,5.439326763153076172e-01,9.348267912864685059e-01,-2.251499891281127930e+00,-2.000000000000000000e+00,-4.202916026115417480e-01,1.988654881715774536e-01,-2.969921827316284180e-01,-7.563069462776184082e-01
1.073934137821197510e-01,2.909820377826690674e-01,8.253676295280456543e-01,1.148250512778759003e-02,3.161698346957564354e-03,-9.796442985534667969e-01,2.003875672817230225e-01,-3.291130065917968750e-02,1.220270842313766479e-01,2.566034495830535889e-01,3.090305924415588379e-01,-2.601880431175231934e-01,3.560534492135047913e-02,1.815094798803329468e-02,-3.265093266963958740e-01,-5.603597164154052734e-01,4.827212691307067871e-01,-6.689229607582092285e-02,1.830185577273368835e-02,3.645802140235900879e-01,3.651213943958282471e-01,1.162502020597457886e-01,-1.364788174629211426e+00,5.352990627288818359e-01,-1.935375183820724487e-01,-1.320181638002395630e-01,-5.117512345314025879e-01,-2.977955341339111328e-01,4.518983066082000732e-01,9.633870720863342285e-01,-2.251499891281127930e+00,-2.000000000000000000e+00,-3.595739006996154785e-01,2.328222244977951050e-01,-3.290187120437622070e-01,-7.452917695045471191e-01
1.089560464024543762e-01,2.943443059921264648e-01,8.266564011573791504e-01,5.338340066373348236e-03,9.871271438896656036e-03,-9.678640961647033691e-01,2.512234151363372803e-01,-6.597729772329330444e-02,1.311198472976684570e-01,2.001696079969406128e-01,3.341725468635559082e-01,-2.438368201255798340e-01,4.082278534770011902e-02,-4.642851650714874268e-03,-3.029838800430297852e-01,-5.038239955902099609e-01,6.389195322990417480e-01,-7.973659783601760864e-02,1.157673913985490799e-02,3.863482177257537842e-01,4.050217270851135254e-01,1.364011615514755249e-01,-1.323079347610473633e+00,5.156720280647277832e-01,-1.979478597640991211e-01,-8.873757719993591309e-02,-5.129065513610839844e-01,-2.889240980148315430e-01,3.870200514793395996e-01,9.822741746902465820e-01,-2.251499891281127930e+00,-2.000000000000000000e+00,-2.949788570404052734e-01,2.348283827304840088e-01,-3.255579173564910889e-01,-7.212944626808166504e-01
1.125251352787017822e-01,2.939954698085784912e-01,8.281862139701843262e-01,1.042012218385934830e-02,7.526153232902288437e-03,-9.461573362350463867e-01,3.234517872333526611e-01,-1.074725836515426636e-01,8.854030817747116089e-02,1.300834268331527710e-01,3.146407008171081543e-01,-2.197613865137100220e-01,7.450404018163681030e-02,-1.110187694430351257e-01,-3.196762204170227051e-01,-3.881657719612121582e-01,1.019333600997924805e+00,-9.882955253124237061e-02,2.667136117815971375e-02,4.065599441528320312e-01,4.318137764930725098e-01,1.585366278886795044e-01,-1.188470482826232910e+00,4.293493330478668213e-01,-2.082528918981552124e-01,-5.252210795879364014e-02,-4.646646082401275635e-01,-2.556380927562713623e-01,3.168252110481262207e-01,1.015974164009094238e+00,-2.251499891281127930e+00,-2.000000000000000000e+00,-1.700161993503570557e-01,2.905156016349792480e-01,-3.191165328025817871e-01,-7.097347378730773926e-01
1.120423525571823120e-01,2.991632521152496338e-01,8.252105116844177246e-01,2.078528702259063721e-02,7.565218489617109299e-03,-9.259920716285705566e-01,3.768944144248962402e-01,-1.635369956493377686e-01,6.619007140398025513e-02,1.021650955080986023e-01,3.242287635803222656e-01,-2.125260233879089355e-01,1.099077835679054260e-01,-1.816134303808212280e-01,-3.505104482173919678e-01,-3.046559691429138184e-01,1.259766697883605957e+00,-1.175833716988563538e-01,5.749788135290145874e-02,4.118806123733520508e-01,4.365057945251464844e-01,1.650704592466354370e-01,-1.066099524497985840e+00,3.381550908088684082e-01,-2.307799160480499268e-01,-1.915797777473926544e-02,-4.303607940673828125e-01,-2.358059585094451904e-01,2.701767981052398682e-01,1.078030467033386230e+00,-2.251499891281127930e+00,-2.000000000000000000e+00,-1.037704423069953918e-01,3.620200157165527344e-01,-3.367729783058166504e-01,-6.750038266181945801e-01
1.119121015071868896e-01,3.097873628139495850e-01,8.238031864166259766e-01,5.070014670491218567e-02,1.418018527328968048e-02,-8.813121318817138672e-01,4.695927798748016357e-01,-2.893489301204681396e-01,-6.022350862622261047e-04,1.123716682195663452e-02,3.279109895229339600e-01,-1.618347316980361938e-01,1.535097211599349976e-01,-3.446998596191406250e-01,-3.929944634437561035e-01,-1.450427025556564331e-01,1.860917925834655762e+00,-2.575777769088745117e-01,1.069914102554321289e-01,3.894965946674346924e-01,4.538675844669342041e-01,2.973124086856842041e-01,-9.582839608192443848e-01,1.921152472496032715e-01,-2.688665091991424561e-01,-1.899717934429645538e-02,-4.336808323860168457e-01,-2.093133330345153809e-01,1.898566633462905884e-01,1.149000048637390137e+00,-2.251499891281127930e+00,-2.000000000000000000e+00,8.165818639099597931e-03,5.506690740585327148e-01,-2.992842495441436768e-01,-4.746347069740295410e-01
1.076889112591743469e-01,3.200945854187011719e-01,8.211152553558349609e-01,7.441361248493194580e-02,3.340920433402061462e-02,-8.527400493621826172e-01,5.159271359443664551e-01,-4.109517335891723633e-01,-2.088744193315505981e-02,-5.225669220089912415e-02,3.729649484157562256e-01,-1.512887328863143921e-01,1.467991769313812256e-01,-4.627482295036315918e-01,-3.941435813903808594e-01,-4.847358912229537964e-02,2.177944898605346680e+00,-2.800219953060150146e-01,1.392705142498016357e-01,3.979912698268890381e-01,4.691136777400970459e-01,4.371310472488403320e-01,-1.017141103744506836e+00,1.135168150067329407e-01,-2.957272827625274658e-01,-2.765652351081371307e-02,-5.230488181114196777e-01,-1.691505759954452515e-01,1.122702285647392273e-01,1.149000048637390137e+00,-2.251499891281127930e+00,-2.000000000000000000e+00,5.208143498748540878e-03,7.839883565902709961e-01,-2.213219404220581055e-01,-1.309358477592468262e-01
9.978006780147552490e-02,3.287453949451446533e-01,8.195367455482482910e-01,9.760370105504989624e-02,8.467809855937957764e-02,-8.244491219520568848e-01,5.509870648384094238e-01,-5.462569594383239746e-01,2.677913382649421692e-02,-9.011213481426239014e-02,3.776639699935913086e-01,-1.662389487028121948e-01,1.457066535949707031e-01,-6.079750061035156250e-01,-3.795530498027801514e-01,-1.303284708410501480e-02,2.347759723663330078e+00,-2.323297560214996338e-01,1.458327323198318481e-01,4.749021232128143311e-01,4.785960316658020020e-01,4.412885308265686035e-01,-1.085023164749145508e+00,4.973122850060462952e-02,-3.410414457321166992e-01,-1.851875148713588715e-02,-5.693798065185546875e-01,-1.296787708997726440e-01,2.680658735334873199e-02,1.149000048637390137e+00,-2.251499891281127930e+00,-1.958850741386413574e+00,3.853615745902061462e-02,9.863767027854919434e-01,-9.067633002996444702e-02,1.546360850334167480e-01
9.119596332311630249e-02,3.340485692024230957e-01,8.192767500877380371e-01,9.494602680206298828e-02,1.047416776418685913e-01,-8.115757107734680176e-01,5.668855905532836914e-01,-5.837277173995971680e-01,6.618069112300872803e-02,-9.875247627496719360e-02,3.855079412460327148e-01,-1.554284989833831787e-01,1.372951716184616089e-01,-6.755119562149047852e-01,-3.567137122154235840e-01,-1.126308180391788483e-02,2.387138128280639648e+00,-2.195210903882980347e-01,1.456616967916488647e-01,5.255081057548522949e-01,4.818966984748840332e-01,4.378213286399841309e-01,-1.077081322669982910e+00,3.424084186553955078e-02,-3.761133849620819092e-01,1.232504937797784805e-02,-6.089177131652832031e-01,-9.874702244997024536e-02,-9.685800410807132721e-03,1.149000048637390137e+00,-2.251499891281127930e+00,-1.920177102088928223e+00,7.949447631835937500e-02,1.031272530555725098e+00,-2.918568253517150879e-02,2.506313025951385498e-01
8.466035872697830200e-02,3.370505273342132568e-01,8.193525075912475586e-01,8.666753768920898438e-02,1.095321998000144958e-01,-7.934542298316955566e-01,5.923865437507629395e-01,-6.028730273246765137e-01,7.338228821754455566e-02,-9.840390831232070923e-02,4.089657962322235107e-01,-1.176136806607246399e-01,1.088322475552558899e-01,-7.499900460243225098e-01,-3.849625885486602783e-01,-1.365728210657835007e-03,2.344306945800781250e+00,-2.276085913181304932e-01,1.314145475625991821e-01,5.418363213539123535e-01,4.836034774780273438e-01,4.355563223361968994e-01,-1.056063294410705566e+00,3.585611656308174133e-02,-4.305882751941680908e-01,5.582506582140922546e-02,-6.991228461265563965e-01,-6.307226419448852539e-02,-3.414170444011688232e-02,1.149000048637390137e+00,-2.251499891281127930e+00,-1.920716762542724609e+00,1.297573149204254150e-01,1.062391996383666992e+00,2.049882430583238602e-03,2.883695363998413086e-01
7.660331577062606812e-02,3.352935612201690674e-01,8.193650245666503906e-01,7.471091300249099731e-02,1.038608253002166748e-01,-7.738142013549804688e-01,6.203570365905761719e-01,-5.822802186012268066e-01,7.639771699905395508e-02,-7.227877527475357056e-02,4.111210107803344727e-01,-8.779439330101013184e-02,8.291225880384445190e-02,-7.829061150550842285e-01,-4.416906833648681641e-01,6.343883578665554523e-04,2.102074384689331055e+00,-2.398425042629241943e-01,1.253139376640319824e-01,5.245115160942077637e-01,4.801471829414367676e-01,4.298699200153350830e-01,-1.012390613555908203e+00,4.630684480071067810e-02,-4.626379907131195068e-01,1.096289455890655518e-01,-7.630906701087951660e-01,-5.119952186942100525e-02,-2.000473998486995697e-02,1.149000048637390137e+00,-2.251499891281127930e+00,-1.895108580589294434e+00,1.814268827438354492e-01,1.110180377960205078e+00,3.381063789129257202e-02,3.070483803749084473e-01
6.594107300043106079e-02,3.292668759822845459e-01,8.251385092735290527e-01,6.889818608760833740e-02,8.258935064077377319e-02,-7.535635232925415039e-01,6.485167741775512695e-01,-5.278970599174499512e-01,5.450720340013504028e-02,-2.705593220889568329e-02,3.821856379508972168e-01,-1.558490190654993057e-02,3.962788358330726624e-02,-7.803740501403808594e-01,-5.331233739852905273e-01,-5.259008333086967468e-02,1.687546014785766602e+00,-1.641430705785751343e-01,1.142115592956542969e-01,4.671675562858581543e-01,4.729339480400085449e-01,4.337756037712097168e-01,-9.735946059226989746e-01,6.731016188859939575e-02,-4.694013893604278564e-01,1.708359569311141968e-01,-8.085541725158691406e-01,-6.273395568132400513e-02,1.417961530387401581e-02,1.149000048637390137e+00,-2.251499891281127930e+00,-1.840723872184753418e+00,2.640822231769561768e-01,1.183581113815307617e+00,8.800388872623443604e-02,3.017566502094268799e-01
5.610283836722373962e-02,3.244837820529937744e-01,8.279949426651000977e-01,8.118866384029388428e-02,6.128877028822898865e-02,-7.243045568466186523e-01,6.819347739219665527e-01,-3.878875672817230225e-01,1.392271965742111206e-01,2.986550889909267426e-02,2.960020005702972412e-01,9.402496740221977234e-03,-9.011859446763992310e-02,-7.009988427162170410e-01,-6.608084440231323242e-01,-1.504189223051071167e-01,1.123222470283508301e+00,2.945859916508197784e-02,1.639351844787597656e-01,3.585417270660400391e-01,4.585964381694793701e-01,4.372323453426361084e-01,-9.375369548797607422e-01,6.299739331007003784e-02,-4.638128578662872314e-01,2.067845612764358521e-01,-8.351822495460510254e-01,-8.769933879375457764e-02,2.763691358268260956e-02,1.149000048637390137e+00,-2.251499891281127930e+00,-1.777783989906311035e+00,2.562405765056610107e-01,1.196886897087097168e+00,9.628403931856155396e-02,2.899516522884368896e-01
3.486299887299537659e-02,3.161873817443847656e-01,8.288850784301757812e-01,7.954946905374526978e-02,1.908783242106437683e-02,-7.167564034461975098e-01,6.925083398818969727e-01,-3.041855990886688232e-01,1.418634951114654541e-01,1.149202287197113037e-01,2.899008095264434814e-01,3.647666424512863159e-02,-1.614010930061340332e-01,-5.213550329208374023e-01,-6.918064951896667480e-01,-2.308916598558425903e-01,5.760992169380187988e-01,2.255582809448242188e-01,2.550000548362731934e-01,2.748028635978698730e-01,4.384167492389678955e-01,4.391801953315734863e-01,-8.864414691925048828e-01,7.261808961629867554e-02,-4.840462505817413330e-01,2.647305428981781006e-01,-7.695809602737426758e-01,-1.305811703205108643e-01,6.612045317888259888e-02,1.149000048637390137e+00,-2.251499891281127930e+00,-1.702741265296936035e+00,1.322750002145767212e-01,1.144012689590454102e+00,4.875952377915382385e-02,2.776401340961456299e-01
9.480137377977371216e-03,3.110412657260894775e-01,8.277169466018676758e-01,8.015470206737518311e-02,-6.286803167313337326e-03,-7.063205242156982422e-01,7.033114433288574219e-01,-2.732245326042175293e-01,1.420968621969223022e-01,1.224471330642700195e-01,3.161940872669219971e-01,1.733909919857978821e-02,-1.858649551868438721e-01,-4.424929022789001465e-01,-6.830259561538696289e-01,-2.444317936897277832e-01,3.608312606811523438e-01,2.882359623908996582e-01,2.617999911308288574e-01,2.194887846708297729e-01,4.376969039440155029e-01,4.440008699893951416e-01,-8.547199964523315430e-01,4.062389582395553589e-02,-4.772864580154418945e-01,3.041664958000183105e-01,-7.316117286682128906e-01,-1.565412431955337524e-01,9.934056550264358521e-02,1.149000048637390137e+00,-2.251499891281127930e+00,-1.676748156547546387e+00,5.406257510185241699e-02,1.216423869132995605e+00,1.754424651153385639e-03,2.260016500949859619e-01
-1.225280016660690308e-02,3.052777349948883057e-01,8.238686919212341309e-01,9.350004047155380249e-02,-2.088725753128528595e-02,-6.870641112327575684e-01,7.202529907226562500e-01,-2.789963483810424805e-01,1.315041780471801758e-01,1.037003695964813232e-01,3.563941419124603271e-01,-3.358044847846031189e-02,-1.990979462862014771e-01,-4.044715464115142822e-01,-7.000143527984619141e-01,-1.779550462961196899e-01,2.417884469032287598e-01,2.615528404712677002e-01,2.617999911308288574e-01,1.602326333522796631e-01,4.483718872070312500e-01,4.515474736690521240e-01,-8.401485085487365723e-01,-1.206045690923929214e-02,-4.525352716445922852e-01,3.496706485748291016e-01,-6.863690018653869629e-01,-1.678041368722915649e-01,1.284436732530593872e-01,1.149000048637390137e+00,-2.251499891281127930e+00,-1.690453410148620605e+00,6.012945994734764099e-02,1.288889646530151367e+00,-6.439507007598876953e-03,1.486804187297821045e-01
-2.375684492290019989e-02,3.021993935108184814e-01,8.179377913475036621e-01,1.175708994269371033e-01,-2.505926042795181274e-02,-6.697387099266052246e-01,7.328022718429565430e-01,-3.046205043792724609e-01,1.055220142006874084e-01,9.181641042232513428e-02,3.854140341281890869e-01,-8.489040285348892212e-02,-1.878064870834350586e-01,-4.242187738418579102e-01,-7.657688856124877930e-01,-1.662660390138626099e-01,2.382465451955795288e-01,2.196201831102371216e-01,2.617999911308288574e-01,1.049890369176864624e-01,4.582198858261108398e-01,4.585140943527221680e-01,-8.595723509788513184e-01,-1.161516830325126648e-01,-4.172715246677398682e-01,4.141491353511810303e-01,-6.941542625427246094e-01,-1.566014289855957031e-01,1.315650492906570435e-01,1.149000048637390137e+00,-2.251499891281127930e+00,-1.714531302452087402e+00,1.051983237266540527e-01,1.445523381233215332e+00,7.732151076197624207e-03,8.973829448223114014e-02
-1.088566705584526062e-02,3.022632300853729248e-01,8.130234479904174805e-01,1.276449710130691528e-01,-2.023545652627944946e-02,-6.647606492042541504e-01,7.357925176620483398e-01,-3.191988766193389893e-01,8.915656805038452148e-02,4.606024175882339478e-02,3.939073979854583740e-01,-1.363824754953384399e-01,-1.879883557558059692e-01,-4.549797177314758301e-01,-7.949852943420410156e-01,-1.740209162235260010e-01,2.439753115177154541e-01,2.194431126117706299e-01,2.617999911308288574e-01,9.148426353931427002e-02,4.702453315258026123e-01,4.640522599220275879e-01,-8.791004419326782227e-01,-1.656998842954635620e-01,-4.383941590785980225e-01,4.360570013523101807e-01,-7.531766295433044434e-01,-1.362867057323455811e-01,9.248781204223632812e-02,1.149000048637390137e+00,-2.251499891281127930e+00,-1.745648741722106934e+00,5.099982395768165588e-02,1.539508581161499023e+00,-2.301845327019691467e-02,9.334819018840789795e-02
1.286573824472725391e-03,3.050397634506225586e-01,7.925680279731750488e-01,1.339913308620452881e-01,-1.331520080566406250e-02,-6.585206985473632812e-01,7.404184937477111816e-01,-3.463614881038665771e-01,7.708535343408584595e-02,2.268706448376178741e-02,3.928917050361633301e-01,-1.768570691347122192e-01,-1.817851066589355469e-01,-4.817448556423187256e-01,-8.124520778656005859e-01,-1.734255850315093994e-01,2.471175491809844971e-01,2.409394830465316772e-01,2.617999911308288574e-01,8.413161337375640869e-02,4.795910716056823730e-01,4.681640863418579102e-01,-8.969206213951110840e-01,-1.568555831909179688e-01,-4.771502912044525146e-01,4.444338977336883545e-01,-7.849987149238586426e-01,-1.173875853419303894e-01,4.285290092229843140e-02,1.149000048637390137e+00,-2.251499891281127930e+00,-1.770227670669555664e+00,-1.116282423026859760e-03,1.576078653335571289e+00,-8.421571552753448486e-02,9.415858983993530273e-02
8.023521862924098969e-03,3.043777942657470703e-01,7.814936041831970215e-01,1.438049674034118652e-01,-7.512475829571485519e-03,-6.496028304100036621e-01,7.465118169784545898e-01,-3.953052759170532227e-01,6.247882917523384094e-02,3.043812513351440430e-02,4.394257068634033203e-01,-2.234592884778976440e-01,-1.686557382345199585e-01,-4.981038868427276611e-01,-8.341869711875915527e-01,-1.718815565109252930e-01,2.456996887922286987e-01,2.564498186111450195e-01,2.617999911308288574e-01,7.887061685323715210e-02,4.805992245674133301e-01,4.708672165870666504e-01,-9.076171517372131348e-01,-1.328123956918716431e-01,-5.074225068092346191e-01,4.306014776229858398e-01,-8.116673827171325684e-01,-1.038657426834106445e-01,8.211511187255382538e-03,1.149000048637390137e+00,-2.251499891281127930e+00,-1.778465151786804199e+00,-3.358474001288414001e-02,1.587270855903625488e+00,-1.274824887514114380e-01,8.432683348655700684e-02
1.138643082231283188e-02,3.055426478385925293e-01,7.729639410972595215e-01,1.503219604492187500e-01,1.816034317016601562e-03,-6.429501771926879883e-01,7.510094046592712402e-01,-4.466477334499359131e-01,6.169823557138442993e-02,3.163153305649757385e-02,4.834427833557128906e-01,-2.608968019485473633e-01,-1.521013826131820679e-01,-5.259938240051269531e-01,-8.461859822273254395e-01,-1.672754436731338501e-01,2.602403461933135986e-01,2.406719624996185303e-01,2.617999911308288574e-01,7.918336987495422363e-02,4.812221825122833252e-01,4.728049635887145996e-01,-9.093350768089294434e-01,-1.070538461208343506e-01,-5.172904729843139648e-01,3.989823162555694580e-01,-8.303851485252380371e-01,-1.044424846768379211e-01,-1.408710703253746033e-02,1.149000048637390137e+00,-2.251499891281127930e+00,-1.782715678215026855e+00,-5.619039759039878845e-02,1.576231837272644043e+00,-1.596831977367401123e-01,7.267627120018005371e-02
1.705769635736942291e-02,3.054034113883972168e-01,7.639685273170471191e-01,1.564590185880661011e-01,1.335563231259584427e-02,-6.364530920982360840e-01,7.551620006561279297e-01,-5.057578086853027344e-01,6.213608011603355408e-02,3.245127573609352112e-02,5.412936806678771973e-01,-2.991343736648559570e-01,-1.363124698400497437e-01,-5.613668560981750488e-01,-8.587718009948730469e-01,-1.547349691390991211e-01,2.855200469493865967e-01,2.214577645063400269e-01,2.617999911308288574e-01,8.160991966724395752e-02,4.800534844398498535e-01,4.766765534877777100e-01,-9.137110710144042969e-01,-7.089352607727050781e-02,-5.245621800422668457e-01,3.493417501449584961e-01,-8.269903063774108887e-01,-1.212296038866043091e-01,-2.639224752783775330e-02,1.149000048637390137e+00,-2.251499891281127930e+00,-1.787424802780151367e+00,-7.979951053857803345e-02,1.557540059089660645e+00,-1.893893033266067505e-01,6.450983136892318726e-02
1.804475858807563782e-02,3.069802522659301758e-01,7.529326081275939941e-01,1.695003956556320190e-01,2.512002550065517426e-02,-6.284725069999694824e-01,7.587231993675231934e-01,-5.833591222763061523e-01,5.485896393656730652e-02,2.715332247316837311e-02,6.046401858329772949e-01,-3.247938752174377441e-01,-1.280264705419540405e-01,-6.227357387542724609e-01,-8.806844949722290039e-01,-1.258147954940795898e-01,3.209278583526611328e-01,1.728576570749282837e-01,2.617999911308288574e-01,8.348380774259567261e-02,4.755258858203887939e-01,4.803859591484069824e-01,-9.178414940834045410e-01,-3.438578546047210693e-02,-5.231593847274780273e-01,2.876905202865600586e-01,-8.108626008033752441e-01,-1.479843258857727051e-01,-2.321933954954147339e-02,1.149000048637390137e+00,-2.251499891281127930e+00,-1.794235587120056152e+00,-9.557808935642242432e-02,1.536184787750244141e+00,-2.167557179927825928e-01,4.884000495076179504e-02
1.855095103383064270e-02,3.068917989730834961e-01,7.407807111740112305e-01,1.785856038331985474e-01,3.529520705342292786e-02,-6.230120062828063965e-01,7.607347965240478516e-01,-6.491957306861877441e-01,5.588049814105033875e-02,2.243549004197120667e-02,6.699305772781372070e-01,-3.577585518360137939e-01,-1.281353086233139038e-01,-6.729713678359985352e-01,-8.940894007682800293e-01,-9.015711396932601929e-02,3.572143316268920898e-01,1.042159274220466614e-01,2.617999911308288574e-01,8.340801298618316650e-02,4.719060361385345459e-01,4.831197857856750488e-01,-9.223929643630981445e-01,6.432152818888425827e-03,-5.298680067062377930e-01,2.348933815956115723e-01,-7.768576741218566895e-01,-1.693369597196578979e-01,-1.500244531780481339e-02,1.149000048637390137e+00,-2.251499891281127930e+00,-1.793909907341003418e+00,-1.203543469309806824e-01,1.505514621734619141e+00,-2.336488962173461914e-01,3.582144156098365784e-02
1.415131706744432449e-02,3.019572198390960693e-01,7.264260053634643555e-01,1.957792639732360840e-01,3.969556093215942383e-02,-6.141956448554992676e-01,7.634516358375549316e-01,-7.187090516090393066e-01,4.496139660477638245e-02,2.650647982954978943e-02,7.450174093246459961e-01,-3.608960509300231934e-01,-1.337518841028213501e-01,-7.352988719940185547e-01,-9.340342879295349121e-01,-4.127856716513633728e-02,4.059417545795440674e-01,5.483980057761073112e-04,2.617999911308288574e-01,8.714733272790908813e-02,4.697954654693603516e-01,4.902781248092651367e-01,-9.177261590957641602e-01,5.191376432776451111e-02,-5.242316722869873047e-01,1.752121001482009888e-01,-7.517811059951782227e-01,-1.904954314231872559e-01,3.431341843679547310e-03,1.149000048637390137e+00,-2.251499891281127930e+00,-1.805278897285461426e+00,-1.343832165002822876e-01,1.476412296295166016e+00,-2.454026490449905396e-01,1.634148880839347839e-02
1.234157476574182510e-02,2.960767149925231934e-01,7.113453745841979980e-01,2.055707871913909912e-01,4.038274660706520081e-02,-6.079353094100952148e-01,7.658489346504211426e-01,-7.699530124664306641e-01,3.936013579368591309e-02,2.806186489760875702e-02,8.277232646942138672e-01,-3.964250683784484863e-01,-1.375628262758255005e-01,-7.862038016319274902e-01,-9.666748642921447754e-01,1.490332745015621185e-02,4.618020951747894287e-01,-1.078188419342041016e-01,2.617999911308288574e-01,7.798751443624496460e-02,4.674338400363922119e-01,4.945476055145263672e-01,-9.178885221481323242e-01,8.265014737844467163e-02,-5.364827513694763184e-01,1.248720809817314148e-01,-7.330185770988464355e-01,-2.034094631671905518e-01,1.889747567474842072e-02,1.149000048637390137e+00,-2.251499891281127930e+00,-1.813576817512512207e+00,-1.521654278039932251e-01,1.432251214981079102e+00,-2.514482736587524414e-01,-1.612383127212524414e-02
7.027310784906148911e-03,2.882910966873168945e-01,7.072703838348388672e-01,2.136807739734649658e-01,4.284841194748878479e-02,-6.036443710327148438e-01,7.668884992599487305e-01,-8.125698566436767578e-01,4.467803984880447388e-02,2.283933572471141815e-02,9.004405736923217773e-01,-4.405336976051330566e-01,-1.383744627237319946e-01,-8.428153395652770996e-01,-9.835799336433410645e-01,6.681375950574874878e-02,5.291817188262939453e-01,-2.303522378206253052e-01,2.391985058784484863e-01,6.811686605215072632e-02,4.685938358306884766e-01,4.990324974060058594e-01,-9.091992378234863281e-01,1.014778241515159607e-01,-5.471083521842956543e-01,9.193996340036392212e-02,-7.169745564460754395e-01,-2.111938744783401489e-01,3.949325531721115112e-02,1.149000048637390137e+00,-2.251499891281127930e+00,-1.823928117752075195e+00,-1.698347032070159912e-01,1.390046834945678711e+00,-2.546823024749755859e-01,-5.038593336939811707e-02
-2.240567700937390327e-03,2.817809581756591797e-01,7.023692131042480469e-01,2.207538187503814697e-01,4.217129573225975037e-02,-6.017014384269714355e-01,7.664493918418884277e-01,-8.557379841804504395e-01,5.671363696455955505e-02,1.860666275024414062e-02,9.811455607414245605e-01,-4.523628056049346924e-01,-1.596132665872573853e-01,-9.130294322967529297e-01,-9.843660593032836914e-01,1.450531780719757080e-01,6.117995381355285645e-01,-3.501199483871459961e-01,2.143689990043640137e-01,5.631516501307487488e-02,4.728444814682006836e-01,5.040333271026611328e-01,-8.955694437026977539e-01,1.303131729364395142e-01,-5.761790275573730469e-01,5.897069349884986877e-02,-7.196174263954162598e-01,-2.173201292753219604e-01,6.114005297422409058e-02,1.149000048637390137e+00,-2.251499891281127930e+00,-1.831903934478759766e+00,-1.825077980756759644e-01,1.367402076721191406e+00,-2.512944638729095459e-01,-9.419020265340805054e-02
-1.907068863511085510e-02,2.759496867656707764e-01,6.974053978919982910e-01,2.289005666971206665e-01,4.109537973999977112e-02,-6.021777987480163574e-01,7.637392282485961914e-01,-8.939027786254882812e-01,7.538940012454986572e-02,3.019929630681872368e-03,1.044817805290222168e+00,-4.392034411430358887e-01,-1.806848198175430298e-01,-1.010602593421936035e+00,-9.686441421508789062e-01,2.324263006448745728e-01,7.237008810043334961e-01,-4.754666984081268311e-01,1.827370673418045044e-01,4.754859581589698792e-02,4.822478592395782471e-01,5.091861486434936523e-01,-8.740582466125488281e-01,1.506142318248748779e-01,-5.975256562232971191e-01,3.704873844981193542e-02,-7.310996055603027344e-01,-2.237519770860671997e-01,9.659586101770401001e-02,1.149000048637390137e+00,-2.251499891281127930e+00,-1.845567345619201660e+00,-1.828681975603103638e-01,1.342399954795837402e+00,-2.377909719944000244e-01,-1.320078223943710327e-01
-3.703693673014640808e-02,2.732957303524017334e-01,6.907795667648315430e-01,2.401427924633026123e-01,4.478444904088973999e-02,-6.016512513160705566e-01,7.604877352714538574e-01,-9.394084811210632324e-01,9.695634990930557251e-02,-1.083294767886400223e-02,1.084304928779602051e+00,-4.169912934303283691e-01,-2.057745903730392456e-01,-1.131268620491027832e+00,-9.451166391372680664e-01,3.077487349510192871e-01,8.440909385681152344e-01,-5.737873911857604980e-01,1.536960601806640625e-01,5.552774295210838318e-02,4.979674518108367920e-01,5.140022635459899902e-01,-8.576999902725219727e-01,1.542216837406158447e-01,-6.137573122978210449e-01,4.640026763081550598e-02,-7.300609946250915527e-01,-2.297433316707611084e-01,1.440090835094451904e-01,1.149000048637390137e+00,-2.251499891281127930e+00,-1.865431547164916992e+00,-1.516356766223907471e-01,1.343142151832580566e+00,-2.207166105508804321e-01,-1.705818623304367065e-01
-4.265560209751129150e-02,2.743627727031707764e-01,6.783508658409118652e-01,2.396063357591629028e-01,5.180587247014045715e-02,-6.004920601844787598e-01,7.611269354820251465e-01,-9.705242514610290527e-01,1.165153905749320984e-01,-3.236080333590507507e-02,1.114558339118957520e+00,-4.530627727508544922e-01,-2.123550176620483398e-01,-1.207253694534301758e+00,-9.210075736045837402e-01,3.505841493606567383e-01,9.444561600685119629e-01,-6.009183526039123535e-01,1.326220333576202393e-01,6.473823636770248413e-02,5.152083039283752441e-01,5.168976783752441406e-01,-8.438693881034851074e-01,1.397444903850555420e-01,-5.903424620628356934e-01,6.498415768146514893e-02,-7.095158696174621582e-01,-2.367424368858337402e-01,1.752001345157623291e-01,1.149000048637390137e+00,-2.251499891281127930e+00,-1.893987298011779785e+00,-1.259682029485702515e-01,1.321015477180480957e+00,-2.077128589153289795e-01,-1.858430802822113037e-01
-4.251940175890922546e-02,2.772632837295532227e-01,6.671271324157714844e-01,2.395364046096801758e-01,6.009237468242645264e-02,-5.991578102111816406e-01,7.615911960601806641e-01,-9.996935725212097168e-01,1.298299133777618408e-01,-4.325709491968154907e-02,1.134755969047546387e+00,-4.983457624912261963e-01,-2.079351544380187988e-01,-1.267861485481262207e+00,-9.036656618118286133e-01,3.789155781269073486e-01,1.008922576904296875e+00,-5.947539210319519043e-01,1.252938657999038696e-01,9.600479155778884888e-02,5.199999809265136719e-01,5.160766839981079102e-01,-8.586557507514953613e-01,1.529225111007690430e-01,-6.001765131950378418e-01,6.341732293367385864e-02,-6.803915500640869141e-01,-2.389536947011947632e-01,1.775691509246826172e-01,1.149000048637390137e+00,-2.251499891281127930e+00,-1.927195310592651367e+00,-1.210432425141334534e-01,1.299332499504089355e+00,-2.102431803941726685e-01,-1.860336959362030029e-01
-4.231575876474380493e-02,2.769619226455688477e-01,6.604170799255371094e-01,2.439124435186386108e-01,7.334113121032714844e-02,-5.996452569961547852e-01,7.586523294448852539e-01,-1.031137704849243164e+00,1.566394567489624023e-01,-3.489620238542556763e-02,1.142659544944763184e+00,-5.166066288948059082e-01,-2.091735750436782837e-01,-1.313721179962158203e+00,-8.806173205375671387e-01,3.900378644466400146e-01,1.041372895240783691e+00,-5.831853747367858887e-01,1.204928010702133179e-01,1.337354332208633423e-01,5.199999809265136719e-01,5.121306777000427246e-01,-8.633872270584106445e-01,1.593274921178817749e-01,-6.139910817146301270e-01,4.927568510174751282e-02,-6.869144439697265625e-01,-2.401072233915328979e-01,1.773871779441833496e-01,1.149000048637390137e+00,-2.251499891281127930e+00,-1.958219528198242188e+00,-1.062392145395278931e-01,1.298216342926025391e+00,-2.089986503124237061e-01,-1.919755935668945312e-01
-3.816062957048416138e-02,2.813318967819213867e-01,6.558554172515869141e-01,2.425936311483383179e-01,8.585172891616821289e-02,-6.022409200668334961e-01,7.557008266448974609e-01,-1.059565305709838867e+00,1.801674515008926392e-01,-3.176408633589744568e-02,1.150872468948364258e+00,-5.329286456108093262e-01,-2.014442235231399536e-01,-1.339565038681030273e+00,-8.611074090003967285e-01,3.780781924724578857e-01,1.049927473068237305e+00,-5.439395904541015625e-01,1.207724586129188538e-01,1.782889515161514282e-01,5.199999809265136719e-01,5.076050758361816406e-01,-8.794932365417480469e-01,1.732983738183975220e-01,-6.327802538871765137e-01,2.225786074995994568e-02,-7.014309167861938477e-01,-2.406162470579147339e-01,1.677875816822052002e-01,1.149000048637390137e+00,-2.251499891281127930e+00,-1.981180071830749512e+00,-9.626852720975875854e-02,1.300577640533447266e+00,-2.067253440618515015e-01,-1.875149905681610107e-01
-3.383306041359901428e-02,2.838969826698303223e-01,6.548599600791931152e-01,2.390851825475692749e-01,9.376932680606842041e-02,-6.052998900413513184e-01,7.534306049346923828e-01,-1.068744778633117676e+00,2.005634307861328125e-01,-2.711257338523864746e-02,1.151752948760986328e+00,-5.540198683738708496e-01,-1.924123317003250122e-01,-1.336080789566040039e+00,-8.484696745872497559e-01,3.598364591598510742e-01,1.038750767707824707e+00,-5.229034423828125000e-01,1.243287399411201477e-01,1.997897028923034668e-01,5.199999809265136719e-01,5.061348080635070801e-01,-8.784788250923156738e-01,1.856922507286071777e-01,-6.395382881164550781e-01,7.624964695423841476e-03,-7.110959291458129883e-01,-2.406320273876190186e-01,1.681092232465744019e-01,1.149000048637390137e+00,-2.251499891281127930e+00,-1.983054041862487793e+00,-8.419276028871536255e-02,1.302059650421142578e+00,-2.050213962793350220e-01,-1.853582262992858887e-01
-2.731354348361492157e-02,2.883755564689636230e-01,6.560824513435363770e-01,2.317036390304565430e-01,9.967519342899322510e-02,-6.072902083396911621e-01,7.533770203590393066e-01,-1.066967129707336426e+00,2.199033647775650024e-01,-1.522049866616725922e-02,1.140185475349426270e+00,-5.941350460052490234e-01,-1.650702059268951416e-01,-1.311780333518981934e+00,-8.478319048881530762e-01,3.244270086288452148e-01,1.010758638381958008e+00,-4.994265437126159668e-01,1.376203000545501709e-01,2.113528996706008911e-01,5.199999809265136719e-01,5.049077272415161133e-01,-8.848678469657897949e-01,1.931683421134948730e-01,-6.505742669105529785e-01,-1.527021056972444057e-03,-7.069519758224487305e-01,-2.343658655881881714e-01,1.732082515954971313e-01,1.149000048637390137e+00,-2.251499891281127930e+00,-1.988513469696044922e+00,-6.009025126695632935e-02,1.278998732566833496e+00,-2.082269638776779175e-01,-1.879426389932632446e-01
-1.305149681866168976e-02,2.885298132896423340e-01,6.542132496833801270e-01,2.215369194746017456e-01,1.099560856819152832e-01,-6.091514229774475098e-01,7.535022497177124023e-01,-1.072559595108032227e+00,2.277710884809494019e-01,-1.920993067324161530e-02,1.152490973472595215e+00,-6.221745014190673828e-01,-1.358842849731445312e-01,-1.271514415740966797e+00,-8.535891771316528320e-01,2.733442485332489014e-01,9.732248187065124512e-01,-4.321705400943756104e-01,1.637410223484039307e-01,2.188994288444519043e-01,5.199999809265136719e-01,5.059008598327636719e-01,-9.007723331451416016e-01,1.760046184062957764e-01,-6.586800217628479004e-01,-5.897883325815200806e-03,-7.047030329704284668e-01,-2.283853441476821899e-01,1.718739867210388184e-01,1.149000048637390137e+00,-2.251499891281127930e+00,-1.985241293907165527e+00,-4.431264847517013550e-02,1.267726063728332520e+00,-2.008626610040664673e-01,-1.696474999189376831e-01
-2.704550279304385185e-03,2.806183993816375732e-01,6.536437869071960449e-01,2.136445790529251099e-01,1.247857660055160522e-01,-6.075105667114257812e-01,7.547949552536010742e-01,-1.073300361633300781e+00,2.374821752309799194e-01,-3.176839277148246765e-02,1.147310733795166016e+00,-6.377035975456237793e-01,-1.167963147163391113e-01,-1.214570403099060059e+00,-8.554861545562744141e-01,2.096174955368041992e-01,9.403582811355590820e-01,-3.790133595466613770e-01,1.823249161243438721e-01,2.146408408880233765e-01,5.108968615531921387e-01,5.093001127243041992e-01,-9.186808466911315918e-01,1.246548444032669067e-01,-6.356333494186401367e-01,1.112688891589641571e-02,-6.913239955902099609e-01,-2.211083620786666870e-01,1.715540587902069092e-01,1.149000048637390137e+00,-2.251499891281127930e+00,-1.966858029365539551e+00,-3.057702258229255676e-02,1.250043749809265137e+00,-1.718345582485198975e-01,-1.162695661187171936e-01
1.282265409827232361e-03,2.785565555095672607e-01,6.585515141487121582e-01,2.060703039169311523e-01,1.265924274921417236e-01,-6.090338230133056641e-01,7.553722262382507324e-01,-1.044572472572326660e+00,2.440479248762130737e-01,-2.697274275124073029e-02,1.113282561302185059e+00,-6.198924183845520020e-01,-1.081823110580444336e-01,-1.156770467758178711e+00,-8.525401949882507324e-01,1.595986187458038330e-01,8.995757699012756348e-01,-3.267684280872344971e-01,1.978792846202850342e-01,2.107054591178894043e-01,5.020169615745544434e-01,5.071121454238891602e-01,-9.395760893821716309e-01,8.606930822134017944e-02,-6.217615008354187012e-01,3.803814947605133057e-02,-6.896741986274719238e-01,-2.130803614854812622e-01,1.770879775285720825e-01,1.149000048637390137e+00,-2.251499891281127930e+00,-1.952763915061950684e+00,-2.495570480823516846e-02,1.253653645515441895e+00,-1.640050262212753296e-01,-7.976258546113967896e-02
4.029893316328525543e-03,2.727975845336914062e-01,6.668028831481933594e-01,1.995469927787780762e-01,1.238019019365310669e-01,-6.120088100433349609e-01,7.551816701889038086e-01,-9.853405356407165527e-01,2.490834742784500122e-01,-8.139910176396369934e-03,1.048426747322082520e+00,-5.788443088531494141e-01,-1.084718555212020874e-01,-1.081836581230163574e+00,-8.492910861968994141e-01,1.043213829398155212e-01,8.434997797012329102e-01,-2.583977282047271729e-01,2.181822955608367920e-01,2.054591923952102661e-01,4.917435944080352783e-01,5.026810765266418457e-01,-9.561520814895629883e-01,5.595849081873893738e-02,-6.089152097702026367e-01,6.975487619638442993e-02,-7.030224204063415527e-01,-2.052806764841079712e-01,1.835758537054061890e-01,1.149000048637390137e+00,-2.251499891281127930e+00,-1.929881572723388672e+00,-2.682177536189556122e-02,1.257858037948608398e+00,-1.659407019615173340e-01,-5.596252158284187317e-02
3.246877808123826981e-03,2.639124989509582520e-01,6.822280883789062500e-01,1.943686753511428833e-01,1.175704076886177063e-01,-6.158820986747741699e-01,7.543787360191345215e-01,-9.009160399436950684e-01,2.531069517135620117e-01,2.032635174691677094e-02,9.493231773376464844e-01,-4.985213279724121094e-01,-1.254783421754837036e-01,-9.892309904098510742e-01,-8.437865972518920898e-01,3.657653182744979858e-02,7.702537178993225098e-01,-1.798529624938964844e-01,2.396089881658554077e-01,2.009670883417129517e-01,4.802990257740020752e-01,4.953759312629699707e-01,-9.621056318283081055e-01,3.834266588091850281e-02,-5.910889506340026855e-01,1.084102392196655273e-01,-7.120177745819091797e-01,-1.973898559808731079e-01,1.840034276247024536e-01,1.149000048637390137e+00,-2.251499891281127930e+00,-1.886758565902709961e+00,-3.405274823307991028e-02,1.262146353721618652e+00,-1.649055033922195435e-01,-3.588345274329185486e-02
2.476729277987033129e-04,2.536126673221588135e-01,7.091132402420043945e-01,1.875140219926834106e-01,1.081722974777221680e-01,-6.203341484069824219e-01,7.538718581199645996e-01,-7.954481244087219238e-01,2.577063143253326416e-01,5.892030894756317139e-02,8.221120238304138184e-01,-3.804034292697906494e-01,-1.580803841352462769e-01,-8.829451799392700195e-01,-8.283346295356750488e-01,-3.143552690744400024e-02,6.889659762382507324e-01,-7.571546733379364014e-02,2.614718079566955566e-01,1.971700787544250488e-01,4.714267849922180176e-01,4.854592084884643555e-01,-9.519492387771606445e-01,3.248718008399009705e-02,-5.789381861686706543e-01,1.411298066377639771e-01,-7.270527482032775879e-01,-1.888592094182968140e-01,1.752377450466156006e-01,1.149000048637390137e+00,-2.251499891281127930e+00,-1.853045821189880371e+00,-6.359724700450897217e-02,1.274876356124877930e+00,-1.723430901765823364e-01,-2.420197799801826477e-02
-5.118819419294595718e-03,2.519231438636779785e-01,7.389932274818420410e-01,1.775987744331359863e-01,9.565415978431701660e-02,-6.274783611297607422e-01,7.520503997802734375e-01,-6.820748448371887207e-01,2.632199525833129883e-01,1.081575155258178711e-01,6.700605154037475586e-01,-2.269228696823120117e-01,-1.924175173044204712e-01,-7.810726165771484375e-01,-8.011276125907897949e-01,-1.140029504895210266e-01,5.915630459785461426e-01,5.697764828801155090e-02,2.617999911308288574e-01,2.125325500965118408e-01,4.698677062988281250e-01,4.731344282627105713e-01,-9.369918704032897949e-01,5.032154917716979980e-02,-5.772631168365478516e-01,1.685680747032165527e-01,-7.382332682609558105e-01,-1.842175424098968506e-01,1.633372902870178223e-01,1.149000048637390137e+00,-2.251499891281127930e+00,-1.820621967315673828e+00,-8.321500569581985474e-02,1.289431452751159668e+00,-1.816309690475463867e-01,-3.311158344149589539e-02
-1.301320455968379974e-02,2.475498020648956299e-01,7.694931030273437500e-01,1.663742214441299438e-01,8.379922807216644287e-02,-6.373999714851379395e-01,7.476754188537597656e-01,-5.639898180961608887e-01,2.799135148525238037e-01,1.745187938213348389e-01,5.138362646102905273e-01,-2.799179591238498688e-02,-2.295202612876892090e-01,-6.726543903350830078e-01,-7.393543124198913574e-01,-1.493026614189147949e-01,4.750307500362396240e-01,1.890543401241302490e-01,2.617999911308288574e-01,2.156885862350463867e-01,4.727692306041717529e-01,4.563495516777038574e-01,-8.997533917427062988e-01,8.379860967397689819e-02,-5.729185342788696289e-01,2.020690888166427612e-01,-7.484367489814758301e-01,-1.882131844758987427e-01,1.730621308088302612e-01,1.149000048637390137e+00,-2.251499891281127930e+00,-1.788981556892395020e+00,-6.296075135469436646e-02,1.288823485374450684e+00,-1.727023869752883911e-01,-8.260386437177658081e-02
-2.058348059654235840e-02,2.415559291839599609e-01,7.892071008682250977e-01,1.600109487771987915e-01,7.260680198669433594e-02,-6.463974714279174805e-01,7.424924373626708984e-01,-4.671957492828369141e-01,2.865630686283111572e-01,2.294077873229980469e-01,3.944217860698699951e-01,1.150230690836906433e-01,-2.426491230726242065e-01,-5.951272249221801758e-01,-7.080470919609069824e-01,-1.917499154806137085e-01,3.875972926616668701e-01,2.558779716491699219e-01,2.617999911308288574e-01,2.235336303710937500e-01,4.748538434505462646e-01,4.538811743259429932e-01,-8.780341744422912598e-01,8.963096886873245239e-02,-5.640047788619995117e-01,2.241516560316085815e-01,-7.524718642234802246e-01,-1.914991587400436401e-01,1.743229478597640991e-01,1.149000048637390137e+00,-2.251499891281127930e+00,-1.763375043869018555e+00,-3.957946226000785828e-02,1.308703660964965820e+00,-1.481414586305618286e-01,-1.005765870213508606e-01
-2.741428464651107788e-02,2.336502373218536377e-01,8.006939888000488281e-01,1.550835818052291870e-01,5.863767862319946289e-02,-6.526815295219421387e-01,7.392682433128356934e-01,-3.827062249183654785e-01,2.819373011589050293e-01,2.662369012832641602e-01,3.097809255123138428e-01,2.088418155908584595e-01,-2.552557289600372314e-01,-5.271791219711303711e-01,-6.944378614425659180e-01,-2.155059576034545898e-01,3.258657157421112061e-01,2.834017276763916016e-01,2.617999911308288574e-01,2.266060858964920044e-01,4.777543246746063232e-01,4.512034952640533447e-01,-8.743853569030761719e-01,8.699905872344970703e-02,-5.503570437431335449e-01,2.549878954887390137e-01,-7.381367087364196777e-01,-1.842751502990722656e-01,1.704515665769577026e-01,1.149000048637390137e+00,-2.251499891281127930e+00,-1.758144259452819824e+00,6.932030664756894112e-04,1.338469982147216797e+00,-1.136450991034507751e-01,-1.069661751389503479e-01
-3.325445950031280518e-02,2.246743589639663696e-01,8.063532710075378418e-01,1.527573466300964355e-01,4.262545704841613770e-02,-6.610370874404907227e-01,7.334018349647521973e-01,-2.910624146461486816e-01,2.768975496292114258e-01,3.325118422508239746e-01,2.304552793502807617e-01,2.421758770942687988e-01,-2.414585053920745850e-01,-4.747361242771148682e-01,-6.963295936584472656e-01,-2.275167107582092285e-01,2.798877060413360596e-01,2.862228453159332275e-01,2.617999911308288574e-01,2.163902372121810913e-01,4.796749651432037354e-01,4.436556398868560791e-01,-8.748788833618164062e-01,7.426871359348297119e-02,-5.412082076072692871e-01,3.081683516502380371e-01,-7.130925059318542480e-01,-1.716098934412002563e-01,1.729157567024230957e-01,1.149000048637390137e+00,-2.251499891281127930e+00,-1.751504778861999512e+00,5.598567053675651550e-02,1.347109556198120117e+00,-5.351254343986511230e-02,-1.105192005634307861e-01
-4.003023356199264526e-02,2.390192002058029175e-01,8.091145157814025879e-01,1.472139060497283936e-01,2.214184775948524475e-02,-6.628696918487548828e-01,7.337858080863952637e-01,-2.467866539955139160e-01,2.552812397480010986e-01,3.419976532459259033e-01,1.826964765787124634e-01,2.790810167789459229e-01,-2.317440062761306763e-01,-4.503987133502960205e-01,-7.020434737205505371e-01,-2.154594957828521729e-01,2.542225420475006104e-01,3.051797151565551758e-01,2.617999911308288574e-01,2.033803761005401611e-01,4.816523492336273193e-01,4.463027417659759521e-01,-8.832313418388366699e-01,3.312563896179199219e-02,-5.351315140724182129e-01,3.697430193424224854e-01,-6.887345314025878906e-01,-1.532371342182159424e-01,1.587433367967605591e-01,1.149000048637390137e+00,-2.251499891281127930e+00,-1.755105137825012207e+00,1.248141154646873474e-01,1.370081663131713867e+00,1.007746066898107529e-02,-9.536650776863098145e-02
-4.602397233247756958e-02,2.441479265689849854e-01,8.093834519386291504e-01,1.420924216508865356e-01,1.152499113231897354e-02,-6.682658791542053223e-01,7.301353812217712402e-01,-2.198584526777267456e-01,2.478664219379425049e-01,3.020100295543670654e-01,1.700147390365600586e-01,3.038358390331268311e-01,-2.411313056945800781e-01,-4.312653839588165283e-01,-6.969020962715148926e-01,-2.135027945041656494e-01,2.390778064727783203e-01,2.946439385414123535e-01,2.617999911308288574e-01,1.978357434272766113e-01,4.863764941692352295e-01,4.436787962913513184e-01,-8.694044947624206543e-01,9.150394238531589508e-03,-5.240539908409118652e-01,4.157695770263671875e-01,-6.791079640388488770e-01,-1.414435207843780518e-01,1.469767540693283081e-01,1.149000048637390137e+00,-2.251499891281127930e+00,-1.761601805686950684e+00,1.645096689462661743e-01,1.406360983848571777e+00,4.532411694526672363e-02,-7.946408540010452271e-02
-4.743187129497528076e-02,2.472864240407943726e-01,8.075464963912963867e-01,1.432608664035797119e-01,7.436898071318864822e-03,-6.656351089477539062e-01,7.323598265647888184e-01,-2.139204442501068115e-01,2.350069582462310791e-01,2.743903398513793945e-01,1.565006822347640991e-01,2.893182635307312012e-01,-2.394973039627075195e-01,-4.286294579505920410e-01,-7.052227258682250977e-01,-2.174791991710662842e-01,2.359729707241058350e-01,2.845686674118041992e-01,2.617999911308288574e-01,1.955277770757675171e-01,4.888705909252166748e-01,4.466177523136138916e-01,-8.685172200202941895e-01,-1.494388002902269363e-02,-5.235528945922851562e-01,4.270290434360504150e-01,-6.925539970397949219e-01,-1.393050253391265869e-01,1.306888312101364136e-01,1.149000048637390137e+00,-2.251499891281127930e+00,-1.779213905334472656e+00,1.748095899820327759e-01,1.442303419113159180e+00,5.706107988953590393e-02,-6.071249023079872131e-02
-4.441758245229721069e-02,2.505997419357299805e-01,8.031898140907287598e-01,1.512112319469451904e-01,8.092323318123817444e-03,-6.572927832603454590e-01,7.382654547691345215e-01,-2.353564649820327759e-01,2.102307528257369995e-01,2.389812171459197998e-01,1.543727368116378784e-01,2.448334693908691406e-01,-2.370092123746871948e-01,-4.551246464252471924e-01,-7.307067513465881348e-01,-2.186206579208374023e-01,2.535952329635620117e-01,2.762427628040313721e-01,2.617999911308288574e-01,1.935393512248992920e-01,4.892985820770263672e-01,4.518792033195495605e-01,-8.865950107574462891e-01,-2.256283350288867950e-02,-5.385818481445312500e-01,3.997512459754943848e-01,-7.397654652595520020e-01,-1.431505382061004639e-01,1.063568368554115295e-01,1.149000048637390137e+00,-2.251499891281127930e+00,-1.803848385810852051e+00,1.419664919376373291e-01,1.478638410568237305e+00,2.963437698781490326e-02,-3.596952185034751892e-02
-4.097530245780944824e-02,2.512167394161224365e-01,7.967062592506408691e-01,1.598158180713653564e-01,1.432408858090639114e-02,-6.481006741523742676e-01,7.444590330123901367e-01,-2.705891728401184082e-01,1.969670653343200684e-01,2.127969861030578613e-01,1.702470034360885620e-01,1.862864196300506592e-01,-2.259191125631332397e-01,-4.898824989795684814e-01,-7.537743449211120605e-01,-2.216348648071289062e-01,2.837220132350921631e-01,2.488608211278915405e-01,2.617999911308288574e-01,2.035668194293975830e-01,4.901470839977264404e-01,4.549029171466827393e-01,-9.008851051330566406e-01,-2.717256732285022736e-02,-5.521642565727233887e-01,3.429508507251739502e-01,-8.032729029655456543e-01,-1.464392095804214478e-01,7.979694008827209473e-02,1.149000048637390137e+00,-2.251499891281127930e+00,-1.840145707130432129e+00,9.543750435113906860e-02,1.517406821250915527e+00,-1.959263719618320465e-02,-2.493134140968322754e-02
-3.585570305585861206e-02,2.462979108095169067e-01,7.882670164108276367e-01,1.687496304512023926e-01,2.358122356235980988e-02,-6.406298875808715820e-01,7.487061023712158203e-01,-3.105792105197906494e-01,1.894722580909729004e-01,1.872734278440475464e-01,2.047968059778213501e-01,1.135344803333282471e-01,-2.121986895799636841e-01,-5.314920544624328613e-01,-7.756923437118530273e-01,-2.141071110963821411e-01,3.278118073940277100e-01,1.983075141906738281e-01,2.617999911308288574e-01,2.121462076902389526e-01,4.865862727165222168e-01,4.558106958866119385e-01,-9.181537032127380371e-01,-4.684532061219215393e-03,-5.629988312721252441e-01,2.652899622917175293e-01,-8.471231460571289062e-01,-1.467227190732955933e-01,5.025309696793556213e-02,1.149000048637390137e+00,-2.251499891281127930e+00,-1.871543288230895996e+00,4.623406752943992615e-02,1.501589894294738770e+00,-7.741282880306243896e-02,-2.465883456170558929e-02
-3.201766684651374817e-02,2.493175268173217773e-01,7.766984701156616211e-01,1.743938475847244263e-01,3.421565145254135132e-02,-6.331956982612609863e-01,7.533121705055236816e-01,-3.764751255512237549e-01,1.915371417999267578e-01,1.539665162563323975e-01,2.750544846057891846e-01,2.083183452486991882e-02,-1.915087848901748657e-01,-5.964213013648986816e-01,-7.936961054801940918e-01,-1.962256580591201782e-01,3.968872725963592529e-01,1.369546800851821899e-01,2.617999911308288574e-01,2.170418649911880493e-01,4.828632771968841553e-01,4.572127461433410645e-01,-9.338407516479492188e-01,2.537358179688453674e-02,-5.631377696990966797e-01,1.715096086263656616e-01,-8.889854550361633301e-01,-1.540365815162658691e-01,3.427766636013984680e-02,1.149000048637390137e+00,-2.251499891281127930e+00,-1.887148022651672363e+00,1.724682375788688660e-02,1.476154327392578125e+00,-1.166962981224060059e-01,-2.699044346809387207e-02
-2.902976423501968384e-02,2.516921758651733398e-01,7.621998786926269531e-01,1.751820296049118042e-01,4.400257393717765808e-02,-6.282509565353393555e-01,7.567534446716308594e-01,-4.507397413253784180e-01,2.111311554908752441e-01,1.399846524000167847e-01,3.845159113407135010e-01,-8.123357594013214111e-02,-1.673556566238403320e-01,-6.764459609985351562e-01,-8.145098686218261719e-01,-1.790700554847717285e-01,5.037173032760620117e-01,6.894689798355102539e-02,2.617999911308288574e-01,2.252145856618881226e-01,4.755951762199401855e-01,4.586234390735626221e-01,-9.484872817993164062e-01,4.289070144295692444e-02,-5.447652339935302734e-01,8.844394981861114502e-02,-9.391593933105468750e-01,-1.680230349302291870e-01,5.036551505327224731e-02,1.149000048637390137e+00,-2.251499891281127930e+00,-1.905827283859252930e+00,3.098318353295326233e-02,1.481796860694885254e+00,-1.204606369137763977e-01,-2.657132409512996674e-02
-3.066226840019226074e-02,2.501239478588104248e-01,7.468852996826171875e-01,1.788328438997268677e-01,5.225485563278198242e-02,-6.286832094192504883e-01,7.550137042999267578e-01,-5.090374350547790527e-01,2.384758293628692627e-01,1.448012888431549072e-01,4.776214063167572021e-01,-1.534213423728942871e-01,-1.551983058452606201e-01,-7.420477271080017090e-01,-8.251622915267944336e-01,-1.581764072179794312e-01,5.826821923255920410e-01,-2.869898825883865356e-02,2.617999911308288574e-01,2.304493039846420288e-01,4.683906435966491699e-01,4.597667753696441650e-01,-9.526180028915405273e-01,7.288292795419692993e-02,-5.485519170761108398e-01,4.475597292184829712e-02,-9.456713795661926270e-01,-1.770312786102294922e-01,6.686504185199737549e-02,1.149000048637390137e+00,-2.251499891281127930e+00,-1.909874320030212402e+00,4.973408207297325134e-02,1.483812689781188965e+00,-1.084183081984519958e-01,-2.851820178329944611e-02
-2.977333404123783112e-02,2.480768412351608276e-01,7.301303148269653320e-01,1.798947751522064209e-01,5.845044180750846863e-02,-6.278641223907470703e-01,7.549887895584106445e-01,-5.593646168708801270e-01,2.621593177318572998e-01,1.415716409683227539e-01,5.688063502311706543e-01,-2.476597130298614502e-01,-1.363934129476547241e-01,-7.942547798156738281e-01,-8.394356369972229004e-01,-1.315395087003707886e-01,6.566836833953857422e-01,-1.255002766847610474e-01,2.617999911308288574e-01,2.257957905530929565e-01,4.624323248863220215e-01,4.600503146648406982e-01,-9.604695439338684082e-01,9.496761858463287354e-02,-5.513453483581542969e-01,1.037082355469465256e-02,-9.346686601638793945e-01,-1.849417090415954590e-01,7.858531177043914795e-02,1.149000048637390137e+00,-2.251499891281127930e+00,-1.904680728912353516e+00,5.828599631786346436e-02,1.471342682838439941e+00,-9.722433239221572876e-02,-3.028426505625247955e-02
-3.137406706809997559e-02,2.427214235067367554e-01,7.213335037231445312e-01,1.820260286331176758e-01,6.144494563341140747e-02,-6.281068921089172363e-01,7.540376782417297363e-01,-6.024752855300903320e-01,2.866771817207336426e-01,1.405849009752273560e-01,6.619977951049804688e-01,-3.177293837070465088e-01,-1.326457411050796509e-01,-8.382146954536437988e-01,-8.558061718940734863e-01,-1.046888381242752075e-01,7.259722948074340820e-01,-2.324699014425277710e-01,2.617999911308288574e-01,2.157317101955413818e-01,4.566316008567810059e-01,4.633722603321075439e-01,-9.563511610031127930e-01,1.185205802321434021e-01,-5.578174591064453125e-01,-1.467899978160858154e-02,-9.231748580932617188e-01,-1.926649212837219238e-01,9.396430850028991699e-02,1.149000048637390137e+00,-2.251499891281127930e+00,-1.898632168769836426e+00,7.253282517194747925e-02,1.477908611297607422e+00,-8.107626438140869141e-02,-4.447793215513229370e-02
-3.096963092684745789e-02,2.375014573335647583e-01,7.131100893020629883e-01,1.830729991197586060e-01,6.256461888551712036e-02,-6.277779340744018555e-01,7.539660930633544922e-01,-6.453502774238586426e-01,3.050812482833862305e-01,1.273644566535949707e-01,7.634297013282775879e-01,-4.029245972633361816e-01,-1.193426176905632019e-01,-8.804494142532348633e-01,-8.767061829566955566e-01,-6.600574404001235962e-02,7.946889996528625488e-01,-3.426167070865631104e-01,2.612157166004180908e-01,2.018086612224578857e-01,4.533185958862304688e-01,4.679125249385833740e-01,-9.537888169288635254e-01,1.430849879980087280e-01,-5.639402866363525391e-01,-4.099526628851890564e-02,-8.972054719924926758e-01,-1.992453783750534058e-01,1.006925553083419800e-01,1.149000048637390137e+00,-2.251499891281127930e+00,-1.895867586135864258e+00,6.481150537729263306e-02,1.446150541305541992e+00,-7.864178717136383057e-02,-5.060497298836708069e-02
-3.100675344467163086e-02,2.395517975091934204e-01,7.035928964614868164e-01,1.798281222581863403e-01,6.138370186090469360e-02,-6.301446557044982910e-01,7.528689503669738770e-01,-6.995750665664672852e-01,3.255223333835601807e-01,1.006435230374336243e-01,8.848318457603454590e-01,-4.729792773723602295e-01,-1.128932163119316101e-01,-9.358336925506591797e-01,-8.801000118255615234e-01,-1.419423148036003113e-02,8.691743016242980957e-01,-4.322144091129302979e-01,2.439761161804199219e-01,1.950291544198989868e-01,4.517516195774078369e-01,4.731217622756958008e-01,-9.541794657707214355e-01,1.616354435682296753e-01,-5.734220743179321289e-01,-6.352839618921279907e-02,-8.849967718124389648e-01,-2.026143372058868408e-01,1.104443445801734924e-01,1.149000048637390137e+00,-2.251499891281127930e+00,-1.912668824195861816e+00,5.799917131662368774e-02,1.423858165740966797e+00,-8.625312149524688721e-02,-6.800965964794158936e-02
-3.092612139880657196e-02,2.448913305997848511e-01,6.914771795272827148e-01,1.760690957307815552e-01,6.222329288721084595e-02,-6.349988579750061035e-01,7.496027946472167969e-01,-7.636105418205261230e-01,3.482689261436462402e-01,6.640858948230743408e-02,1.009908199310302734e+00,-5.273903012275695801e-01,-1.102649495005607605e-01,-1.007108330726623535e+00,-8.677542805671691895e-01,4.908780381083488464e-02,9.464340806007385254e-01,-5.025361180305480957e-01,2.233755141496658325e-01,1.978998035192489624e-01,4.551225304603576660e-01,4.809919297695159912e-01,-9.576481580734252930e-01,1.692143380641937256e-01,-5.823499560356140137e-01,-7.236541062593460083e-02,-8.628036975860595703e-01,-2.117582559585571289e-01,1.324121206998825073e-01,1.149000048637390137e+00,-2.251499891281127930e+00,-1.942439079284667969e+00,8.062376081943511963e-02,1.402221560478210449e+00,-9.208431094884872437e-02,-9.527445584535598755e-02
-3.684085234999656677e-02,2.431988269090652466e-01,6.819711923599243164e-01,1.860831230878829956e-01,7.254708558320999146e-02,-6.436861157417297363e-01,7.387680411338806152e-01,-8.209210634231567383e-01,3.782508075237274170e-01,4.932010173797607422e-02,1.084727525711059570e+00,-5.595579147338867188e-01,-1.036077812314033508e-01,-1.110594391822814941e+00,-8.381025791168212891e-01,1.076969951391220093e-01,1.018593788146972656e+00,-5.750600099563598633e-01,2.062072604894638062e-01,2.089700549840927124e-01,4.655017852783203125e-01,4.859710335731506348e-01,-9.763745665550231934e-01,1.843243688344955444e-01,-6.011773943901062012e-01,-5.177720636129379272e-02,-8.069276213645935059e-01,-2.172625660896301270e-01,1.602845937013626099e-01,1.149000048637390137e+00,-2.251499891281127930e+00,-1.977189302444458008e+00,1.997780054807662964e-01,1.377888917922973633e+00,-2.894090861082077026e-02,-1.157530620694160461e-01
-3.972237184643745422e-02,2.451647967100143433e-01,6.812103390693664551e-01,1.990896016359329224e-01,8.224286139011383057e-02,-6.550298929214477539e-01,7.242480516433715820e-01,-8.414433598518371582e-01,4.065588414669036865e-01,7.820319384336471558e-02,1.088634610176086426e+00,-5.750285387039184570e-01,-7.678188383579254150e-02,-1.186278581619262695e+00,-8.030121326446533203e-01,1.329817324876785278e-01,1.025634765625000000e+00,-5.823372006416320801e-01,2.016253471374511719e-01,2.149399220943450928e-01,4.806541800498962402e-01,4.811679720878601074e-01,-9.717775583267211914e-01,1.652451306581497192e-01,-5.932738184928894043e-01,2.594344317913055420e-02,-7.243074178695678711e-01,-2.205216437578201294e-01,2.121168076992034912e-01,1.149000048637390137e+00,-2.251499891281127930e+00,-1.989770293235778809e+00,3.921370208263397217e-01,1.368623018264770508e+00,5.765901133418083191e-02,-1.303149312734603882e-01
-3.786581754684448242e-02,2.363708615303039551e-01,6.893244385719299316e-01,2.105980068445205688e-01,8.445470780134201050e-02,-6.656095385551452637e-01,7.109709978103637695e-01,-8.073278665542602539e-01,4.114374816417694092e-01,1.292048245668411255e-01,1.053981304168701172e+00,-5.330169796943664551e-01,-7.229605317115783691e-02,-1.184053182601928711e+00,-7.815747261047363281e-01,1.343713104724884033e-01,9.703880548477172852e-01,-5.499858260154724121e-01,2.105537652969360352e-01,2.117664515972137451e-01,4.889793694019317627e-01,4.764777719974517822e-01,-9.689199924468994141e-01,1.867118030786514282e-01,-6.078518629074096680e-01,8.175020664930343628e-02,-6.718522906303405762e-01,-2.193666547536849976e-01,2.302762120962142944e-01,1.149000048637390137e+00,-2.251499891281127930e+00,-1.986865997314453125e+00,4.999590814113616943e-01,1.351240873336791992e+00,1.150541529059410095e-01,-1.137423366308212280e-01
-2.846021391451358795e-02,2.090848237276077271e-01,7.074208259582519531e-01,2.300167828798294067e-01,8.167693018913269043e-02,-6.797616481781005859e-01,6.916251182556152344e-01,-7.214373350143432617e-01,3.671697974205017090e-01,1.968174278736114502e-01,9.640454053878784180e-01,-3.744292557239532471e-01,-1.012864708900451660e-01,-1.120850443840026855e+00,-7.835447192192077637e-01,1.042492389678955078e-01,8.224093914031982422e-01,-4.292926788330078125e-01,2.314017415046691895e-01,2.404683828353881836e-01,4.872746765613555908e-01,4.619047045707702637e-01,-9.597486257553100586e-01,2.005481719970703125e-01,-6.198777556419372559e-01,1.342269033193588257e-01,-6.482934951782226562e-01,-2.146815657615661621e-01,2.314864546060562134e-01,1.149000048637390137e+00,-2.251499891281127930e+00,-1.983675599098205566e+00,5.613984465599060059e-01,1.277435183525085449e+00,1.579437851905822754e-01,-5.331778898835182190e-02
-4.176054522395133972e-02,1.968212425708770752e-01,7.288293242454528809e-01,2.402844280004501343e-01,7.353477925062179565e-02,-7.062863111495971680e-01,6.618275046348571777e-01,-6.217970848083496094e-01,3.018981218338012695e-01,1.810999065637588501e-01,7.861837148666381836e-01,-6.192387267947196960e-02,-1.345917433500289917e-01,-1.031720399856567383e+00,-7.019168734550476074e-01,6.768369674682617188e-02,6.478596329689025879e-01,-1.648585647344589233e-01,2.617997229099273682e-01,2.886022627353668213e-01,4.917450547218322754e-01,4.468064904212951660e-01,-8.919663429260253906e-01,2.421140223741531372e-01,-5.994978547096252441e-01,1.350411921739578247e-01,-6.803676486015319824e-01,-2.191108167171478271e-01,2.050885111093521118e-01,1.149000048637390137e+00,-2.251499891281127930e+00,-1.956989407539367676e+00,5.813194513320922852e-01,1.168463110923767090e+00,1.815796196460723877e-01,1.832077465951442719e-02
-5.608188360929489136e-02,1.696257889270782471e-01,7.836013436317443848e-01,2.523095607757568359e-01,2.074853703379631042e-02,-7.235617041587829590e-01,6.421587467193603516e-01,-7.800896763801574707e-01,2.721438407897949219e-01,1.859656572341918945e-01,1.061497926712036133e+00,3.044346161186695099e-02,-1.106077879667282104e-01,-9.267483949661254883e-01,-7.682695388793945312e-01,2.145976386964321136e-02,4.799087941646575928e-01,2.232124060392379761e-01,2.610920369625091553e-01,2.509635984897613525e-01,4.691878557205200195e-01,4.651443362236022949e-01,-7.762259840965270996e-01,2.601554989814758301e-01,-5.543653964996337891e-01,9.692423790693283081e-02,-7.202380299568176270e-01,-2.195568978786468506e-01,1.757251173257827759e-01,1.149000048637390137e+00,-2.251499891281127930e+00,-1.849793553352355957e+00,6.073216199874877930e-01,1.043125987052917480e+00,1.869931668043136597e-01,1.024869382381439209e-01
-7.552826404571533203e-02,1.787213087081909180e-01,8.360246419906616211e-01,2.852728068828582764e-01,-9.242421016097068787e-03,-7.455773949623107910e-01,6.022029519081115723e-01,-1.038926243782043457e+00,2.390288710594177246e-01,1.890137493610382080e-01,1.519927263259887695e+00,2.539750374853610992e-02,-9.950350224971771240e-02,-8.428798317909240723e-01,-7.640312314033508301e-01,-7.383213937282562256e-02,4.970444440841674805e-01,3.618302941322326660e-01,2.617999911308288574e-01,2.595289051532745361e-01,4.452171325683593750e-01,4.740419685840606689e-01,-6.488649249076843262e-01,2.934004068374633789e-01,-4.515576362609863281e-01,-1.915816590189933777e-02,-8.235807418823242188e-01,-2.290029823780059814e-01,1.570859849452972412e-01,1.149000048637390137e+00,-2.251499891281127930e+00,-1.699150681495666504e+00,6.205335855484008789e-01,9.297578930854797363e-01,1.649797707796096802e-01,1.303291618824005127e-01
-8.707437664270401001e-02,1.619993597269058228e-01,8.635742664337158203e-01,2.877860367298126221e-01,-1.910324022173881531e-02,-7.572083473205566406e-01,5.860458612442016602e-01,-1.162685990333557129e+00,2.492279857397079468e-01,1.920201033353805542e-01,1.734078168869018555e+00,-2.628720551729202271e-02,-7.857412099838256836e-02,-8.068475127220153809e-01,-7.442420125007629395e-01,-9.263671934604644775e-02,5.529981851577758789e-01,4.072758555412292480e-01,2.617999911308288574e-01,2.386763542890548706e-01,4.401182532310485840e-01,4.764054417610168457e-01,-5.790218114852905273e-01,3.356970548629760742e-01,-3.650751709938049316e-01,-8.799348026514053345e-02,-8.543431162834167480e-01,-2.350748777389526367e-01,1.468561291694641113e-01,1.149000048637390137e+00,-2.251499891281127930e+00,-1.624076366424560547e+00,6.303642392158508301e-01,8.823326826095581055e-01,1.627692878246307373e-01,1.583994030952453613e-01
-9.387300163507461548e-02,1.507485359907150269e-01,8.835009932518005371e-01,2.829714417457580566e-01,-3.726284950971603394e-02,-7.676065564155578613e-01,5.738630294799804688e-01,-1.283895850181579590e+00,2.682697474956512451e-01,2.291649580001831055e-01,1.946497321128845215e+00,-1.124913543462753296e-01,-5.738554149866104126e-02,-7.513845562934875488e-01,-7.347608804702758789e-01,-1.329628825187683105e-01,6.033564209938049316e-01,4.017018079757690430e-01,2.617999911308288574e-01,2.113906741142272949e-01,4.341795146465301514e-01,4.812156558036804199e-01,-5.241254568099975586e-01,3.866237401962280273e-01,-2.692017853260040283e-01,-1.652510762214660645e-01,-8.796767592430114746e-01,-2.475098073482513428e-01,1.467518508434295654e-01,1.149000048637390137e+00,-2.235272169113159180e+00,-1.563655972480773926e+00,6.736806631088256836e-01,8.374268412590026855e-01,1.655809581279754639e-01,1.655665636062622070e-01
-9.958449751138687134e-02,1.433009058237075806e-01,8.915354013442993164e-01,2.697880566120147705e-01,-7.234134525060653687e-02,-7.738199234008789062e-01,5.684926509857177734e-01,-1.326872229576110840e+00,2.787892818450927734e-01,2.816208899021148682e-01,2.093218088150024414e+00,-1.616987138986587524e-01,-2.997881546616554260e-02,-6.488336324691772461e-01,-7.577318549156188965e-01,-1.468232870101928711e-01,5.972037315368652344e-01,3.924176692962646484e-01,2.617999911308288574e-01,1.694920659065246582e-01,4.314895570278167725e-01,4.857683479785919189e-01,-4.479253292083740234e-01,4.283062517642974854e-01,-2.049210965633392334e-01,-2.405785471200942993e-01,-8.746096491813659668e-01,-2.462076991796493530e-01,1.439010351896286011e-01,1.149000048637390137e+00,-2.092908859252929688e+00,-1.439145207405090332e+00,6.439222097396850586e-01,7.594620585441589355e-01,1.276467889547348022e-01,2.107124328613281250e-01
-1.018880456686019897e-01,1.381673067808151245e-01,8.884266018867492676e-01,2.192900031805038452e-01,-1.236744746565818787e-01,-7.893342375755310059e-01,5.599713921546936035e-01,-1.343860030174255371e+00,2.666576504707336426e-01,4.312582612037658691e-01,2.324759960174560547e+00,-1.752340495586395264e-01,-1.476958021521568298e-02,-4.256585240364074707e-01,-7.432616949081420898e-01,-1.776835173368453979e-01,4.984601438045501709e-01,2.836779952049255371e-01,2.617999911308288574e-01,1.678931564092636108e-01,4.329692423343658447e-01,4.905001223087310791e-01,-4.001661837100982666e-01,5.034593939781188965e-01,-1.912557184696197510e-01,-3.199993669986724854e-01,-9.149653315544128418e-01,-2.542050480842590332e-01,1.662172824144363403e-01,1.149000048637390137e+00,-1.871768474578857422e+00,-1.298213839530944824e+00,6.392009258270263672e-01,6.918354034423828125e-01,1.296213716268539429e-01,2.255887389183044434e-01
-1.101110577583312988e-01,1.153300777077674866e-01,8.747324347496032715e-01,1.527329534292221069e-01,-1.183700561523437500e-01,-8.202643990516662598e-01,5.383563041687011719e-01,-1.318036317825317383e+00,2.856481075286865234e-01,4.224886596202850342e-01,2.443851947784423828e+00,-3.454411625862121582e-01,-1.829389948397874832e-03,-1.616740673780441284e-01,-6.043334007263183594e-01,-2.833596467971801758e-01,3.231511116027832031e-01,1.418007016181945801e-01,2.617998123168945312e-01,4.247725307941436768e-01,2.932454347610473633e-01,3.247566223144531250e-01,-3.953505158424377441e-01,7.673386335372924805e-01,-2.342739552259445190e-01,-3.404693901538848877e-01,-8.718243241310119629e-01,-2.941602170467376709e-01,1.888266205787658691e-01,5.654501318931579590e-01,-1.200105905532836914e+00,-5.654543042182922363e-01,5.232468843460083008e-01,4.899854063987731934e-01,7.753892242908477783e-02,1.994739919900894165e-01
-1.189904212951660156e-01,1.132066473364830017e-01,8.687447905540466309e-01,1.308007538318634033e-01,-1.251259595155715942e-01,-8.536060452461242676e-01,4.884582161903381348e-01,-1.294132471084594727e+00,2.644104957580566406e-01,4.253719449043273926e-01,2.314954042434692383e+00,-3.280534148216247559e-01,-2.570191957056522369e-02,-1.018395870923995972e-01,-5.222427248954772949e-01,-2.795652449131011963e-01,2.404701113700866699e-01,8.494087308645248413e-02,2.311756908893585205e-01,4.296750128269195557e-01,-3.154538199305534363e-02,3.378263413906097412e-01,-3.869476914405822754e-01,1.291449069976806641e+00,-1.405005902051925659e-01,-2.733379304409027100e-01,-8.699449896812438965e-01,-3.643647432327270508e-01,2.553075850009918213e-01,-2.730072438716888428e-01,-5.700759887695312500e-01,1.931392252445220947e-01,1.029132485389709473e+00,2.792313992977142334e-01,2.249098941683769226e-02,-1.259126327931880951e-02
-1.288662403821945190e-01,9.785534441471099854e-02,8.669282197952270508e-01,1.261254698038101196e-01,-1.238868981599807739e-01,-8.740405440330505371e-01,4.525455534458160400e-01,-1.210967421531677246e+00,1.479567587375640869e-01,4.101406931877136230e-01,1.992727994918823242e+00,-3.077806532382965088e-01,-4.911418259143829346e-02,-7.519635558128356934e-02,-4.803453385829925537e-01,-2.906389236450195312e-01,2.041525393724441528e-01,6.295084208250045776e-02,2.131477594375610352e-01,4.702465832233428955e-01,-2.141416259109973907e-02,3.102409839630126953e-01,-3.892275691032409668e-01,1.307494759559631348e+00,-3.794425353407859802e-02,-2.088629752397537231e-01,-8.220732808113098145e-01,-3.810202777385711670e-01,2.592235207557678223e-01,-2.639036476612091064e-01,-5.644951462745666504e-01,2.020613700151443481e-01,1.108594298362731934e+00,2.685119211673736572e-01,3.306069970130920410e-02,2.738247439265251160e-02
-1.430297195911407471e-01,8.611748367547988892e-02,8.648077845573425293e-01,1.230382770299911499e-01,-1.167419180274009705e-01,-8.948119878768920898e-01,4.129702448844909668e-01,-1.105522990226745605e+00,5.449497699737548828e-02,3.952901661396026611e-01,1.681915640830993652e+00,-2.597228288650512695e-01,-7.038837671279907227e-02,-7.065117359161376953e-02,-4.459930956363677979e-01,-2.786287665367126465e-01,1.796183586120605469e-01,8.999393880367279053e-02,2.279175370931625366e-01,5.131196975708007812e-01,1.215882785618305206e-02,3.208683431148529053e-01,-3.460313975811004639e-01,1.295142889022827148e+00,8.116435259580612183e-02,-1.155796945095062256e-01,-7.686256766319274902e-01,-4.154693186283111572e-01,2.933713495731353760e-01,-2.530937790870666504e-01,-5.728808045387268066e-01,1.808108389377593994e-01,1.136669397354125977e+00,2.604708969593048096e-01,9.132618084549903870e-03,2.703850902616977692e-02
-1.576578021049499512e-01,7.481760531663894653e-02,8.611077666282653809e-01,1.152905449271202087e-01,-8.784843236207962036e-02,-9.247621297836303711e-01,3.518604040145874023e-01,-9.000710248947143555e-01,-6.312333792448043823e-02,3.088132143020629883e-01,1.163506507873535156e+00,-1.844229102134704590e-01,-9.393008798360824585e-02,-9.411477297544479370e-02,-3.881180882453918457e-01,-2.678825259208679199e-01,1.886556744575500488e-01,7.074708491563796997e-02,2.218661904335021973e-01,5.730378627777099609e-01,6.832803785800933838e-02,3.165547251701354980e-01,-2.864805161952972412e-01,1.274188399314880371e+00,2.386550158262252808e-01,1.848404668271541595e-02,-6.887270808219909668e-01,-4.408324956893920898e-01,3.478992283344268799e-01,-2.324348092079162598e-01,-5.834318995475769043e-01,1.480502486228942871e-01,1.132120847702026367e+00,2.283288389444351196e-01,-2.887005545198917389e-02,1.779321208596229553e-02
-1.687450557947158813e-01,6.708642095327377319e-02,8.488561511039733887e-01,1.008871421217918396e-01,-5.729853734374046326e-02,-9.503963589668273926e-01,2.885921299457550049e-01,-6.702389717102050781e-01,-1.218299642205238342e-01,1.953940987586975098e-01,7.216700315475463867e-01,-1.327932924032211304e-01,-7.213068753480911255e-02,-1.173139140009880066e-01,-3.051826059818267822e-01,-2.697594463825225830e-01,2.184337973594665527e-01,9.123539552092552185e-03,1.711452752351760864e-01,6.058377623558044434e-01,1.270778328180313110e-01,3.253134489059448242e-01,-1.866712272167205811e-01,1.231884479522705078e+00,4.522756040096282959e-01,1.551404297351837158e-01,-6.241543889045715332e-01,-4.753443300724029541e-01,4.357022941112518311e-01,-2.237443774938583374e-01,-6.096208095550537109e-01,1.221627071499824524e-01,1.085590481758117676e+00,2.022743076086044312e-01,-8.984617888927459717e-02,-7.099709939211606979e-03
-1.761432737112045288e-01,5.991880223155021667e-02,8.316193222999572754e-01,8.624833822250366211e-02,-3.262698277831077576e-02,-9.698340296745300293e-01,2.256516963243484497e-01,-5.255410671234130859e-01,-1.219105571508407593e-01,9.028746932744979858e-02,4.814784824848175049e-01,-1.473717093467712402e-01,-4.690849035978317261e-02,-1.466390937566757202e-01,-2.441679090261459351e-01,-2.655516266822814941e-01,2.793061137199401855e-01,-8.830524235963821411e-02,1.239218488335609436e-01,5.923634767532348633e-01,1.797337234020233154e-01,3.346178531646728516e-01,-7.492556422948837280e-02,1.211663961410522461e+00,6.164699792861938477e-01,2.843404710292816162e-01,-5.767027735710144043e-01,-4.646052420139312744e-01,4.892864525318145752e-01,-2.319501489400863647e-01,-6.338756680488586426e-01,9.876785427331924438e-02,1.025747179985046387e+00,2.074507921934127808e-01,-1.336840838193893433e-01,-5.258655920624732971e-02
-1.797100752592086792e-01,5.337377265095710754e-02,8.140318393707275391e-01,7.590352743864059448e-02,-1.690937019884586334e-02,-9.835728406906127930e-01,1.629024744033813477e-01,-4.447701871395111084e-01,-1.033346503973007202e-01,7.020459510385990143e-03,3.601752221584320068e-01,-1.804391294717788696e-01,-2.668299339711666107e-02,-1.681607067584991455e-01,-1.917040199041366577e-01,-2.108014971017837524e-01,3.078846335411071777e-01,-2.026439905166625977e-01,1.018657907843589783e-01,5.397827029228210449e-01,2.134250849485397339e-01,3.538985848426818848e-01,4.272650554776191711e-02,1.184809684753417969e+00,7.397676110267639160e-01,4.281159043312072754e-01,-5.351400971412658691e-01,-4.299832284450531006e-01,5.189735293388366699e-01,-2.529596388339996338e-01,-6.652683615684509277e-01,6.207434833049774170e-02,9.246359467506408691e-01,2.182746678590774536e-01,-1.682424396276473999e-01,-1.221510767936706543e-01
-1.794622093439102173e-01,4.489519447088241577e-02,8.033376932144165039e-01,6.718493252992630005e-02,-9.832968004047870636e-03,-9.935559034347534180e-01,9.075342863798141479e-02,-3.855344653129577637e-01,-8.518858999013900757e-02,-3.891155496239662170e-02,3.097633421421051025e-01,-2.028563916683197021e-01,-9.407560341060161591e-03,-1.847629547119140625e-01,-1.537901610136032104e-01,-1.395381242036819458e-01,2.997605204582214355e-01,-2.661883831024169922e-01,9.661387652158737183e-02,4.316245615482330322e-01,2.057012468576431274e-01,3.850023746490478516e-01,1.284673660993576050e-01,1.149191856384277344e+00,7.935127615928649902e-01,6.627293229103088379e-01,-5.709511637687683105e-01,-3.604100048542022705e-01,5.071807503700256348e-01,-2.524380981922149658e-01,-6.978074908256530762e-01,2.454530633985996246e-02,8.731949329376220703e-01,2.576772868633270264e-01,-1.972352117300033569e-01,-1.998015493154525757e-01
-1.805866211652755737e-01,3.577801957726478577e-02,8.020013570785522461e-01,6.129476055502891541e-02,-7.926893420517444611e-03,-9.968562722206115723e-01,4.957491904497146606e-02,-3.503819406032562256e-01,-6.055294722318649292e-02,-3.253300860524177551e-02,2.936666607856750488e-01,-2.132131159305572510e-01,1.737617421895265579e-03,-1.885862201452255249e-01,-1.428684145212173462e-01,-1.026944294571876526e-01,2.867686748504638672e-01,-2.594508230686187744e-01,1.089521273970603943e-01,3.342822492122650146e-01,1.668807268142700195e-01,4.010443389415740967e-01,1.445641517639160156e-01,1.123482704162597656e+00,7.860212326049804688e-01,8.183088302612304688e-01,-6.227978467941284180e-01,-3.044697344303131104e-01,4.470530152320861816e-01,-2.474564760923385620e-01,-7.172303795814514160e-01,-1.485302392393350601e-02,8.482655286788940430e-01,2.981330752372741699e-01,-2.013148218393325806e-01,-2.245598882436752319e-01
-1.862863749265670776e-01,4.136121645569801331e-02,8.080286979675292969e-01,3.764094412326812744e-02,-7.574262563139200211e-03,-9.988449215888977051e-01,-2.888870052993297577e-02,-1.879584342241287231e-01,4.399072844535112381e-03,6.768213957548141479e-02,1.761137843132019043e-01,-2.349656671285629272e-01,-5.372927058488130569e-03,-1.117876246571540833e-01,-9.056524932384490967e-02,-1.961903274059295654e-02,1.724094599485397339e-01,-2.095142751932144165e-01,1.544854938983917236e-01,1.000730469822883606e-01,6.202162057161331177e-02,3.911232352256774902e-01,1.222948953509330750e-01,1.092882394790649414e+00,6.023283004760742188e-01,1.124893069267272949e+00,-6.799299716949462891e-01,-1.333342045545578003e-01,2.128009796142578125e-01,-1.774027347564697266e-01,-8.090345859527587891e-01,-7.378610968589782715e-02,8.459251523017883301e-01,3.933443725109100342e-01,-1.732512861490249634e-01,-2.294859588146209717e-01
-1.857166886329650879e-01,3.345759212970733643e-02,8.086177110671997070e-01,2.468165196478366852e-02,-8.374211378395557404e-03,-9.979149103164672852e-01,-5.904647335410118103e-02,-1.355026364326477051e-01,1.998607628047466278e-02,1.339587271213531494e-01,1.547325104475021362e-01,-2.147367894649505615e-01,-2.528342604637145996e-02,-8.963885903358459473e-02,-9.691079705953598022e-02,-1.227651536464691162e-02,1.440381556749343872e-01,-1.737385094165802002e-01,1.587956398725509644e-01,1.133909565396606922e-03,5.025799851864576340e-03,3.734002113342285156e-01,4.481886327266693115e-02,1.101372241973876953e+00,4.825344979763031006e-01,1.197251915931701660e+00,-6.168918013572692871e-01,-1.024602428078651428e-01,1.373998671770095825e-01,-1.661491543054580688e-01,-8.829806447029113770e-01,-5.652864277362823486e-02,8.616162538528442383e-01,3.510871827602386475e-01,-1.368420571088790894e-01,-2.035107016563415527e-01
-1.853417903184890747e-01,2.705719135701656342e-02,8.099817633628845215e-01,1.163192745298147202e-02,-8.649249561131000519e-03,-9.956038594245910645e-01,-9.253545105457305908e-02,-8.866574615240097046e-02,2.762034535408020020e-02,2.032061368227005005e-01,1.431360095739364624e-01,-2.148533016443252563e-01,-2.629756368696689606e-02,-7.273472845554351807e-02,-9.787070751190185547e-02,1.949590444564819336e-02,1.236869096755981445e-01,-1.601913422346115112e-01,1.530882120132446289e-01,-1.324272602796554565e-01,-4.987576603889465332e-02,3.265245556831359863e-01,-6.043781340122222900e-02,1.087182998657226562e+00,3.632464408874511719e-01,1.249819636344909668e+00,-6.003410816192626953e-01,-9.034280478954315186e-02,9.738466888666152954e-02,-1.562498509883880615e-01,-9.631935954093933105e-01,-6.284474581480026245e-02,8.492429852485656738e-01,3.482482731342315674e-01,-1.292536258697509766e-01,-2.097036540508270264e-01
-1.880712658166885376e-01,2.602665126323699951e-02,8.151363134384155273e-01,-2.072580624371767044e-03,1.404500193893909454e-02,-9.903827309608459473e-01,-1.376242488622665405e-01,-8.471574634313583374e-03,9.617826342582702637e-02,3.127436041831970215e-01,1.073090285062789917e-01,-2.527520656585693359e-01,-5.982157588005065918e-02,-1.030372902750968933e-01,-1.433924287557601929e-01,5.980941280722618103e-02,1.029869988560676575e-01,-6.725724041461944580e-02,2.276541143655776978e-01,-3.088377714157104492e-01,-1.176818385720252991e-01,2.860977649688720703e-01,-2.867392599582672119e-01,1.111821174621582031e+00,1.133872121572494507e-01,1.338734269142150879e+00,-3.696627318859100342e-01,-1.144677177071571350e-01,6.738085299730300903e-02,-2.139812260866165161e-01,-1.219440698623657227e+00,4.203026741743087769e-02,9.372208714485168457e-01,1.582810580730438232e-01,-1.113634482026100159e-01,-1.004421412944793701e-01
-1.808129251003265381e-01,2.117501944303512573e-02,8.162813186645507812e-01,-3.259533084928989410e-03,2.125062979757785797e-02,-9.867994785308837891e-01,-1.605133414268493652e-01,-9.518488310277462006e-03,1.251907199621200562e-01,3.524458408355712891e-01,1.138470172882080078e-01,-2.395226508378982544e-01,-6.417249888181686401e-02,-1.365974098443984985e-01,-1.431372761726379395e-01,7.687327265739440918e-02,1.276611536741256714e-01,-4.558629542589187622e-02,2.342246472835540771e-01,-3.763354718685150146e-01,-1.411710232496261597e-01,2.737102806568145752e-01,-3.953898549079895020e-01,1.096028327941894531e+00,3.924542292952537537e-02,1.328207731246948242e+00,-3.512025475502014160e-01,-1.322894096374511719e-01,6.509671360254287720e-02,-2.480754852294921875e-01,-1.275843262672424316e+00,5.891092866659164429e-02,9.525755047798156738e-01,1.194522827863693237e-01,-1.102035939693450928e-01,-7.840726524591445923e-02
-1.836940795183181763e-01,1.812165044248104095e-02,8.176088929176330566e-01,-3.008416853845119476e-03,2.657845243811607361e-02,-9.825669527053833008e-01,-1.839748919010162354e-01,1.309624593704938889e-02,1.408011317253112793e-01,4.051411151885986328e-01,1.021498143672943115e-01,-2.443221211433410645e-01,-7.175262272357940674e-02,-1.407443284988403320e-01,-1.452162563800811768e-01,8.085615187883377075e-02,1.251733899116516113e-01,-3.967908769845962524e-02,2.436648011207580566e-01,-4.340189993381500244e-01,-1.503306776285171509e-01,2.397753000259399414e-01,-5.016585588455200195e-01,1.077612638473510742e+00,-5.186877027153968811e-02,1.305359959602355957e+00,-3.328148722648620605e-01,-1.486744433641433716e-01,6.528154015541076660e-02,-2.807866334915161133e-01,-1.333068251609802246e+00,7.518664002418518066e-02,9.679624438285827637e-01,8.837155252695083618e-02,-1.096517890691757202e-01,-4.762995615601539612e-02
-1.881704032421112061e-01,1.480085495859384537e-02,8.189994096755981445e-01,-1.754229422658681870e-03,3.366004675626754761e-02,-9.767251610755920410e-01,-2.118298709392547607e-01,3.990997001528739929e-02,1.597176790237426758e-01,4.655916392803192139e-01,8.750423043966293335e-02,-2.457416653633117676e-01,-7.935895025730133057e-02,-1.447770148515701294e-01,-1.446152180433273315e-01,8.525156229734420776e-02,1.195537224411964417e-01,-2.499445527791976929e-02,2.514322698116302490e-01,-4.973260760307312012e-01,-1.515327394008636475e-01,1.895939111709594727e-01,-6.620064377784729004e-01,1.041248321533203125e+00,-2.029113173484802246e-01,1.297619938850402832e+00,-2.692346870899200439e-01,-1.661280691623687744e-01,1.062041372060775757e-01,-3.272943794727325439e-01,-1.416951894760131836e+00,1.000255346298217773e-01,1.038305878639221191e+00,2.628747187554836273e-02,-1.062286943197250366e-01,-2.022297866642475128e-02
-1.895288228988647461e-01,9.650712832808494568e-03,8.196467161178588867e-01,-5.815200041979551315e-03,3.931985422968864441e-02,-9.709255099296569824e-01,-2.360589057207107544e-01,6.669493019580841064e-02,1.706072986125946045e-01,5.195141434669494629e-01,8.547095954418182373e-02,-2.520633637905120850e-01,-8.600800484418869019e-02,-1.473117917776107788e-01,-1.571082025766372681e-01,7.293750345706939697e-02,1.264348775148391724e-01,-2.339717932045459747e-02,2.594710290431976318e-01,-5.475963950157165527e-01,-1.482397168874740601e-01,1.507966369390487671e-01,-7.661121487617492676e-01,1.000560879707336426e+00,-3.038994669914245605e-01,1.267357945442199707e+00,-2.482593804597854614e-01,-1.844911128282546997e-01,1.190224885940551758e-01,-3.577421307563781738e-01,-1.467737913131713867e+00,1.107077449560165405e-01,1.067915320396423340e+00,1.004801969975233078e-02,-1.071155965328216553e-01,-1.279240008443593979e-02
-1.898888945579528809e-01,8.736092597246170044e-03,8.198738694190979004e-01,-8.079937659204006195e-03,4.315833002328872681e-02,-9.637811183929443359e-01,-2.630552351474761963e-01,9.286959469318389893e-02,1.838940978050231934e-01,5.772843956947326660e-01,8.007387816905975342e-02,-2.518461048603057861e-01,-9.488195180892944336e-02,-1.546511203050613403e-01,-1.656269580125808716e-01,4.877334833145141602e-02,1.276437193155288696e-01,-2.191818878054618835e-02,2.617968916893005371e-01,-5.862803459167480469e-01,-1.369564086198806763e-01,1.228962764143943787e-01,-8.664308190345764160e-01,9.418232440948486328e-01,-3.895337879657745361e-01,1.228082895278930664e+00,-2.381125986576080322e-01,-2.036146372556686401e-01,1.289870589971542358e-01,-3.892542421817779541e-01,-1.506399393081665039e+00,1.183955892920494080e-01,1.085380077362060547e+00,-4.595938604325056076e-03,-1.141751632094383240e-01,-1.618880778551101685e-02
-1.968064159154891968e-01,1.053566019982099533e-02,8.187091946601867676e-01,-8.537502028048038483e-03,4.475911334156990051e-02,-9.560652971267700195e-01,-2.895908653736114502e-01,1.241942271590232849e-01,1.896765679121017456e-01,6.349144577980041504e-01,7.487313449382781982e-02,-2.520570456981658936e-01,-1.007413119077682495e-01,-1.558252722024917603e-01,-1.766966581344604492e-01,2.088432572782039642e-02,1.216466352343559265e-01,-2.397068776190280914e-02,2.617400884628295898e-01,-6.222534179687500000e-01,-1.183337792754173279e-01,1.043577119708061218e-01,-9.566951394081115723e-01,8.650423884391784668e-01,-4.591029882431030273e-01,1.191557526588439941e+00,-2.305797636508941650e-01,-2.245942503213882446e-01,1.290023177862167358e-01,-4.134474098682403564e-01,-1.529732823371887207e+00,1.309460848569869995e-01,1.086239218711853027e+00,-1.806874945759773254e-02,-1.255019456148147583e-01,-3.509612055495381355e-03
-2.026943862438201904e-01,1.617385074496269226e-02,8.184980750083923340e-01,-8.919790387153625488e-03,4.288636893033981323e-02,-9.473202824592590332e-01,-3.172782361507415771e-01,1.533088833093643188e-01,1.918187886476516724e-01,6.851948499679565430e-01,7.449093461036682129e-02,-2.485540658235549927e-01,-1.043090075254440308e-01,-1.610713899135589600e-01,-1.851553916931152344e-01,-6.549546960741281509e-03,1.149063482880592346e-01,-3.425912931561470032e-02,2.616985440254211426e-01,-6.419344544410705566e-01,-9.308503568172454834e-02,9.815359115600585938e-02,-1.023618340492248535e+00,7.843381762504577637e-01,-5.081760287284851074e-01,1.159227490425109863e+00,-2.373174130916595459e-01,-2.391989529132843018e-01,1.229385882616043091e-01,-4.385522007942199707e-01,-1.528165459632873535e+00,1.376079618930816650e-01,1.079817652702331543e+00,-9.010386653244495392e-03,-1.359382867813110352e-01,2.627906855195760727e-03
-2.003390640020370483e-01,2.032185345888137817e-02,8.178573846817016602e-01,-1.203462854027748108e-02,4.022057726979255676e-02,-9.404409527778625488e-01,-3.373548984527587891e-01,1.731036156415939331e-01,1.919200271368026733e-01,7.194233536720275879e-01,7.135381549596786499e-02,-2.443312555551528931e-01,-1.054971143603324890e-01,-1.692774146795272827e-01,-1.941169947385787964e-01,-2.024977840483188629e-02,1.116268709301948547e-01,-3.550753742456436157e-02,2.615871429443359375e-01,-6.593421697616577148e-01,-6.762774288654327393e-02,9.961988776922225952e-02,-1.066936969757080078e+00,7.233930230140686035e-01,-5.426113605499267578e-01,1.143529891967773438e+00,-2.359573394060134888e-01,-2.436841428279876709e-01,1.167322546243667603e-01,-4.564192295074462891e-01,-1.525028705596923828e+00,1.446876078844070435e-01,1.071753978729248047e+00,-2.970201661810278893e-03,-1.400273442268371582e-01,-4.406849853694438934e-03
-1.983809322118759155e-01,2.935451269149780273e-02,8.174679279327392578e-01,-1.437283866107463837e-02,3.367032110691070557e-02,-9.308963418006896973e-01,-3.634442687034606934e-01,1.951963156461715698e-01,1.903180927038192749e-01,7.622592449188232422e-01,7.421389967203140259e-02,-2.365180999040603638e-01,-1.032778620719909668e-01,-1.779315918684005737e-01,-1.866957396268844604e-01,-4.866931587457656860e-02,1.018556877970695496e-01,-4.858097061514854431e-02,2.518221437931060791e-01,-6.843708753585815430e-01,-3.271160647273063660e-02,1.060866415500640869e-01,-1.092965841293334961e+00,6.397325396537780762e-01,-5.669805407524108887e-01,1.112257480621337891e+00,-2.291777580976486206e-01,-2.455503344535827637e-01,1.080881878733634949e-01,-4.678764343261718750e-01,-1.490742802619934082e+00,1.534637212753295898e-01,1.045681715011596680e+00,5.902222823351621628e-03,-1.420243680477142334e-01,-6.005694158375263214e-03
-2.033231854438781738e-01,3.906685486435890198e-02,8.175467848777770996e-01,-1.236403733491897583e-02,2.803250215947628021e-02,-9.215404987335205078e-01,-3.870715498924255371e-01,2.131943702697753906e-01,1.885103285312652588e-01,7.985844612121582031e-01,8.372526615858078003e-02,-2.278804928064346313e-01,-9.957633912563323975e-02,-1.895642429590225220e-01,-1.816863566637039185e-01,-7.694988697767257690e-02,1.029778569936752319e-01,-5.838108807802200317e-02,2.411702275276184082e-01,-7.085534930229187012e-01,3.405686700716614723e-03,1.244100853800773621e-01,-1.098785161972045898e+00,5.626776218414306641e-01,-5.994767546653747559e-01,1.077991127967834473e+00,-2.165402472019195557e-01,-2.431065440177917480e-01,9.036512672901153564e-02,-4.714832305908203125e-01,-1.442176580429077148e+00,1.655637025833129883e-01,1.012886524200439453e+00,2.170782536268234253e-02,-1.404092162847518921e-01,-1.109444536268711090e-02
-2.043139636516571045e-01,5.029524117708206177e-02,8.174179196357727051e-01,-9.428258985280990601e-03,2.263016812503337860e-02,-9.123736619949340820e-01,-4.086236059665679932e-01,2.266804724931716919e-01,1.915191411972045898e-01,8.286193013191223145e-01,9.053258597850799561e-02,-2.195074260234832764e-01,-9.588742256164550781e-02,-2.037892639636993408e-01,-1.702899485826492310e-01,-9.676126390695571899e-02,1.053605675697326660e-01,-6.512501835823059082e-02,2.263300865888595581e-01,-7.412706613540649414e-01,4.390449076890945435e-02,1.481220275163650513e-01,-1.098268032073974609e+00,4.841693043708801270e-01,-6.169765591621398926e-01,1.044554829597473145e+00,-2.024288773536682129e-01,-2.371580749750137329e-01,8.788719773292541504e-02,-4.669531583786010742e-01,-1.372374415397644043e+00,1.639025360345840454e-01,9.938066005706787109e-01,4.875686764717102051e-02,-1.330772638320922852e-01,-3.350371867418289185e-02
-1.987298876047134399e-01,5.854007974267005920e-02,8.170175552368164062e-01,-8.336720056831836700e-03,1.758203655481338501e-02,-9.038860797882080078e-01,-4.273304641246795654e-01,2.333016544580459595e-01,1.956687718629837036e-01,8.450884819030761719e-01,9.549763053655624390e-02,-2.099306136369705200e-01,-8.894093334674835205e-02,-2.222320288419723511e-01,-1.583405882120132446e-01,-1.190982460975646973e-01,1.116586327552795410e-01,-6.258765608072280884e-02,2.090762853622436523e-01,-7.679032683372497559e-01,8.196361362934112549e-02,1.822866499423980713e-01,-1.097171783447265625e+00,3.699117004871368408e-01,-6.354326009750366211e-01,1.032903432846069336e+00,-1.955084651708602905e-01,-2.212975323200225830e-01,8.155773580074310303e-02,-4.523197710514068604e-01,-1.261965274810791016e+00,1.641341149806976318e-01,9.688926339149475098e-01,9.476152062416076660e-02,-1.252648234367370605e-01,-4.370802640914916992e-02
-1.939580589532852173e-01,7.086663693189620972e-02,8.166986107826232910e-01,-3.106269752606749535e-03,1.104040630161762238e-02,-8.932102918624877930e-01,-4.494929015636444092e-01,2.381946295499801636e-01,2.030809521675109863e-01,8.566600084304809570e-01,9.692642837762832642e-02,-1.917588561773300171e-01,-8.148565143346786499e-02,-2.452891767024993896e-01,-1.397041827440261841e-01,-1.407678425312042236e-01,1.143283098936080933e-01,-6.335254758596420288e-02,1.863398700952529907e-01,-7.885359525680541992e-01,1.166544184088706970e-01,2.182982116937637329e-01,-1.093430042266845703e+00,2.541356980800628662e-01,-6.595184206962585449e-01,1.028095245361328125e+00,-1.851419359445571899e-01,-2.030473649501800537e-01,8.105313032865524292e-02,-4.165649712085723877e-01,-1.130917906761169434e+00,1.537073552608489990e-01,9.472481608390808105e-01,1.392804682254791260e-01,-1.142721548676490784e-01,-6.273165345191955566e-02
-1.918808668851852417e-01,8.059435337781906128e-02,8.154671788215637207e-01,6.330715405056253076e-05,7.838920690119266510e-03,-8.858484029769897461e-01,-4.639086127281188965e-01,2.468157559633255005e-01,2.064507156610488892e-01,8.625369071960449219e-01,9.896670281887054443e-02,-1.943459957838058472e-01,-8.108750730752944946e-02,-2.545794546604156494e-01,-1.268565505743026733e-01,-1.543933004140853882e-01,1.200916692614555359e-01,-7.298877090215682983e-02,1.711892336606979370e-01,-8.100021481513977051e-01,1.408940106630325317e-01,2.395532727241516113e-01,-1.084434866905212402e+00,1.829461455345153809e-01,-6.854337453842163086e-01,1.025783419609069824e+00,-1.658075749874114990e-01,-2.003553509712219238e-01,6.286809593439102173e-02,-3.805160224437713623e-01,-1.048220753669738770e+00,1.572987735271453857e-01,9.360457658767700195e-01,1.480152159929275513e-01,-1.132972761988639832e-01,-5.648977309465408325e-02
-1.916392296552658081e-01,8.794575929641723633e-02,8.143474459648132324e-01,3.981726244091987610e-03,3.029720624908804893e-03,-8.770967721939086914e-01,-4.802875816822052002e-01,2.526384890079498291e-01,2.048123329877853394e-01,8.706975579261779785e-01,9.983368217945098877e-02,-1.890137642621994019e-01,-8.008193969726562500e-02,-2.675912976264953613e-01,-1.201325878500938416e-01,-1.748213022947311401e-01,1.191015392541885376e-01,-7.290783524513244629e-02,1.659492403268814087e-01,-8.322023749351501465e-01,1.663518846035003662e-01,2.772333920001983643e-01,-1.065687894821166992e+00,6.297343969345092773e-02,-7.481768727302551270e-01,1.032798171043395996e+00,-1.364783197641372681e-01,-1.945616602897644043e-01,2.561753056943416595e-02,-3.375938236713409424e-01,-8.977199792861938477e-01,1.560216695070266724e-01,9.372042417526245117e-01,1.744341850280761719e-01,-1.083283945918083191e-01,-5.817749723792076111e-02
-1.924061626195907593e-01,9.623762220144271851e-02,8.128904104232788086e-01,8.329925127327442169e-03,-2.267145318910479546e-03,-8.645581603050231934e-01,-5.024585723876953125e-01,2.589305639266967773e-01,1.997136324644088745e-01,8.599936366081237793e-01,1.094035431742668152e-01,-1.850469559431076050e-01,-8.391257375478744507e-02,-2.829174399375915527e-01,-1.086597815155982971e-01,-1.937818229198455811e-01,1.216910481452941895e-01,-7.736921310424804688e-02,1.523366421461105347e-01,-8.652664422988891602e-01,1.842162013053894043e-01,3.308530151844024658e-01,-1.028275132179260254e+00,-8.245135098695755005e-02,-8.348823189735412598e-01,1.048970460891723633e+00,-8.564403653144836426e-02,-1.883155107498168945e-01,-2.973963879048824310e-02,-2.929359972476959229e-01,-6.990735530853271484e-01,2.013261467218399048e-01,9.539698958396911621e-01,1.940522193908691406e-01,-1.069401055574417114e-01,-4.909445345401763916e-02
-1.875701695680618286e-01,1.061046794056892395e-01,8.108830451965332031e-01,1.081245485693216324e-02,-3.860983531922101974e-03,-8.597468137741088867e-01,-5.105914473533630371e-01,2.628173828125000000e-01,2.094738185405731201e-01,8.308909535408020020e-01,1.138567179441452026e-01,-1.873353123664855957e-01,-7.796317338943481445e-02,-2.878836095333099365e-01,-9.395895153284072876e-02,-1.948191225528717041e-01,1.325148642063140869e-01,-9.566122293472290039e-02,1.351524442434310913e-01,-8.751985430717468262e-01,1.972321271896362305e-01,3.449046313762664795e-01,-9.991989135742187500e-01,-1.465033590793609619e-01,-9.131447076797485352e-01,1.045369863510131836e+00,-2.026166394352912903e-02,-1.995222568511962891e-01,-6.221287697553634644e-02,-2.469453960657119751e-01,-6.073231101036071777e-01,2.390415966510772705e-01,9.809727668762207031e-01,1.738508194684982300e-01,-1.086400002241134644e-01,-4.434159398078918457e-02
-1.892513632774353027e-01,1.169727221131324768e-01,8.094074726104736328e-01,1.510535832494497299e-02,-6.645610090345144272e-03,-8.533715009689331055e-01,-5.210419893264770508e-01,2.672415375709533691e-01,2.128652483224868774e-01,8.065397143363952637e-01,1.246045902371406555e-01,-1.815326362848281860e-01,-7.110888510942459106e-02,-2.918853163719177246e-01,-8.617417514324188232e-02,-2.008956968784332275e-01,1.415827572345733643e-01,-1.149401441216468811e-01,1.341576427221298218e-01,-8.855340480804443359e-01,2.056479603052139282e-01,3.758671879768371582e-01,-9.687535762786865234e-01,-2.175454348325729370e-01,-1.000808596611022949e+00,1.033437132835388184e+00,4.964407905936241150e-02,-2.089242488145828247e-01,-1.197477355599403381e-01,-1.824626028537750244e-01,-4.891424775123596191e-01,2.668919861316680908e-01,1.008077740669250488e+00,1.968005448579788208e-01,-1.180736869573593140e-01,-3.673766180872917175e-02
-1.845825463533401489e-01,1.301163882017135620e-01,8.086354136466979980e-01,1.793167553842067719e-02,-1.123744435608386993e-02,-8.487702608108520508e-01,-5.283381938934326172e-01,2.680397033691406250e-01,2.215165197849273682e-01,7.753220200538635254e-01,1.337113231420516968e-01,-1.630547791719436646e-01,-7.006619870662689209e-02,-2.971798777580261230e-01,-7.346422225236892700e-02,-1.838649958372116089e-01,1.546683907508850098e-01,-1.379684060811996460e-01,1.181152462959289551e-01,-8.848061561584472656e-01,2.116035521030426025e-01,3.901133537292480469e-01,-9.305261969566345215e-01,-2.414589822292327881e-01,-1.051805019378662109e+00,1.022991657257080078e+00,9.960591048002243042e-02,-2.180362641811370850e-01,-1.360189765691757202e-01,-1.287170201539993286e-01,-4.150977730751037598e-01,2.759138345718383789e-01,1.042079329490661621e+00,2.201611101627349854e-01,-1.294507682323455811e-01,-3.845224156975746155e-02
-1.798411160707473755e-01,1.412599384784698486e-01,8.082900643348693848e-01,2.099946886301040649e-02,-1.396835222840309143e-02,-8.490275144577026367e-01,-5.277463197708129883e-01,2.671065926551818848e-01,2.352029234170913696e-01,7.717800140380859375e-01,1.380449831485748291e-01,-1.511364132165908813e-01,-7.021164149045944214e-02,-2.912637591361999512e-01,-6.377199292182922363e-02,-1.715024411678314209e-01,1.520990282297134399e-01,-1.550381332635879517e-01,1.094509214162826538e-01,-8.836224079132080078e-01,2.226111590862274170e-01,3.900254368782043457e-01,-9.079493284225463867e-01,-2.509171962738037109e-01,-1.079907774925231934e+00,9.938941597938537598e-01,1.208683326840400696e-01,-2.293027043342590332e-01,-1.484797596931457520e-01,-8.533978462219238281e-02,-3.798309862613677979e-01,2.890441417694091797e-01,1.058465361595153809e+00,2.084521502256393433e-01,-1.292402595281600952e-01,-3.033919818699359894e-02
-1.801302731037139893e-01,1.479916274547576904e-01,8.090505599975585938e-01,2.062686346471309662e-02,-1.647999137639999390e-02,-8.491880297660827637e-01,-5.274302363395690918e-01,2.660574615001678467e-01,2.377197146415710449e-01,7.554419040679931641e-01,1.491398513317108154e-01,-1.284137070178985596e-01,-7.010515034198760986e-02,-2.810643911361694336e-01,-6.892820447683334351e-02,-1.716693043708801270e-01,1.484976112842559814e-01,-1.626610010862350464e-01,1.030098274350166321e-01,-8.608065247535705566e-01,2.270751893520355225e-01,3.849235773086547852e-01,-8.932808637619018555e-01,-2.354979962110519409e-01,-1.089793801307678223e+00,9.552159905433654785e-01,1.416876465082168579e-01,-2.373578250408172607e-01,-1.487519443035125732e-01,-3.595318272709846497e-02,-3.422375917434692383e-01,2.876522839069366455e-01,1.087974309921264648e+00,2.086282223463058472e-01,-1.261641830205917358e-01,-3.452093154191970825e-02
-1.784627735614776611e-01,1.486853808164596558e-01,8.097789883613586426e-01,1.692791655659675598e-02,-1.826002635061740875e-02,-8.522148132324218750e-01,-5.225992202758789062e-01,2.608081698417663574e-01,2.390891313552856445e-01,7.461390495300292969e-01,1.608448177576065063e-01,-1.203831657767295837e-01,-6.856526434421539307e-02,-2.672963440418243408e-01,-8.224149048328399658e-02,-1.810626089572906494e-01,1.375126242637634277e-01,-1.606453210115432739e-01,1.017101034522056580e-01,-8.264331817626953125e-01,2.265562415122985840e-01,3.680338859558105469e-01,-8.842703104019165039e-01,-2.170245945453643799e-01,-1.092347025871276855e+00,8.885021209716796875e-01,1.464918702840805054e-01,-2.524412274360656738e-01,-1.507559865713119507e-01,-8.618958527222275734e-04,-3.137547969818115234e-01,2.745844423770904541e-01,1.106693863868713379e+00,2.087906301021575928e-01,-1.255872100591659546e-01,-2.891892939805984497e-02
-1.779769212007522583e-01,1.512799710035324097e-01,8.105296492576599121e-01,1.345729082822799683e-02,-2.000565081834793091e-02,-8.547493219375610352e-01,-5.184807181358337402e-01,2.565612792968750000e-01,2.417337000370025635e-01,7.373208403587341309e-01,1.772080808877944946e-01,-1.063286811113357544e-01,-7.027439773082733154e-02,-2.519505023956298828e-01,-9.480779618024826050e-02,-1.917490810155868530e-01,1.289859861135482788e-01,-1.628489792346954346e-01,9.788339585065841675e-02,-7.950904965400695801e-01,2.198655158281326294e-01,3.542626500129699707e-01,-8.813762068748474121e-01,-1.986033916473388672e-01,-1.091008901596069336e+00,8.150106072425842285e-01,1.349635869264602661e-01,-2.654082179069519043e-01,-1.494511365890502930e-01,2.338658086955547333e-02,-2.988946735858917236e-01,2.715129554271697998e-01,1.115312457084655762e+00,1.983123123645782471e-01,-1.278796046972274780e-01,-2.824558876454830170e-02
-1.803636550903320312e-01,1.541453152894973755e-01,8.117676377296447754e-01,1.167207397520542145e-02,-2.086899057030677795e-02,-8.575096726417541504e-01,-5.139119029045104980e-01,2.547271549701690674e-01,2.399546802043914795e-01,7.185286283493041992e-01,1.840020120143890381e-01,-9.826598316431045532e-02,-8.749620616436004639e-02,-2.373122721910476685e-01,-1.072080135345458984e-01,-1.996656954288482666e-01,1.229313760995864868e-01,-1.670166552066802979e-01,9.798550605773925781e-02,-7.633411884307861328e-01,2.193172127008438110e-01,3.452390730381011963e-01,-8.735876083374023438e-01,-1.747744232416152954e-01,-1.085724472999572754e+00,7.510832548141479492e-01,1.212408021092414856e-01,-2.773937880992889404e-01,-1.466476023197174072e-01,3.661792352795600891e-02,-2.937462627887725830e-01,2.782566547393798828e-01,1.128237366676330566e+00,1.804999411106109619e-01,-1.257546544075012207e-01,-2.629602327942848206e-02
-1.788777112960815430e-01,1.538168042898178101e-01,8.129323720932006836e-01,7.931853644549846649e-03,-2.157075516879558563e-02,-8.594333529472351074e-01,-5.107309818267822266e-01,2.521933913230895996e-01,2.360744029283523560e-01,6.924051642417907715e-01,1.872797757387161255e-01,-1.025809049606323242e-01,-1.006064414978027344e-01,-2.260826081037521362e-01,-1.175048500299453735e-01,-2.087886929512023926e-01,1.164399906992912292e-01,-1.709363162517547607e-01,1.012443080544471741e-01,-7.142751812934875488e-01,2.154706418514251709e-01,3.293762505054473877e-01,-8.672180175781250000e-01,-1.322187334299087524e-01,-1.066690206527709961e+00,6.739122271537780762e-01,9.417651593685150146e-02,-2.895557284355163574e-01,-1.541887670755386353e-01,4.068799689412117004e-02,-2.991971075534820557e-01,2.946496903896331787e-01,1.118484139442443848e+00,1.609700471162796021e-01,-1.258204132318496704e-01,-6.474852096289396286e-03
